SQL> -- types
SQL> @@../otap_ddl/types/otap_session.sql
SQL> -- (C) 2024 Michael Lindenau licensed via https://www.gnu.org/licenses/agpl-3.0.txt
SQL> -- and https://toent.ch/licenses/AI_DISCLOSURE_LICENSE_V1
SQL> -- Not allowed to be used as AI training material without explicite permission.
SQL> -- basic object for current otap test data
SQL> CREATE OR REPLACE TYPE otap_session
  2    AS OBJECT
  3  	  -- provides the current data from a test session as stored in OTAP_TEST
  4  	  -- values may change during the session
  5  	  ( test_executor    VARCHAR2(128)
  6  	  , test_set	     VARCHAR2(256)
  7  	  , test_group	     VARCHAR2(256)
  8  	  , test_name	     VARCHAR2(256)
  9  	  , db_user	     VARCHAR2(128)
 10  	  , db_schema	     VARCHAR2(128)
 11  	  , test_prefix      VARCHAR2(4)
 12  	  , test_count	     INTEGER
 13  	  , intended_count   INTEGER
 14  	  , persist_test     BOOLEAN
 15  	  , name_precedence  BOOLEAN
 16  	  , include_packages BOOLEAN
 17  	  )
 18  ;
 19  /

Type created.

SQL> -- independent packages
SQL> @@../otap_ddl/packages/otap_constants.pks
SQL> -- (C) 2024 Michael Lindenau licensed via https://www.gnu.org/licenses/agpl-3.0.txt
SQL> -- and https://toent.ch/licenses/AI_DISCLOSURE_LICENSE_V1
SQL> -- Not allowed to be used as AI training material without explicite permission.
SQL> -- Basic package that provides the used constants of otap.
SQL> -- Requires a successful DBA setup and correct otap_setup_def.sql.
SQL> 
SQL> -- read setup configuration as written by DBA setup, path relative to setup caller
SQL> @@../setup/otap_setup_def.sql
SQL> -- generated by DBA setup, do not edit this file manually
SQL> -- (C) 2024 Michael Lindenau licensed via https://www.gnu.org/licenses/agpl-3.0.txt and https://toent.ch/licenses/AI_DISCLOSURE_LICENSE_V1
SQL> -- Not allowed to be used as AI training material without explicite permission.
SQL> 
SQL> DEFINE OTAP_USER="OTAP"
SQL> DEFINE OTAP_TABLESPACE="OTAP_TABLESPACE"
SQL> DEFINE OTAP_ROLE="OTAP_USER"
SQL> DEFINE ROLE_CREATOR="SYS"
SQL> CREATE OR REPLACE PACKAGE otap_constants
  2  AS
  3    /**
  4    * This package contains all constants needed by otap. Every constant can be accessed via PL/SQL or as a get function.
  5    * This package is available to the otap user role defined in otap_setup_def.sql.
  6    */
  7  
  8    /*====================================== start package constants used by otap ======================================*/
  9    -- we do not know the size of the setup configuration variable, this can be used as a string size attack, package will
 10    -- fail being created. otap can't handle this, must rely on Oracle (hard to believe). Nevertheless names currently
 11    -- (until Oracle 23i) are limited to 128 chars, if not using special UTF chars.
 12    OTAP_USER_ROLE		   CONSTANT VARCHAR2(256)  := '&OTAP_ROLE';
 13    OTAP_SCHEMA		   CONSTANT VARCHAR2(256)  := '&OTAP_USER';
 14    OTAP_TABLESPACE		   CONSTANT VARCHAR2(256)  := '&OTAP_TABLESPACE';
 15    OTAP_NUM_TRUE		   CONSTANT INTEGER	   := 1;
 16    OTAP_NUM_FALSE		   CONSTANT INTEGER	   := 0;
 17    OTAP_CHAR_TRUE		   CONSTANT CHAR(4)	   := 'true';
 18    OTAP_CHAR_FALSE		   CONSTANT CHAR(5)	   := 'false';
 19    OTAP_CHAR_TRUE_YES	   CONSTANT CHAR(3)	   := 'Yes';
 20    OTAP_CHAR_FALSE_NO	   CONSTANT CHAR(2)	   := 'No';
 21    OTAP_NUM_TEST_PASSED	   CONSTANT INTEGER	   := 1;
 22    OTAP_NUM_TEST_FAILED	   CONSTANT INTEGER	   := -1;
 23    OTAP_NUM_TEST_UNDEFINED	   CONSTANT INTEGER	   := 0;
 24    OTAP_CHAR_TEST_PASSED	   CONSTANT CHAR(6)	   := 'Passed';
 25    OTAP_CHAR_TEST_FAILED	   CONSTANT CHAR(6)	   := 'Failed';
 26    OTAP_CHAR_TEST_UNDEFINED    CONSTANT CHAR(9)	   := 'Undefined';
 27    OTAP_LF			   CONSTANT CHAR(1)	   := CHR(10);
 28    OTAP_CFG_DEBUG_MODE	   CONSTANT CHAR(10)	   := 'DEBUG_MODE';
 29    OTAP_CFG_PRESERVE_DAYS	   CONSTANT CHAR(13)	   := 'PRESERVE_DAYS';
 30    OTAP_CFG_DELETE_DELAY	   CONSTANT CHAR(12)	   := 'DELETE_DELAY';
 31    OTAP_CFG_DELETE_BATCH_SIZE  CONSTANT CHAR(17)	   := 'DELETE_BATCH_SIZE';
 32    OTAP_DEFAULT_PREFIX	   CONSTANT CHAR(4)	   := 'TEST';
 33    -- default name delimiter, $ and # are not recommended by Oracle and therefore not used
 34    OTAP_DEFAULT_DELIMITER	   CONSTANT CHAR(1)	   := '_';
 35    OTAP_DEFAULT_TEST_SET	   CONSTANT CHAR(21)	   := 'otap GENERIC test set';
 36    OTAP_DEFAULT_TEST_GROUP	   CONSTANT CHAR(23)	   := 'otap DEFAULT test group';
 37    OTAP_DEFAULT_TEST_NAME	   CONSTANT CHAR(14)	   := 'Anonymous test';
 38    /*====================================== end package constants used by otap ======================================*/
 39  
 40    /*====================================== start package constant get functions ======================================*/
 41    -- @return otap_constants.OTAP_USER_ROLE
 42    FUNCTION get_otap_user_role
 43  	 RETURN VARCHAR2
 44  	 DETERMINISTIC
 45  	 PARALLEL_ENABLE
 46    ;
 47    -- @return otap_constants.OTAP_SCHEMA
 48    FUNCTION get_otap_schema
 49  	 RETURN VARCHAR2
 50  	 DETERMINISTIC
 51  	 PARALLEL_ENABLE
 52    ;
 53    -- @return otap_constants.OTAP_TABLESPACE
 54    FUNCTION get_otap_tablespace
 55  	 RETURN VARCHAR2
 56  	 DETERMINISTIC
 57  	 PARALLEL_ENABLE
 58    ;
 59    -- @return otap_constants.OTAP_NUM_TRUE
 60    FUNCTION get_otap_num_true
 61  	 RETURN NUMBER
 62  	 DETERMINISTIC
 63  	 PARALLEL_ENABLE
 64    ;
 65    -- @return otap_constants.OTAP_NUM_FALSE
 66    FUNCTION get_otap_num_false
 67  	 RETURN NUMBER
 68  	 DETERMINISTIC
 69  	 PARALLEL_ENABLE
 70    ;
 71    -- @return otap_constants.OTAP_CHAR_TRUE
 72    FUNCTION get_otap_char_true
 73  	 RETURN VARCHAR2
 74  	 DETERMINISTIC
 75  	 PARALLEL_ENABLE
 76    ;
 77    -- @return otap_constants.OTAP_CHAR_FALSE
 78    FUNCTION get_otap_char_false
 79  	 RETURN VARCHAR2
 80  	 DETERMINISTIC
 81  	 PARALLEL_ENABLE
 82    ;
 83    -- @return otap_constants.OTAP_CHAR_TRUE_YES
 84    FUNCTION get_otap_true_yes
 85  	 RETURN VARCHAR2
 86  	 DETERMINISTIC
 87  	 PARALLEL_ENABLE
 88    ;
 89    -- @return otap_constants.OTAP_CHAR_FALSE_NO
 90    FUNCTION get_otap_false_no
 91  	 RETURN VARCHAR2
 92  	 DETERMINISTIC
 93  	 PARALLEL_ENABLE
 94    ;
 95    -- @return otap_constants.OTAP_NUM_TEST_PASSED
 96    FUNCTION get_otap_id_test_passed
 97  	 RETURN VARCHAR2
 98  	 DETERMINISTIC
 99  	 PARALLEL_ENABLE
100    ;
101    -- @return otap_constants.OTAP_NUM_TEST_FAILED
102    FUNCTION get_otap_id_test_failed
103  	 RETURN VARCHAR2
104  	 DETERMINISTIC
105  	 PARALLEL_ENABLE
106    ;
107    -- @return otap_constants.OTAP_NUM_TEST_UNDEFINED
108    FUNCTION get_otap_id_test_undefined
109  	 RETURN VARCHAR2
110  	 DETERMINISTIC
111  	 PARALLEL_ENABLE
112    ;
113    -- @return otap_constants.OTAP_CHAR_TEST_PASSED
114    FUNCTION get_otap_char_test_passed
115  	 RETURN VARCHAR2
116  	 DETERMINISTIC
117  	 PARALLEL_ENABLE
118    ;
119    -- @return otap_constants.OTAP_CHAR_TEST_FAILED
120    FUNCTION get_otap_char_test_failed
121  	 RETURN VARCHAR2
122  	 DETERMINISTIC
123  	 PARALLEL_ENABLE
124    ;
125    -- @return otap_constants.OTAP_CHAR_TEST_UNDEFINED
126    FUNCTION get_otap_char_test_undefined
127  	 RETURN VARCHAR2
128  	 DETERMINISTIC
129  	 PARALLEL_ENABLE
130    ;
131    -- @return otap_constants.OTAP_LF
132    FUNCTION get_otap_lf
133  	 RETURN VARCHAR2
134  	 DETERMINISTIC
135  	 PARALLEL_ENABLE
136    ;
137    -- @return otap_constants.OTAP_CFG_DEBUG_MODE
138    FUNCTION get_otap_cfg_debug_mode
139  	 RETURN VARCHAR2
140  	 DETERMINISTIC
141  	 PARALLEL_ENABLE
142    ;
143    -- @return otap_constants.OTAP_CFG_PRESERVE_DAYS
144    FUNCTION get_otap_cfg_preserve_days
145  	 RETURN VARCHAR2
146  	 DETERMINISTIC
147  	 PARALLEL_ENABLE
148    ;
149    -- @return otap_constants.OTAP_CFG_DELETE_DELAY
150    FUNCTION get_otap_cfg_delete_delay
151  	 RETURN VARCHAR2
152  	 DETERMINISTIC
153  	 PARALLEL_ENABLE
154    ;
155    -- @return otap_constants.OTAP_CFG_DELETE_BATCH_SIZE
156    FUNCTION get_otap_cfg_delete_batch_size
157  	 RETURN VARCHAR2
158  	 DETERMINISTIC
159  	 PARALLEL_ENABLE
160    ;
161    -- @return otap_constants.OTAP_DEFAULT_PREFIX
162    FUNCTION get_otap_default_prefix
163  	 RETURN VARCHAR2
164  	 DETERMINISTIC
165  	 PARALLEL_ENABLE
166    ;
167    -- @return otap_constants.OTAP_DEFAULT_DELIMITER
168    FUNCTION get_otap_default_delimiter
169  	 RETURN VARCHAR2
170  	 DETERMINISTIC
171  	 PARALLEL_ENABLE
172    ;
173    -- @return otap_constants.OTAP_DEFAULT_TEST_SET
174    FUNCTION get_otap_default_test_set
175  	 RETURN VARCHAR2
176  	 DETERMINISTIC
177  	 PARALLEL_ENABLE
178    ;
179    -- @return otap_constants.OTAP_DEFAULT_TEST_GROUP
180    FUNCTION get_otap_default_test_group
181  	 RETURN VARCHAR2
182  	 DETERMINISTIC
183  	 PARALLEL_ENABLE
184    ;
185    -- @return otap_constants.OTAP_DEFAULT_TEST_NAME
186    FUNCTION get_otap_default_test_name
187  	 RETURN VARCHAR2
188  	 DETERMINISTIC
189  	 PARALLEL_ENABLE
190    ;
191    /*====================================== end package constant get functions ======================================*/
192  
193    /*====================================== start package constant utility functions ======================================*/
194  
195    /** FUNCTION otap.translate_yes_no
196    * Translate the boolean number indicator to a text representation of Yes or No.
197    *
198    * @param p_bool_num A valid boolean number indicator 0 or 1, see OTAP_NUM_TRUE and OTAP_NUM_FALSE.
199    *
200    * @return The text representation Yes or No of the boolean number indicator or NULL, if indicator is not valid.
201    */
202    FUNCTION translate_yes_no(p_bool_num IN NUMBER)
203  	 RETURN VARCHAR2
204  	 DETERMINISTIC
205  	 PARALLEL_ENABLE
206    ;
207  
208    /** FUNCTION otap.translate_bool
209    * Translate the boolean number indicator to a text representation of true or false.
210    *
211    * @param p_bool_num A valid boolean number indicator 0 or 1, see OTAP_NUM_TRUE and OTAP_NUM_FALSE.
212    *
213    * @return The text representation true or false of the boolean number indicator or NULL, if indicator is not valid.
214    */
215    FUNCTION translate_bool(p_bool_num IN NUMBER)
216  	 RETURN VARCHAR2
217  	 DETERMINISTIC
218  	 PARALLEL_ENABLE
219    ;
220  
221    /** FUNCTION otap.translate_test_result
222    * Translate the test result indicator to a text representation.
223    *
224    * @param p_test_results A valid test result indicator, see OTAP_NUM_TEST_PASSED, OTAP_NUM_TEST_FAILED and OTAP_NUM_TEST_UNDEFINED.
225    *
226    * @return The text representation of the test result indicator or NULL, if indicator is not valid.
227    */
228    FUNCTION translate_test_result(p_test_results IN NUMBER)
229  	 RETURN VARCHAR2
230  	 DETERMINISTIC
231  	 PARALLEL_ENABLE
232    ;
233  
234    /*====================================== end package constant utility functions ======================================*/
235  END;
236  /
old  12:   OTAP_USER_ROLE              CONSTANT VARCHAR2(256)  := '&OTAP_ROLE';
new  12:   OTAP_USER_ROLE              CONSTANT VARCHAR2(256)  := 'OTAP_USER';
old  13:   OTAP_SCHEMA                 CONSTANT VARCHAR2(256)  := '&OTAP_USER';
new  13:   OTAP_SCHEMA                 CONSTANT VARCHAR2(256)  := 'OTAP';
old  14:   OTAP_TABLESPACE             CONSTANT VARCHAR2(256)  := '&OTAP_TABLESPACE';
new  14:   OTAP_TABLESPACE             CONSTANT VARCHAR2(256)  := 'OTAP_TABLESPACE';

Package created.

SQL> GRANT EXECUTE ON otap_constants TO &OTAP_ROLE;
old   1: GRANT EXECUTE ON otap_constants TO &OTAP_ROLE
new   1: GRANT EXECUTE ON otap_constants TO OTAP_USER

Grant succeeded.

SQL> @@../otap_ddl/packages/otap_constants.pkb
SQL> -- (C) 2024 Michael Lindenau licensed via https://www.gnu.org/licenses/agpl-3.0.txt
SQL> -- and https://toent.ch/licenses/AI_DISCLOSURE_LICENSE_V1
SQL> -- Not allowed to be used as AI training material without explicite permission.
SQL> CREATE OR REPLACE PACKAGE BODY otap_constants
  2  AS
  3    -- for description see header file
  4    FUNCTION get_otap_user_role
  5  	 RETURN VARCHAR2
  6  	 DETERMINISTIC
  7  	 PARALLEL_ENABLE
  8    IS
  9    BEGIN
 10  	 RETURN otap_constants.OTAP_USER_ROLE;
 11    END get_otap_user_role;
 12  
 13    FUNCTION get_otap_schema
 14  	 RETURN VARCHAR2
 15  	 DETERMINISTIC
 16  	 PARALLEL_ENABLE
 17    IS
 18    BEGIN
 19  	 RETURN otap_constants.OTAP_SCHEMA;
 20    END get_otap_schema;
 21  
 22    FUNCTION get_otap_tablespace
 23  	 RETURN VARCHAR2
 24  	 DETERMINISTIC
 25  	 PARALLEL_ENABLE
 26    IS
 27    BEGIN
 28  	 RETURN otap_constants.OTAP_TABLESPACE;
 29    END get_otap_tablespace;
 30  
 31    FUNCTION get_otap_num_true
 32  	 RETURN NUMBER
 33  	 DETERMINISTIC
 34  	 PARALLEL_ENABLE
 35    IS
 36    BEGIN
 37  	 RETURN otap_constants.OTAP_NUM_TRUE;
 38    END get_otap_num_true;
 39  
 40    FUNCTION get_otap_num_false
 41  	 RETURN NUMBER
 42  	 DETERMINISTIC
 43  	 PARALLEL_ENABLE
 44    IS
 45    BEGIN
 46  	 RETURN otap_constants.OTAP_NUM_FALSE;
 47    END get_otap_num_false;
 48  
 49    FUNCTION get_otap_char_true
 50  	 RETURN VARCHAR2
 51  	 DETERMINISTIC
 52  	 PARALLEL_ENABLE
 53    IS
 54    BEGIN
 55  	 RETURN otap_constants.OTAP_CHAR_TRUE;
 56    END get_otap_char_true;
 57  
 58    FUNCTION get_otap_char_false
 59  	 RETURN VARCHAR2
 60  	 DETERMINISTIC
 61  	 PARALLEL_ENABLE
 62    IS
 63    BEGIN
 64  	 RETURN otap_constants.OTAP_CHAR_FALSE;
 65    END get_otap_char_false;
 66  
 67    FUNCTION get_otap_true_yes
 68  	 RETURN VARCHAR2
 69  	 DETERMINISTIC
 70  	 PARALLEL_ENABLE
 71    IS
 72    BEGIN
 73  	 RETURN otap_constants.OTAP_CHAR_TRUE_YES;
 74    END get_otap_true_yes;
 75  
 76    FUNCTION get_otap_false_no
 77  	 RETURN VARCHAR2
 78  	 DETERMINISTIC
 79  	 PARALLEL_ENABLE
 80    IS
 81    BEGIN
 82  	 RETURN otap_constants.OTAP_CHAR_FALSE_NO;
 83    END get_otap_false_no;
 84  
 85    FUNCTION get_otap_id_test_passed
 86  	 RETURN VARCHAR2
 87  	 DETERMINISTIC
 88  	 PARALLEL_ENABLE
 89    IS
 90    BEGIN
 91  	 RETURN otap_constants.OTAP_NUM_TEST_PASSED;
 92    END get_otap_id_test_passed;
 93  
 94    FUNCTION get_otap_id_test_failed
 95  	 RETURN VARCHAR2
 96  	 DETERMINISTIC
 97  	 PARALLEL_ENABLE
 98    IS
 99    BEGIN
100  	 RETURN otap_constants.OTAP_NUM_TEST_FAILED;
101    END get_otap_id_test_failed;
102  
103    FUNCTION get_otap_id_test_undefined
104  	 RETURN VARCHAR2
105  	 DETERMINISTIC
106  	 PARALLEL_ENABLE
107    IS
108    BEGIN
109  	 RETURN otap_constants.OTAP_NUM_TEST_UNDEFINED;
110    END get_otap_id_test_undefined;
111  
112    FUNCTION get_otap_char_test_passed
113  	 RETURN VARCHAR2
114  	 DETERMINISTIC
115  	 PARALLEL_ENABLE
116    IS
117    BEGIN
118  	 RETURN otap_constants.OTAP_CHAR_TEST_PASSED;
119    END get_otap_char_test_passed;
120  
121    FUNCTION get_otap_char_test_failed
122  	 RETURN VARCHAR2
123  	 DETERMINISTIC
124  	 PARALLEL_ENABLE
125    IS
126    BEGIN
127  	 RETURN otap_constants.OTAP_CHAR_TEST_FAILED;
128    END get_otap_char_test_failed;
129  
130    FUNCTION get_otap_char_test_undefined
131  	 RETURN VARCHAR2
132  	 DETERMINISTIC
133  	 PARALLEL_ENABLE
134    IS
135    BEGIN
136  	 RETURN otap_constants.OTAP_CHAR_TEST_UNDEFINED;
137    END get_otap_char_test_undefined;
138  
139    FUNCTION get_otap_lf
140  	 RETURN VARCHAR2
141  	 DETERMINISTIC
142  	 PARALLEL_ENABLE
143    IS
144    BEGIN
145  	 RETURN otap_constants.OTAP_LF;
146    END get_otap_lf;
147  
148    FUNCTION get_otap_cfg_debug_mode
149  	 RETURN VARCHAR2
150  	 DETERMINISTIC
151  	 PARALLEL_ENABLE
152    IS
153    BEGIN
154  	 RETURN otap_constants.OTAP_CFG_DEBUG_MODE;
155    END get_otap_cfg_debug_mode;
156  
157    FUNCTION get_otap_cfg_preserve_days
158  	 RETURN VARCHAR2
159  	 DETERMINISTIC
160  	 PARALLEL_ENABLE
161    IS
162    BEGIN
163  	 RETURN otap_constants.OTAP_CFG_PRESERVE_DAYS;
164    END get_otap_cfg_preserve_days;
165  
166    FUNCTION get_otap_cfg_delete_delay
167  	 RETURN VARCHAR2
168  	 DETERMINISTIC
169  	 PARALLEL_ENABLE
170    IS
171    BEGIN
172  	 RETURN otap_constants.OTAP_CFG_DELETE_DELAY;
173    END get_otap_cfg_delete_delay;
174  
175    FUNCTION get_otap_cfg_delete_batch_size
176  	 RETURN VARCHAR2
177  	 DETERMINISTIC
178  	 PARALLEL_ENABLE
179    IS
180    BEGIN
181  	 RETURN otap_constants.OTAP_CFG_DELETE_BATCH_SIZE;
182    END get_otap_cfg_delete_batch_size;
183  
184    FUNCTION get_otap_default_prefix
185  	 RETURN VARCHAR2
186  	 DETERMINISTIC
187  	 PARALLEL_ENABLE
188    IS
189    BEGIN
190  	 RETURN otap_constants.OTAP_DEFAULT_PREFIX;
191    END get_otap_default_prefix;
192  
193    FUNCTION get_otap_default_delimiter
194  	 RETURN VARCHAR2
195  	 DETERMINISTIC
196  	 PARALLEL_ENABLE
197    IS
198    BEGIN
199  	 RETURN otap_constants.OTAP_DEFAULT_DELIMITER;
200    END get_otap_default_delimiter;
201  
202    FUNCTION get_otap_default_test_set
203  	 RETURN VARCHAR2
204  	 DETERMINISTIC
205  	 PARALLEL_ENABLE
206    IS
207    BEGIN
208  	 RETURN otap_constants.OTAP_DEFAULT_TEST_SET;
209    END get_otap_default_test_set;
210  
211    FUNCTION get_otap_default_test_group
212  	 RETURN VARCHAR2
213  	 DETERMINISTIC
214  	 PARALLEL_ENABLE
215    IS
216    BEGIN
217  	 RETURN otap_constants.OTAP_DEFAULT_TEST_GROUP;
218    END get_otap_default_test_group;
219  
220    FUNCTION get_otap_default_test_name
221  	 RETURN VARCHAR2
222  	 DETERMINISTIC
223  	 PARALLEL_ENABLE
224    IS
225    BEGIN
226  	 RETURN otap_constants.OTAP_DEFAULT_TEST_NAME;
227    END get_otap_default_test_name;
228  
229    FUNCTION translate_yes_no(p_bool_num IN NUMBER)
230  	 RETURN VARCHAR2
231  	 DETERMINISTIC
232  	 PARALLEL_ENABLE
233    IS
234  	 l_return  VARCHAR2(10);
235    BEGIN
236  	 l_return := CASE p_bool_num
237  		       WHEN otap_constants.OTAP_NUM_TRUE
238  		       THEN otap_constants.OTAP_CHAR_TRUE_YES
239  		       WHEN otap_constants.OTAP_NUM_FALSE
240  		       THEN otap_constants.OTAP_CHAR_FALSE_NO
241  		       ELSE NULL
242  		     END;
243  	 RETURN l_return;
244    END translate_yes_no;
245  
246    FUNCTION translate_bool(p_bool_num IN NUMBER)
247  	 RETURN VARCHAR2
248  	 DETERMINISTIC
249  	 PARALLEL_ENABLE
250    IS
251  	 l_return  VARCHAR2(10);
252    BEGIN
253  	 l_return := CASE p_bool_num
254  		       WHEN otap_constants.OTAP_NUM_TRUE
255  		       THEN otap_constants.OTAP_CHAR_TRUE
256  		       WHEN otap_constants.OTAP_NUM_FALSE
257  		       THEN otap_constants.OTAP_CHAR_FALSE
258  		       ELSE NULL
259  		     END;
260  	 RETURN l_return;
261    END translate_bool;
262  
263    FUNCTION translate_test_result(p_test_results IN NUMBER)
264  	 RETURN VARCHAR2
265  	 DETERMINISTIC
266  	 PARALLEL_ENABLE
267    IS
268  	 l_return  VARCHAR2(10);
269    BEGIN
270  	 l_return := CASE p_test_results
271  		       WHEN otap_constants.OTAP_NUM_TEST_PASSED
272  		       THEN otap_constants.OTAP_CHAR_TEST_PASSED
273  		       WHEN otap_constants.OTAP_NUM_TEST_FAILED
274  		       THEN otap_constants.OTAP_CHAR_TEST_FAILED
275  		       WHEN otap_constants.OTAP_NUM_TEST_UNDEFINED
276  		       THEN otap_constants.OTAP_CHAR_TEST_UNDEFINED
277  		       ELSE NULL
278  		     END;
279  	 RETURN l_return;
280    END translate_test_result;
281  
282  END;
283  /

Package body created.

SQL> -- tables
SQL> @@../otap_ddl/tables/otap_config.sql
SQL> -- (C) 2024 Michael Lindenau licensed via https://www.gnu.org/licenses/agpl-3.0.txt
SQL> -- and https://toent.ch/licenses/AI_DISCLOSURE_LICENSE_V1
SQL> -- Not allowed to be used as AI training material without explicite permission.
SQL> -- requires login with the correct schema
SQL> -- table is NOT qualified and created in the schema active at execution, columns ordered by access and then space consumption
SQL> CREATE TABLE otap_config
  2    ( config_name	     VARCHAR2(128)					       NOT NULL
  3    , config_value	     VARCHAR2(4000)					       NOT NULL
  4    , config_max_length   NUMBER	     DEFAULT -1 			       NOT NULL
  5    , config_type	     VARCHAR2(6)     DEFAULT 'CHAR'			       NOT NULL
  6    , created	     DATE	     DEFAULT SYSDATE			       NOT NULL
  7    , updated	     DATE	     DEFAULT SYSDATE			       NOT NULL
  8    , created_by	     VARCHAR2(256)   DEFAULT USER			       NOT NULL
  9    , created_by_os	     VARCHAR2(256)   DEFAULT SYS_CONTEXT('USERENV', 'OS_USER') NOT NULL
 10    , updated_by	     VARCHAR2(256)   DEFAULT USER			       NOT NULL
 11    , updated_by_os	     VARCHAR2(256)   DEFAULT SYS_CONTEXT('USERENV', 'OS_USER') NOT NULL
 12    , config_description  VARCHAR2(4000)
 13    )
 14  ;

Table created.

SQL> -- description
SQL> COMMENT ON TABLE otap_config IS 'Holds the configuration used by otap. Will use the alias ocfg.';

Comment created.

SQL> COMMENT ON COLUMN otap_config.config_name IS 'The unique case sensitive name of the otap configuration object.';

Comment created.

SQL> COMMENT ON COLUMN otap_config.config_value IS 'The configuration value always as VARCHAR2. Type handling and conversion must be done by the caller.';

Comment created.

SQL> COMMENT ON COLUMN otap_config.config_type IS 'Defines how the config value has to be interpreted. Currently supports CHAR and NUMBER.';

Comment created.

SQL> COMMENT ON COLUMN otap_config.config_max_length IS 'Defines a maximum length for CHAR type config values if set to a number > 0. Default is -1, do not not check length.';

Comment created.

SQL> COMMENT ON COLUMN otap_config.config_description IS 'Optional description of the otap config object.';

Comment created.

SQL> COMMENT ON COLUMN otap_config.created IS 'Date created, managed by default and trigger.';

Comment created.

SQL> COMMENT ON COLUMN otap_config.updated IS 'Date updated, managed by default and trigger.';

Comment created.

SQL> COMMENT ON COLUMN otap_config.created_by IS 'DB user who created the record, managed by default and trigger.';

Comment created.

SQL> COMMENT ON COLUMN otap_config.created_by_os IS 'OS user who created the record, managed by default and trigger.';

Comment created.

SQL> COMMENT ON COLUMN otap_config.updated_by IS 'DB user who updated the record, managed by default and trigger.';

Comment created.

SQL> COMMENT ON COLUMN otap_config.updated_by_os IS 'OS user who updated the record, managed by default and trigger.';

Comment created.

SQL> 
SQL> -- primary key
SQL> ALTER TABLE otap_config
  2    ADD CONSTRAINT otap_config_pk
  3    PRIMARY KEY (config_name)
  4    ENABLE
  5  ;

Table altered.

SQL> -- constraints
SQL> ALTER TABLE otap_config
  2    ADD CONSTRAINT otap_config_chk_type
  3    CHECK (config_type IN ('CHAR', 'NUMBER'))
  4  ;

Table altered.

SQL> ALTER TABLE otap_config
  2    ADD CONSTRAINT otap_config_chk_max_length
  3    CHECK (config_max_length = -1 OR config_max_length > 0)
  4  ;

Table altered.

SQL> 
SQL> -- trigger
SQL> CREATE OR REPLACE TRIGGER otap_config_ins_trg
  2    BEFORE INSERT ON otap_config
  3    FOR EACH ROW
  4  DECLARE
  5    l_ok		   BOOLEAN;
  6  BEGIN
  7    -- only allow defined configuration names
  8    IF :NEW.config_name NOT IN ( 'PRESERVE_DAYS'
  9  				  , 'DELETE_DELAY'
 10  				  , 'DELETE_BATCH_SIZE'
 11  				  , 'DEBUG_MODE'
 12  				  )
 13    THEN
 14  	 RAISE_APPLICATION_ERROR(-20001, 'The configuration name ' || :NEW.config_name || ' is not supported.');
 15    END IF;
 16    -- remove any leading and trailing blanks from config_value
 17    :NEW.config_value   := TRIM(:NEW.config_value);
 18    :NEW.created	   := SYSDATE;
 19    :NEW.created_by	   := SYS_CONTEXT('USERENV', 'SESSION_USER');
 20    :NEW.created_by_os  := SYS_CONTEXT('USERENV', 'OS_USER');
 21    -- check max length if defined
 22    IF :NEW.config_type = 'CHAR'
 23    THEN
 24  	 IF :NEW.config_max_length > 0
 25  	 THEN
 26  	   IF LENGTH(:NEW.config_value) > :NEW.config_max_length
 27  	   THEN
 28  	     RAISE_APPLICATION_ERROR(-20002, 'The config_value exceeds the defined config_max_length. Current length: ' || LENGTH(:NEW.config_value));
 29  	   END IF;
 30  	 END IF;
 31    END IF;
 32    -- check number type
 33    IF :NEW.config_type = 'NUMBER'
 34    THEN
 35  	 l_ok := TRUE;
 36  	 -- compare TO_NUMBER with implicite conversion, if it fails the config_value cannot be interpreted correctly
 37  	 BEGIN
 38  	   l_ok := (TO_NUMBER(:NEW.config_value) = :NEW.config_value);
 39  	 EXCEPTION
 40  	   WHEN OTHERS THEN
 41  	     l_ok := FALSE;
 42  	 END;
 43  	 IF NOT l_ok
 44  	 THEN
 45  	   RAISE_APPLICATION_ERROR(-20003, 'The given config_value "' || NVL(:NEW.config_value, 'NULL') || '" could not be converted successfully to a number.');
 46  	 END IF;
 47    END IF;
 48    -- handle NULLs
 49    IF :NEW.config_name = 'PRESERVE_DAYS'
 50    THEN
 51  	 :NEW.config_value := NVL(:NEW.config_value, '1');
 52    END IF;
 53    IF :NEW.config_name = 'DELETE_DELAY'
 54    THEN
 55  	 :NEW.config_value := NVL(:NEW.config_value, '10');
 56    END IF;
 57    IF :NEW.config_name = 'DELETE_BATCH_SIZE'
 58    THEN
 59  	 :NEW.config_value := NVL(:NEW.config_value, '1000');
 60    END IF;
 61    IF :NEW.config_name = 'DEBUG_MODE'
 62    THEN
 63  	 :NEW.config_value := NVL(:NEW.config_value, '0');
 64    END IF;
 65  END;
 66  /

Trigger created.

SQL> CREATE OR REPLACE TRIGGER otap_config_upd_trg
  2    BEFORE UPDATE ON otap_config
  3    FOR EACH ROW
  4  DECLARE
  5    l_ok		   BOOLEAN;
  6  BEGIN
  7    -- only allow defined configuration names
  8    IF :NEW.config_name NOT IN ( 'PRESERVE_DAYS'
  9  				  , 'DELETE_DELAY'
 10  				  , 'DELETE_BATCH_SIZE'
 11  				  , 'DEBUG_MODE'
 12  				  )
 13    THEN
 14  	 RAISE_APPLICATION_ERROR(-20001, 'The configuration name ' || :NEW.config_name || ' is not supported.');
 15    END IF;
 16    -- remove any leading and trailing blanks from config_value
 17    :NEW.config_value := TRIM(:NEW.config_value);
 18    -- ensure some values are not overwritten
 19    :NEW.created	   := :OLD.created;
 20    :NEW.created_by	   := :OLD.created_by;
 21    :NEW.created_by_os  := :OLD.created_by_os;
 22    -- check max length if defined
 23    IF :NEW.config_type = 'CHAR'
 24    THEN
 25  	 IF :NEW.config_max_length > 0
 26  	 THEN
 27  	   IF LENGTH(:NEW.config_value) > :NEW.config_max_length
 28  	   THEN
 29  	     RAISE_APPLICATION_ERROR(-20002, 'The config_value exceeds the defined config_max_length. Current length: ' || LENGTH(:NEW.config_value));
 30  	   END IF;
 31  	 END IF;
 32    END IF;
 33    -- check number type
 34    IF :NEW.config_type = 'NUMBER'
 35    THEN
 36  	 l_ok := TRUE;
 37  	 -- compare TO_NUMBER with implicite conversion, if it fails the config_value cannot be interpreted correctly
 38  	 BEGIN
 39  	   l_ok := (TO_NUMBER(:NEW.config_value) = :NEW.config_value);
 40  	 EXCEPTION
 41  	   WHEN OTHERS THEN
 42  	     l_ok := FALSE;
 43  	 END;
 44  	 IF NOT l_ok
 45  	 THEN
 46  	   RAISE_APPLICATION_ERROR(-20003, 'The given config_value "' || NVL(:NEW.config_value, 'NULL') || '" could not be converted successfully to a number.');
 47  	 END IF;
 48    END IF;
 49    -- check range
 50    IF :NEW.config_name = 'PRESERVE_DAYS'
 51    THEN
 52  	 IF    TO_NUMBER(:NEW.config_value) > 7
 53  	    OR TO_NUMBER(:NEW.config_value) < 1
 54  	 THEN
 55  	   :NEW.config_value := '1';
 56  	 END IF;
 57    END IF;
 58    IF :NEW.config_name = 'DELETE_DELAY'
 59    THEN
 60  	 IF    TO_NUMBER(:NEW.config_value) > 600
 61  	    OR TO_NUMBER(:NEW.config_value) < 1
 62  	 THEN
 63  	   :NEW.config_value := '10';
 64  	 END IF;
 65    END IF;
 66    IF :NEW.config_name = 'DELETE_BATCH_SIZE'
 67    THEN
 68  	 IF    TO_NUMBER(:NEW.config_value) > 10000
 69  	    OR TO_NUMBER(:NEW.config_value) < 100
 70  	 THEN
 71  	   :NEW.config_value := '1000';
 72  	 END IF;
 73    END IF;
 74    IF :NEW.config_name = 'DEBUG_MODE'
 75    THEN
 76  	 IF TO_NUMBER(:NEW.config_value) NOT IN (0, 1)
 77  	 THEN
 78  	   :NEW.config_value := '0';
 79  	 END IF;
 80    END IF;
 81  END;
 82  /

Trigger created.

SQL> CREATE OR REPLACE TRIGGER otap_config_del_trg
  2    BEFORE DELETE ON otap_config
  3    FOR EACH ROW
  4  BEGIN
  5    -- deny delete of defined configuration names
  6    IF :OLD.config_name IN ( 'PRESERVE_DAYS'
  7  			      , 'DELETE_DELAY'
  8  			      , 'DELETE_BATCH_SIZE'
  9  			      , 'DEBUG_MODE'
 10  			      )
 11    THEN
 12  	 RAISE_APPLICATION_ERROR(-20004, 'The configuration name ' || :OLD.config_name || ' cannot be deleted.');
 13    END IF;
 14  END;
 15  /

Trigger created.

SQL> -- create base entries
SQL> INSERT INTO otap_config
  2    (config_name, config_value, config_type, config_description)
  3    VALUES
  4    ('PRESERVE_DAYS', '1', 'NUMBER', 'The number of days otap will keep test result records. Maximum is 7 days, minimum 1 day. Default is 1.')
  5  ;

1 row created.

SQL> INSERT INTO otap_config
  2    (config_name, config_value, config_type, config_description)
  3    VALUES
  4    ('DELETE_DELAY', '10', 'NUMBER', 'The seconds to wait between batch size delete commits to give other applications and requests room to execute. Maximum is 600, minimum is 1. Default is 10.')
  5  ;

1 row created.

SQL> INSERT INTO otap_config
  2    (config_name, config_value, config_type, config_description)
  3    VALUES
  4    ('DELETE_BATCH_SIZE', '1000', 'NUMBER', 'The records to delete before commit. Maximum is 10000, minimum is 100. Default is 1000.')
  5  ;

1 row created.

SQL> INSERT INTO otap_config
  2    (config_name, config_value, config_type, config_description)
  3    VALUES
  4    ('DEBUG_MODE', '0', 'NUMBER', 'Enables debugging on demand, logged in SPERRORLOG. Either 0 (disable) or 1 (enabled). Default is 0.')
  5  ;

1 row created.

SQL> COMMIT;

Commit complete.

SQL> @@../otap_ddl/tables/otap_results.sql
SQL> -- (C) 2024 Michael Lindenau licensed via https://www.gnu.org/licenses/agpl-3.0.txt
SQL> -- and https://toent.ch/licenses/AI_DISCLOSURE_LICENSE_V1
SQL> -- Not allowed to be used as AI training material without explicite permission.
SQL> -- requires login with the correct otap schema
SQL> -- table is NOT qualified and created in the schema active at execution
SQL> -- a private temporary table is no option as it does not support CLOB
SQL> -- DO NOT ADJUST the defaults unless you adjust them as well in OTAP_CONSTANTS. Tables unluckily
SQL> -- do not support defaults from package variables or functions unless they are public. otap does
SQL> -- not manage what can be seen by whom. You may create public synonyms for otap, but this is your
SQL> -- responsibility and depends on your database policies.
SQL> -- As this is mainly some special sort of temporary table the delete marker is the first bit or byte
SQL> -- depending on database implementation, to make delete runs as fast as possible. An integer below 128
SQL> -- should not require more than a byte. If only 0 and 1 is possible a bit should be more than enough.
SQL> CREATE TABLE otap_results
  2    ( to_delete	 NUMBER(1, 0)	 DEFAULT 0					   NOT NULL
  3    , otap_testrun_id NUMBER(38, 0)	 GENERATED ALWAYS AS IDENTITY (NOCACHE CYCLE MAXVALUE 9999999999999999999999999999)
  4    , otap_test_date  DATE		 DEFAULT SYSDATE				   NOT NULL
  5    , test_passed	 NUMBER(1, 0)	 DEFAULT 0					   NOT NULL
  6    , test_executor	 VARCHAR2(128)	 DEFAULT SYS_CONTEXT('USERENV', 'SESSION_USER')    NOT NULL
  7    , test_set	 VARCHAR2(256)	 DEFAULT 'otap GENERIC test set'		   NOT NULL
  8    , db_user	 VARCHAR2(128)	 DEFAULT SYS_CONTEXT('USERENV', 'CURRENT_USER')    NOT NULL
  9    , db_schema	 VARCHAR2(128)	 DEFAULT SYS_CONTEXT('USERENV', 'CURRENT_SCHEMA')  NOT NULL
 10    , test_group	 VARCHAR2(256)	 DEFAULT 'otap DEFAULT test group'		   NOT NULL
 11    , test_name	 VARCHAR2(256)							   NOT NULL
 12    , test_desc	 VARCHAR2(256)							   NOT NULL
 13    , deleted	 DATE
 14    , deleted_by	 VARCHAR2(128)
 15    , test_errors	 VARCHAR2(4000)
 16    )
 17  ;

Table created.

SQL> -- description
SQL> COMMENT ON TABLE otap_results IS 'Persist the results of otap test runs. Flat table. Restricted update by trigger. Will use the alias ores.';

Comment created.

SQL> COMMENT ON COLUMN otap_results.to_delete IS 'Indicator for deletion of this record. Only 0 (no) and 1 (yes) allowed. Placed as first column to speed up test result cleanup.';

Comment created.

SQL> COMMENT ON COLUMN otap_results.otap_testrun_id IS 'The generated id for each record, part of the primary key. The primary key is only implemented for correct DELETE access.';

Comment created.

SQL> COMMENT ON COLUMN otap_results.otap_test_date IS 'The date of executing the test, part of the primary key. Set by trigger. The primary key is only implemented for correct DELETE access. Defines the persist duration, if TO_DELETE is set to 1.';

Comment created.

SQL> COMMENT ON COLUMN otap_results.test_passed IS 'Indicator for test passed. 0 test not started or incomplete, 1 test passed, -1 test failed. No other values allowed.';

Comment created.

SQL> COMMENT ON COLUMN otap_results.deleted IS 'The last date TO_DELETE was set to 1. Set by trigger.';

Comment created.

SQL> COMMENT ON COLUMN otap_results.deleted_by IS 'The session user that set TO_DELETE to 1. Set by trigger.';

Comment created.

SQL> COMMENT ON COLUMN otap_results.test_executor IS 'The session user that created the entry. Set by trigger.';

Comment created.

SQL> COMMENT ON COLUMN otap_results.test_set IS 'The name of the test set the entry belongs to. Default otap GENERIC test set. Use test sets to separate application tests.';

Comment created.

SQL> COMMENT ON COLUMN otap_results.test_group IS 'The name of the test group the entry belongs to. Default otap DEFAULT test group. Use test groups to separate functionality tests.';

Comment created.

SQL> COMMENT ON COLUMN otap_results.db_user IS 'The database user owning the test object. Set to current user by default. Can be overwritten.';

Comment created.

SQL> COMMENT ON COLUMN otap_results.db_schema IS 'The database schema of the test object. Set to current schema by default. Can be overwritten.';

Comment created.

SQL> COMMENT ON COLUMN otap_results.test_name IS 'The name of a test. Use short names describing the test. Limited to 256 chars.';

Comment created.

SQL> COMMENT ON COLUMN otap_results.test_desc IS 'A short and precise test description. Should be unique under the name, group and set running. Uniqueness not verified. Limited to 256 chars.';

Comment created.

SQL> COMMENT ON COLUMN otap_results.test_errors IS 'Error text information that has been accessibly to otap. Limited to 4000 chars.';

Comment created.

SQL> -- primary key
SQL> -- no index apart from primary key, just overhead not needed
SQL> ALTER TABLE otap_results
  2    ADD CONSTRAINT otap_results_pk
  3    PRIMARY KEY (otap_testrun_id, otap_test_date)
  4    ENABLE
  5  ;

Table altered.

SQL> -- check constraints
SQL> ALTER TABLE otap_results
  2    ADD CONSTRAINT otap_results_chk_to_delete
  3    CHECK (to_delete IN (0, 1))
  4    ENABLE
  5  ;

Table altered.

SQL> ALTER TABLE otap_results
  2    ADD CONSTRAINT otap_results_chk_test_passed
  3    CHECK (test_passed IN (-1, 0, 1))
  4    ENABLE
  5  ;

Table altered.

SQL> -- trigger
SQL> CREATE OR REPLACE TRIGGER otap_results_ins_trg
  2    BEFORE INSERT ON otap_results
  3    FOR EACH ROW
  4  BEGIN
  5    :NEW.otap_test_date   := SYSDATE;
  6    :NEW.test_executor    := SYS_CONTEXT('USERENV', 'SESSION_USER');
  7    IF :NEW.to_delete = otap_constants.OTAP_NUM_TRUE
  8    THEN
  9  	 :NEW.deleted	 := SYSDATE;
 10  	 :NEW.deleted_by := SYS_CONTEXT('USERENV', 'SESSION_USER');
 11    ELSE
 12  	 :NEW.deleted	 := NULL;
 13  	 :NEW.deleted_by := NULL;
 14    END IF;
 15  END;
 16  /

Trigger created.

SQL> CREATE OR REPLACE TRIGGER otap_results_upd_trg
  2    BEFORE UPDATE ON otap_results
  3    FOR EACH ROW
  4  BEGIN
  5    -- keep values already set
  6    IF :NEW.otap_test_date != :OLD.otap_test_date
  7    THEN
  8  	 :NEW.otap_test_date := :OLD.otap_test_date;
  9    END IF;
 10    IF :NEW.test_executor != :OLD.test_executor
 11    THEN
 12  	 :NEW.test_executor := :OLD.test_executor;
 13    END IF;
 14    IF :NEW.test_set != :OLD.test_set
 15    THEN
 16  	 :NEW.test_set := :OLD.test_set;
 17    END IF;
 18    IF :NEW.test_group != :OLD.test_group
 19    THEN
 20  	 :NEW.test_group := :OLD.test_group;
 21    END IF;
 22    IF     :NEW.to_delete != :OLD.to_delete
 23  	  AND :NEW.to_delete  = otap_constants.OTAP_NUM_TRUE
 24    THEN
 25  	 :NEW.deleted	 := SYSDATE;
 26  	 :NEW.deleted_by := SYS_CONTEXT('USERENV', 'SESSION_USER');
 27    END IF;
 28    IF     :OLD.test_name IS NOT NULL
 29  	  AND :NEW.test_name != :OLD.test_name
 30    THEN
 31  	 :NEW.test_name := :OLD.test_name;
 32    END IF;
 33    IF     :OLD.test_desc IS NOT NULL
 34  	  AND :NEW.test_desc != :OLD.test_desc
 35    THEN
 36  	 :NEW.test_desc := :OLD.test_desc;
 37    END IF;
 38  END;
 39  /

Trigger created.

SQL> -- packages
SQL> @@../otap_ddl/packages/otap_util.pks
SQL> -- (C) 2024 Michael Lindenau licensed via https://www.gnu.org/licenses/agpl-3.0.txt
SQL> -- and https://toent.ch/licenses/AI_DISCLOSURE_LICENSE_V1
SQL> -- Not allowed to be used as AI training material without explicite permission.
SQL> -- Basic package that provides utility functions and procedures for otap.
SQL> CREATE OR REPLACE PACKAGE otap_util
  2  AS
  3    /**
  4    * Provides internal functions and procedures for otap like logging, interface to OTAP_CONFIG and
  5    * others without a clear category. You need the schema owner to use this functions.
  6    */
  7  
  8    /** FUNCTION otap_util.debug_active
  9    * Returns the debug state, defined in OTAP_CONFIG. Can't log errors as log depends on
 10    * this function.
 11    *
 12    * @return TRUE if DEBUG_MODE is set to 1 in OTAP_CONFIG, otherwise or on errors FALSE.
 13    */
 14    FUNCTION debug_active
 15  	 RETURN BOOLEAN
 16    ;
 17  
 18    /** PROCEDURE otap_util.log
 19    * Writes a log message to SPERRORLOG which should be already available by setup. If the identifier
 20    * is not OTAP_ERROR the log output will only be stored, if OTAP_CONFIG DEBUG_MODE is set to 1.
 21    * User and timestamp are set by the procedure. Runs as autonomous transaction. If SPERRORLOG does
 22    * not exist, will do nothing. Do nothing on exceptions, just consume them.
 23    *
 24    * @param p_log_message The message to log in SPERRORLOG.
 25    * @param p_script The script, package or function that caused the message.
 26    * @param p_statement The statement that caused the message.
 27    * @param p_identifier The identifier in SPERRORLOG. If not OTAP_ERROR, message is logged only if debug mode is set.
 28    */
 29    PROCEDURE log( p_log_message  IN VARCHAR2
 30  		    , p_script	     IN VARCHAR2 DEFAULT 'N/A'
 31  		    , p_statement    IN VARCHAR2 DEFAULT 'N/A'
 32  		    , p_identifier   IN VARCHAR2 DEFAULT 'OTAP_ERROR'
 33  		    )
 34    ;
 35  
 36    /** PROCEDURE otap_util.set_debug
 37    * Sets the debug state in OTAP_CONFIG. On errors debug state will be deactivated or
 38    * left unchanged.
 39    *
 40    * @param p_active The active (TRUE) or inactive debug state.
 41    */
 42    PROCEDURE set_debug(p_active IN BOOLEAN DEFAULT FALSE);
 43  
 44    /** FUNCTION otap_util.preserve_days
 45    * Returns the setting for PRESERVE_DAYS, defined in OTAP_CONFIG.
 46    *
 47    * @return The setting of PRESERVE_DAYS in OTAP_CONFIG or default 1 on errors.
 48    */
 49    FUNCTION preserve_days
 50  	 RETURN NUMBER
 51    ;
 52  
 53    /** PROCEDURE otap_util.set_preserve_days
 54    * Sets preserve days in OTAP_CONFIG. On errors preserve days will be set to default or
 55    * left unchanged. Allowed are values between 1 and 7 days.
 56    *
 57    * @param p_preserve_days The amount of days to preserve test results.
 58    */
 59    PROCEDURE set_preserve_days(p_preserve_days IN NUMBER DEFAULT 1);
 60  
 61    /** FUNCTION otap_util.delete_delay
 62    * Returns the setting for DELETE_DELAY, defined in OTAP_CONFIG.
 63    *
 64    * @return The setting of DELETE_DELAY in OTAP_CONFIG or default 10 on errors.
 65    */
 66    FUNCTION delete_delay
 67  	 RETURN NUMBER
 68    ;
 69  
 70    /** PROCEDURE otap_util.set_delete_delay
 71    * Sets delete delay seconds in OTAP_CONFIG. On errors delete delay will be set to default or
 72    * left unchanged. Allowed are values between 1 and 600 seconds.
 73    *
 74    * @param p_delete_delay The amount of seconds to wait between batch size deletes.
 75    */
 76    PROCEDURE set_delete_delay(p_delete_delay IN NUMBER DEFAULT 10);
 77  
 78    /** FUNCTION otap_util.delete_batch_size
 79    * Returns the setting for DELETE_BATCH_SIZE, defined in OTAP_CONFIG.
 80    *
 81    * @return The setting of DELETE_BATCH_SIZE in OTAP_CONFIG or default 1000 on errors.
 82    */
 83    FUNCTION delete_batch_size
 84  	 RETURN NUMBER
 85    ;
 86  
 87    /** PROCEDURE otap_util.set_delete_batch_size
 88    * Sets delete batch size in OTAP_CONFIG. On errors delete batch size will be set to default or
 89    * left unchanged. Allowed are values between 100 and 10000 rows to delete before commit.
 90    *
 91    * @param p_delete_batch_size The amount of rows to delete as batch before commit.
 92    */
 93    PROCEDURE set_delete_batch_size(p_delete_batch_size IN NUMBER DEFAULT 1000);
 94  
 95    /** PROCEDURE otap_util.result_cleanup
 96    * Used for cleanup of the test results. Will run under scheduler job OTAP_MAINTENANCE every
 97    * day. Will use the current otap configuration in OTAP_CONFIG, where PRESERVE_DAYS defines
 98    * the days to keep test results, the DELETE_BATCH_SIZE defines the amount of rows to delete
 99    * before committing them and DELETE_DELAY the seconds to wait after a commit before deleting
100    * more rows. Records must be marked for deletion. Provides debug logging if debug mode is
101    * activated in OTAP_CONFIG.
102    */
103    PROCEDURE result_cleanup;
104  
105  END;
106  /

Package created.

SQL> @@../otap_ddl/packages/otap_util.pkb
SQL> -- (C) 2024 Michael Lindenau licensed via https://www.gnu.org/licenses/agpl-3.0.txt
SQL> -- and https://toent.ch/licenses/AI_DISCLOSURE_LICENSE_V1
SQL> -- Not allowed to be used as AI training material without explicite permission.
SQL> CREATE OR REPLACE PACKAGE BODY otap_util
  2  AS
  3    -- for description see header file
  4    FUNCTION debug_active
  5  	 RETURN BOOLEAN
  6    IS
  7  	 l_debug_mode  VARCHAR2(1);
  8  	 l_return      BOOLEAN;
  9    BEGIN
 10  	 l_return := FALSE;
 11  	 SELECT config_value INTO l_debug_mode FROM otap_config WHERE config_name = otap_constants.OTAP_CFG_DEBUG_MODE;
 12  	 IF l_debug_mode = '1'
 13  	 THEN
 14  	   l_return := TRUE;
 15  	 END IF;
 16  	 RETURN l_return;
 17    EXCEPTION
 18  	 WHEN OTHERS THEN
 19  	   RETURN FALSE;
 20    END debug_active;
 21  
 22    PROCEDURE log( p_log_message  IN VARCHAR2
 23  		    , p_script	     IN VARCHAR2 DEFAULT 'N/A'
 24  		    , p_statement    IN VARCHAR2 DEFAULT 'N/A'
 25  		    , p_identifier   IN VARCHAR2 DEFAULT 'OTAP_ERROR'
 26  		    )
 27    IS
 28  	 PRAGMA AUTONOMOUS_TRANSACTION;
 29  	 l_has_sperrorlog  NUMBER;
 30    BEGIN
 31  	 -- check which type of log
 32  	 IF    p_identifier = 'OTAP_ERROR'
 33  	    OR otap_util.debug_active
 34  	 THEN
 35  	   -- check if table exists
 36  	   SELECT COUNT(*) INTO l_has_sperrorlog FROM user_tables WHERE table_name = 'SPERRORLOG';
 37  	   IF l_has_sperrorlog = 1
 38  	   THEN
 39  	     INSERT INTO sperrorlog
 40  	       ( username
 41  	       , timestamp
 42  	       , script
 43  	       , identifier
 44  	       , message
 45  	       , statement
 46  	       )
 47  	       VALUES ( otap_constants.OTAP_SCHEMA
 48  		      , SYSTIMESTAMP
 49  		      , p_script
 50  		      , p_identifier
 51  		      , p_log_message
 52  		      , p_statement
 53  		      )
 54  	     ;
 55  	     COMMIT;
 56  	   ELSE
 57  	     -- give some output even if no one will notice it
 58  	     DBMS_OUTPUT.PUT_LINE('No logging possible, SPERRORLOG table does not exist');
 59  	   END IF;
 60  	 END IF;
 61    EXCEPTION
 62  	 WHEN OTHERS THEN
 63  	   -- explicitly do not care about log exceptions, application should fail otherwise
 64  	   -- logging is not critical for otap, only an option, usually not recommended to do
 65  	   -- it this way, give some output even if no one will notice it
 66  	   DBMS_OUTPUT.PUT_LINE(SQLERRM);
 67    END log;
 68  
 69    PROCEDURE set_debug(p_active IN BOOLEAN DEFAULT FALSE)
 70    IS
 71  	 PRAGMA AUTONOMOUS_TRANSACTION;
 72  	 l_debug_state VARCHAR2(1);
 73    BEGIN
 74  	 l_debug_state := CASE WHEN p_active THEN '1' ELSE '0' END;
 75  	 UPDATE otap_config
 76  	    SET config_value = l_debug_state
 77  	  WHERE config_name = otap_constants.OTAP_CFG_DEBUG_MODE
 78  	 ;
 79  	 COMMIT;
 80    EXCEPTION
 81  	 WHEN OTHERS THEN
 82  	   otap_util.log(SQLERRM, 'otap_util.set_debug', 'UPDATE otap_config DEBUG_MODE');
 83    END set_debug;
 84  
 85    FUNCTION preserve_days
 86  	 RETURN NUMBER
 87    IS
 88  	 l_return NUMBER;
 89    BEGIN
 90  	 l_return := 1;
 91  	 SELECT TO_NUMBER(config_value) INTO l_return FROM otap_config WHERE config_name = otap_constants.OTAP_CFG_PRESERVE_DAYS;
 92  	 RETURN l_return;
 93    EXCEPTION
 94  	 WHEN OTHERS THEN
 95  	   otap_util.log(SQLERRM, 'otap_util.preserve_days', 'SELECT otap_config PRESERVE_DAYS');
 96  	   RETURN 1;
 97    END preserve_days;
 98  
 99    PROCEDURE set_preserve_days(p_preserve_days IN NUMBER DEFAULT 1)
100    IS
101  	 PRAGMA AUTONOMOUS_TRANSACTION;
102  	 l_preserve_days VARCHAR2(1);
103    BEGIN
104  	 IF	 p_preserve_days >= 1
105  	    AND  p_preserve_days <= 7
106  	 THEN
107  	   l_preserve_days := TRIM(TO_CHAR(p_preserve_days));
108  	   UPDATE otap_config
109  	     SET config_value = l_preserve_days
110  	   WHERE config_name = otap_constants.OTAP_CFG_PRESERVE_DAYS
111  	   ;
112  	   COMMIT;
113  	 ELSE
114  	   otap_util.log('Wrong amount of preserve days ' || p_preserve_days || ' only 1 - 7 allowed. Nothing changed.', 'otap_util.set_preserve_days', 'UPDATE otap_config PRESERVE_DAYS');
115  	 END IF;
116    EXCEPTION
117  	 WHEN OTHERS THEN
118  	   otap_util.log(SQLERRM, 'otap_util.set_preserve_days', 'UPDATE otap_config PRESERVE_DAYS');
119    END set_preserve_days;
120  
121    FUNCTION delete_delay
122  	 RETURN NUMBER
123    IS
124  	 l_return NUMBER;
125    BEGIN
126  	 l_return := 10;
127  	 SELECT TO_NUMBER(config_value) INTO l_return FROM otap_config WHERE config_name = otap_constants.OTAP_CFG_DELETE_DELAY;
128  	 RETURN l_return;
129    EXCEPTION
130  	 WHEN OTHERS THEN
131  	   otap_util.log(SQLERRM, 'otap_util.delete_delay', 'SELECT otap_config DELETE_DELAY');
132  	   RETURN 10;
133    END delete_delay;
134  
135    PROCEDURE set_delete_delay(p_delete_delay IN NUMBER DEFAULT 10)
136    IS
137  	 PRAGMA AUTONOMOUS_TRANSACTION;
138  	 l_delete_delay VARCHAR2(3);
139    BEGIN
140  	 IF	 p_delete_delay >= 1
141  	    AND  p_delete_delay <= 600
142  	 THEN
143  	   l_delete_delay := TRIM(TO_CHAR(p_delete_delay));
144  	   UPDATE otap_config
145  	     SET config_value = l_delete_delay
146  	   WHERE config_name = otap_constants.OTAP_CFG_DELETE_DELAY
147  	   ;
148  	   COMMIT;
149  	 ELSE
150  	   otap_util.log('Wrong amount of delete delay seconds ' || p_delete_delay || ' only 1 - 600 allowed. Nothing changed.', 'otap_util.set_delete_delay', 'UPDATE otap_config DELETE_DAY');
151  	 END IF;
152    EXCEPTION
153  	 WHEN OTHERS THEN
154  	   otap_util.log(SQLERRM, 'otap_util.set_delete_delay', 'UPDATE otap_config DELETE_DELAY');
155    END set_delete_delay;
156  
157    FUNCTION delete_batch_size
158  	 RETURN NUMBER
159    IS
160  	 l_return NUMBER;
161    BEGIN
162  	 l_return := 1000;
163  	 SELECT TO_NUMBER(config_value) INTO l_return FROM otap_config WHERE config_name = otap_constants.OTAP_CFG_DELETE_BATCH_SIZE;
164  	 RETURN l_return;
165    EXCEPTION
166  	 WHEN OTHERS THEN
167  	   otap_util.log(SQLERRM, 'otap_util.delete_batch_size', 'SELECT otap_config DELETE_BATCH_SIZE');
168  	   RETURN 1000;
169    END delete_batch_size;
170  
171    PROCEDURE set_delete_batch_size(p_delete_batch_size IN NUMBER DEFAULT 1000)
172    IS
173  	 PRAGMA AUTONOMOUS_TRANSACTION;
174  	 l_delete_batch_size VARCHAR2(5);
175    BEGIN
176  	 IF	 p_delete_batch_size >= 100
177  	    AND  p_delete_batch_size <= 10000
178  	 THEN
179  	   l_delete_batch_size := TRIM(TO_CHAR(p_delete_batch_size));
180  	   UPDATE otap_config
181  	     SET config_value = l_delete_batch_size
182  	   WHERE config_name = otap_constants.OTAP_CFG_DELETE_BATCH_SIZE
183  	   ;
184  	   COMMIT;
185  	 ELSE
186  	   otap_util.log('Wrong amount of delete batch size ' || p_delete_batch_size || ' only 100 - 10000 allowed. Nothing changed.', 'otap_util.set_delete_batch_size', 'UPDATE otap_config DELETE_BATCH_SIZE');
187  	 END IF;
188    EXCEPTION
189  	 WHEN OTHERS THEN
190  	   otap_util.log(SQLERRM, 'otap_util.set_delete_batch_size', 'UPDATE otap_config DELETE_BATCH_SIZE');
191    END set_delete_batch_size;
192  
193    PROCEDURE result_cleanup
194    IS
195  	 PRAGMA AUTONOMOUS_TRANSACTION;
196  	 l_delete_before     DATE;
197  	 l_delete_start      DATE;
198  	 l_delete_batch_size NUMBER;
199  	 l_delete_delay      NUMBER;
200  	 l_row_counter	     NUMBER;
201  	 l_processed	     NUMBER;
202  	 l_delete_msg	     VARCHAR2(32767);
203  	 CURSOR cur_delete_tests(cp_delete_before IN DATE)
204  	 IS
205  	   SELECT *
206  	     FROM otap_results
207  	    WHERE otap_test_date < cp_delete_before
208  	      AND to_delete	 = otap_constants.OTAP_NUM_TRUE
209  	 ;
210    BEGIN
211  	 -- read config values before starting, values will not change until finished
212  	 l_delete_start      := SYSDATE;
213  	 l_delete_before     := TRUNC(SYSDATE - otap_util.preserve_days);
214  	 l_delete_batch_size := otap_util.delete_batch_size;
215  	 l_delete_delay      := otap_util.delete_delay;
216  	 l_row_counter	     := 0;
217  	 l_processed	     := 0;
218  	 l_delete_msg	     := 'Start delete with batch size ' || l_delete_batch_size || ', delay ' || l_delete_delay || ' seconds. Delete all marked records older than ' || TO_CHAR(l_delete_before, 'YYYY-MM-DD HH24:MI:SS') || '.';
219  	 otap_util.log(l_delete_msg, 'otap_util.result_cleanup', 'Procedure start', 'OTAP_DEBUG');
220  	 FOR rec IN cur_delete_tests(l_delete_before)
221  	 LOOP
222  	   IF l_row_counter >= l_delete_batch_size
223  	   THEN
224  	     l_delete_msg := 'Batch size reached, commit and wait. Processed records ' || l_processed || '.';
225  	     otap_util.log(l_delete_msg, 'otap_util.result_cleanup', 'Batch size reached and wait', 'OTAP_DEBUG');
226  	     -- commit the batch
227  	     COMMIT;
228  	     -- reset counter
229  	     l_row_counter := 0;
230  	     -- wait defined time
231  	     DBMS_SESSION.SLEEP(l_delete_delay);
232  	   END IF;
233  	   DELETE FROM otap_results WHERE otap_testrun_id = rec.otap_testrun_id AND otap_test_date = rec.otap_test_date;
234  	   l_row_counter := l_row_counter + 1;
235  	   l_processed	 := l_processed + 1;
236  	 END LOOP;
237  	 l_delete_msg := 'Processed ' || l_processed || ' records for delete. Started at ' || TO_CHAR(l_delete_start, 'YYYY-MM-DD HH24:MI:SS') || ' finished at ' || TO_CHAR(SYSDATE, 'YYYY-MM-DD HH24:MI:SS');
238  	 otap_util.log(l_delete_msg, 'otap_util.result_cleanup', 'Procedure end', 'OTAP_DEBUG');
239  	 DBMS_OUTPUT.PUT_LINE(l_delete_msg);
240    EXCEPTION
241  	 WHEN OTHERS THEN
242  	   otap_util.log(SQLERRM, 'otap_util.result_cleanup', 'DELETE FROM otap_results');
243    END result_cleanup;
244  
245  END;
246  /

Package body created.

SQL> @@../otap_ddl/packages/otap_plan.pks
SQL> -- (C) 2024 Michael Lindenau licensed via https://www.gnu.org/licenses/agpl-3.0.txt
SQL> -- and https://toent.ch/licenses/AI_DISCLOSURE_LICENSE_V1
SQL> -- Not allowed to be used as AI training material without explicite permission.
SQL> -- provides the pgTap plan and finish functionality to otap_test.
SQL> CREATE OR REPLACE PACKAGE otap_plan
  2  AS
  3  
  4    /**
  5    * This package provides the functions used by the wrapper package otap_test for test
  6    * setup, name definitions and test maintenance.
  7    *
  8    * It is intended for package otap_test or packages which have an OTAP_SESSION object
  9    * from otap_test. Otherwise won't work as expected. Exceptions are raised, if not handled.
 10    *
 11    * -20099 Internal error, OTAP_SESSION object not valid. Details see specific error message.
 12    */
 13  
 14    /** PROCEDURE otap_plan.write_test_result
 15    * Writes the result of a test to OTAP_RESULTS. If OTAP_SESSION persist_test is set to FALSE
 16    * the TO_DELETE flag is set on insert. Will retrieve most of the details from the current
 17    * session_record given by OTAP_TEST package or the test function using this procedure.
 18    * Will fail the test, if p_test_passed is not valid.
 19    *
 20    * @param p_test_description The test description for a specific test. If missing, will generate Unspecified test x where x is a SCN number.
 21    * @param p_otap_session A valid OTAP_SESSION object to be used for the insert with details on the test category and scope.
 22    * @param p_test_passed A valid test passed ID, allowed values are otap_constants.OTAP_NUM_TEST_FAILED, otap_constants.OTAP_NUM_TEST_PASSED and otap_constants.OTAP_NUM_TEST_UNDEFINED.
 23    * @param p_test_errors Test error information limited to 4000 chars.
 24    */
 25    PROCEDURE write_test_result( p_test_description IN VARCHAR2
 26  				  , p_otap_session     IN OTAP_SESSION
 27  				  , p_test_passed      IN NUMBER
 28  				  , p_test_errors      IN VARCHAR2     DEFAULT NULL
 29  				  )
 30    ;
 31  
 32    /** PROCEDURE otap_plan.write_count_result
 33    * Checks if intended_count is set and writes a final test record about expected and executed tests.
 34    * Does nothing if OTAP_SESSION intended_count less or equal to 0.
 35    *
 36    * @param p_otap_session A valid OTAP_SESSION object to be used for test result insert.
 37    */
 38    PROCEDURE write_count_result(p_otap_session IN OTAP_SESSION);
 39  
 40    /** PROCEDURE otap_plan.verify_otap_session
 41    * Verifies the OTAP_SESSION object and checks for NULL or 0 string length, no NULL values allowed.
 42    * Recommended to be called before and after usage or manipulation of the object.
 43    *
 44    * @param p_otap_session The OTAP_SESSION object to verify.
 45    *
 46    * @exception -20099 Internal error, invalid OTAP_SESSION object.
 47    */
 48    PROCEDURE verify_otap_session(p_otap_session IN OTAP_SESSION);
 49  
 50    /** FUNCTION otap_plan.current_test_set
 51    * Return the current package variables of otap_test as LF delimited text.
 52    *
 53    * @param p_otap_session The otap_session object from package OTAP_TEST.
 54    *
 55    * @return A text message, LF delimited, listing current settings of OTAP_SESSION object.
 56    */
 57    FUNCTION current_test_setting(p_otap_session IN OTAP_SESSION)
 58  	 RETURN VARCHAR2
 59    ;
 60  
 61    /** FUNCTION otap_plan.init_test
 62    * Provides the init_test functionality needed by otap_test and setting the package session variables.
 63    * Errors will get logged.
 64    *
 65    * @param p_test_count The amount of tests expected to be executed when called.
 66    * @param p_test_set The name of the test set applied if the name of the executed test procedure or function does not provide a test set name or name precendence is disabled.
 67    * @param p_test_group The name of the test group applied if the name of the executed test procedure or function does not provide a test group name or name precendence is disabled.
 68    * @param p_prefix The prefix to use for identifying test functions and procedures. Limited to 4 chars. Test functions and procedures must have a trailing delimiter _ after the prefix to be identified.
 69    * @param p_name_precedence Can disable the naming conventions for otap. If set to otap_constants.OTAP_NUM_FALSE, all tests will run under the defined test set and group, set by init_test.
 70    * @param p_include_pkg Can enable to search also packages and package procedures and functions that fit the naming convention with the given prefix, if set to otap_constants.OTAP_NUM_TRUE.
 71    * @param p_persist Can enable to persist the test results longer than the current default of PRESERVE_DAYS in OTAP_CONFIG, if set to otap_constants.OTAP_NUM_TRUE.
 72    * @param p_schema The current schema from caller environment as reported from otap_test.
 73    * @param p_user The current user from caller environment as reported from otap_test.
 74    * @param p_executor The session user from caller environment as reported from otap_test.
 75    * @param o_fallback_test_set The otap_test package variable session_fallback_test_set.
 76    * @param o_fallback_test_group The otap_test package variable session_fallback_test_group.
 77    * @param o_default_prefix The otap_test package variable session_default_prefix.
 78    * @param o_executor The otap_test package variable session_executor.
 79    * @param o_db_user The otap_test package variable session_db_user.
 80    * @param o_db_schema The otap_test package variable session_db_schema.
 81    * @param o_intended_test_count The otap_test package variable session_intended_test_count.
 82    * @param o_testname_precedence The otap_test package variable session_testname_precedence.
 83    * @param o_include_packages The otap_test package variable session_include_packages.
 84    * @param o_persist_tests The otap_test package variable session_persist_tests.
 85    *
 86    * @return The current test session settings as text LF delimited.
 87    */
 88    FUNCTION init_test( p_test_count 	 IN	       NUMBER
 89  			 , p_test_set		 IN	       VARCHAR2
 90  			 , p_test_group 	 IN	       VARCHAR2
 91  			 , p_prefix		 IN	       VARCHAR2
 92  			 , p_name_precedence	 IN	       NUMBER
 93  			 , p_include_pkg	 IN	       NUMBER
 94  			 , p_persist		 IN	       NUMBER
 95  			 , p_schema		 IN	       VARCHAR2
 96  			 , p_user		 IN	       VARCHAR2
 97  			 , p_executor		 IN	       VARCHAR2
 98  			 , o_otap_session	 IN OUT NOCOPY OTAP_SESSION
 99  			 )
100  	 RETURN VARCHAR2
101    ;
102  
103    /** FUNCTION otap_plan.set_test_name
104    * Handles and sets the current active test name. If test name is longer than 256 chars
105    * it is cutted to 256 chars. If NULL is given than, otap_constants.OTAP_DEFAULT_TEST_NAME
106    * is used.
107    *
108    * @param p_test_name The test name to use for the next test.
109    * @param o_otap_session The current session_record from otap_test package.
110    *
111    * @return The test name currently active as text message.
112    */
113    FUNCTION set_test_name( p_test_name     IN	     VARCHAR2
114  			     , o_otap_session  IN OUT NOCOPY OTAP_SESSION
115  			     )
116  	 RETURN VARCHAR2
117    ;
118  
119    /** FUNCTION otap_plan.set_test_group
120    * Handles and sets the current active test group. If test group name is longer than 256 chars
121    * it is cutted to 256 chars. If NULL is given than, otap_constants.OTAP_DEFAULT_TEST_GROUP
122    * is used.
123    *
124    * @param p_test_group The test group name to use for the next tests.
125    * @param o_otap_session The current session_record from otap_test package.
126    *
127    * @return The test group currently active as text message.
128    */
129    FUNCTION set_test_group( p_test_group	IN	      VARCHAR2
130  			      , o_otap_session	IN OUT NOCOPY OTAP_SESSION
131  			      )
132  	 RETURN VARCHAR2
133    ;
134  
135    /** FUNCTION otap_plan.set_test_set
136    * Handles and sets the current active test set. If test set name is longer than 256 chars
137    * it is cutted to 256 chars. If NULL is given than, otap_constants.OTAP_DEFAULT_TEST_SET
138    * is used.
139    *
140    * @param p_test_set The test set name to use for the next tests.
141    * @param o_otap_session The current session_record from otap_test package.
142    *
143    * @return The test set currently active as text message.
144    */
145    FUNCTION set_test_set( p_test_set     IN 	   VARCHAR2
146  			    , o_otap_session IN OUT NOCOPY OTAP_SESSION
147  			    )
148  	 RETURN VARCHAR2
149    ;
150  
151    /** PROCEDURE otap_plan.add_test
152    * Add a test to current test count value in OTAP_SESSION object. Used by
153    * otap test functions after executing a test.
154    *
155    * @param o_otap_session The otap_session object from package OTAP_TEST to modify.
156    */
157    PROCEDURE add_test(o_otap_session IN OUT NOCOPY OTAP_SESSION);
158  
159    FUNCTION format_test_result( p_test_passed IN INTEGER
160  				  , p_description IN VARCHAR2
161  				  )
162  	 RETURN VARCHAR2
163    ;
164  END;
165  /

Package created.

SQL> @@../otap_ddl/packages/otap_plan.pkb
SQL> -- (C) 2024 Michael Lindenau licensed via https://www.gnu.org/licenses/agpl-3.0.txt
SQL> -- and https://toent.ch/licenses/AI_DISCLOSURE_LICENSE_V1
SQL> -- Not allowed to be used as AI training material without explicite permission.
SQL> CREATE OR REPLACE PACKAGE BODY otap_plan
  2  AS
  3    -- for description see header file
  4    PROCEDURE write_test_result( p_test_description IN VARCHAR2
  5  				  , p_otap_session     IN OTAP_SESSION
  6  				  , p_test_passed      IN NUMBER
  7  				  , p_test_errors      IN VARCHAR2     DEFAULT NULL
  8  				  )
  9    IS
 10  	 PRAGMA AUTONOMOUS_TRANSACTION;
 11  	 l_script	     VARCHAR2(1024) := 'otap_plan.write_test_result';
 12  	 l_test_passed	     INTEGER;
 13  	 l_test_description  VARCHAR2(256);
 14  	 l_errors	     VARCHAR2(4000);
 15  	 l_to_delete	     INTEGER;
 16    BEGIN
 17  	 IF LENGTH(TRIM(l_errors)) > 4000
 18  	 THEN
 19  	   l_errors := SUBSTR(TRIM(p_test_errors), 1, 4000);
 20  	 ELSE
 21  	   l_errors := TRIM(p_test_errors);
 22  	 END IF;
 23  	 IF p_test_passed IN (otap_constants.OTAP_NUM_TEST_FAILED, otap_constants.OTAP_NUM_TEST_PASSED, otap_constants.OTAP_NUM_TEST_UNDEFINED)
 24  	 THEN
 25  	   l_test_passed := p_test_passed;
 26  	 ELSE
 27  	   l_test_passed := otap_constants.OTAP_NUM_TEST_FAILED;
 28  	   l_errors	 := SUBSTR('Invalid test passed value: ' || p_test_passed || otap_constants.OTAP_LF || l_errors, 1, 4000);
 29  	   otap_util.log('ERROR The given value for test passed ' || p_test_passed || ' for test description ' || p_test_description || ' is not valid.', l_script, 'p_test_passed IN (otap_constants.OTAP_NUM_TEST_FAILED, otap_constants.OTAP_NUM_TEST_PASSED, otap_constants.OTAP_NUM_TEST_UNDEFINED)');
 30  	 END IF;
 31  	 IF p_test_description IS NULL
 32  	 THEN
 33  	   l_test_description := 'Unspecified test ' || TIMESTAMP_TO_SCN(SYSTIMESTAMP);
 34  	   l_errors	      := SUBSTR('Missing test description' || otap_constants.OTAP_LF || l_errors, 1, 4000);
 35  	 ELSE
 36  	   IF LENGTH(p_test_description) > 256
 37  	   THEN
 38  	     l_test_description := SUBSTR(TRIM(p_test_description), 1, 256);
 39  	     l_errors		:= SUBSTR('Test description too long, cutted' || otap_constants.OTAP_LF || l_errors, 1, 4000);
 40  	   ELSE
 41  	     l_test_description := TRIM(p_test_description);
 42  	   END IF;
 43  	 END IF;
 44  	 -- set delete flag as stored
 45  	 l_to_delete := CASE WHEN p_otap_session.persist_test THEN otap_constants.OTAP_NUM_FALSE ELSE otap_constants.OTAP_NUM_TRUE END;
 46  	 -- ready to insert
 47  	 INSERT INTO otap_results
 48  	   ( to_delete
 49  	   , test_passed
 50  	   , test_executor
 51  	   , test_set
 52  	   , test_group
 53  	   , test_name
 54  	   , test_desc
 55  	   , db_user
 56  	   , db_schema
 57  	   , test_errors
 58  	   ) VALUES ( l_to_delete
 59  		    , l_test_passed
 60  		    , p_otap_session.test_executor
 61  		    , p_otap_session.test_set
 62  		    , p_otap_session.test_group
 63  		    , p_otap_session.test_name
 64  		    , l_test_description
 65  		    , p_otap_session.db_user
 66  		    , p_otap_session.db_schema
 67  		    , l_errors
 68  		    )
 69  	 ;
 70  	 COMMIT;
 71    EXCEPTION
 72  	 WHEN OTHERS THEN
 73  	   otap_util.log(SQLERRM, l_script, 'otap_plan.write_test_result call');
 74  	   RAISE;
 75    END write_test_result;
 76  
 77    PROCEDURE write_count_result(p_otap_session IN OTAP_SESSION)
 78    IS
 79  	 l_script	     VARCHAR2(1024) := 'otap_plan.write_count_result';
 80  	 l_test_passed	     INTEGER;
 81  	 l_test_description  VARCHAR2(256);
 82  	 l_errors	     VARCHAR2(4000);
 83    BEGIN
 84  	 -- only write a record, if intended count is set, do nothing otherwise
 85  	 IF p_otap_session.intended_count > 0
 86  	 THEN
 87  	   l_test_passed      := CASE WHEN p_otap_session.test_count = p_otap_session.intended_count THEN otap_constants.OTAP_NUM_TEST_PASSED ELSE otap_constants.OTAP_NUM_TEST_FAILED END;
 88  	   l_test_description := 'Expected test count result';
 89  	   l_errors	      := NULL;
 90  	   write_test_result(l_test_description, p_otap_session, l_test_passed, l_errors);
 91  	 END IF;
 92    EXCEPTION
 93  	 WHEN OTHERS THEN
 94  	   otap_util.log(SQLERRM, l_script, 'otap_plan.write_count_result call');
 95  	   RAISE;
 96    END write_count_result;
 97  
 98    FUNCTION current_test_setting(p_otap_session IN OTAP_SESSION)
 99  	 RETURN VARCHAR2
100    IS
101  	 l_message VARCHAR2(4000);
102    BEGIN
103  	 l_message := 'Current test settings' || otap_constants.OTAP_LF ||
104  		      'Test set: ' || p_otap_session.test_set || otap_constants.OTAP_LF ||
105  		      'Test group: ' || p_otap_session.test_group || otap_constants.OTAP_LF ||
106  		      'Test name: ' || p_otap_session.test_name || otap_constants.OTAP_LF ||
107  		      'Executor: ' || p_otap_session.test_executor || otap_constants.OTAP_LF ||
108  		      'DB user: ' || p_otap_session.db_user || otap_constants.OTAP_LF ||
109  		      'DB schema: ' || p_otap_session.db_schema || otap_constants.OTAP_LF ||
110  		      'Test identifier prefix: ' || p_otap_session.test_prefix || otap_constants.OTAP_LF ||
111  		      'Current tests:' || p_otap_session.test_count || otap_constants.OTAP_LF ||
112  		      'Expected tests: ' || CASE WHEN p_otap_session.intended_count > 0 THEN TO_CHAR(p_otap_session.intended_count) ELSE 'Not set' END || otap_constants.OTAP_LF ||
113  		      'Name precedence: ' || CASE WHEN p_otap_session.name_precedence THEN otap_constants.OTAP_CHAR_TRUE_YES ELSE otap_constants.OTAP_CHAR_FALSE_NO END || otap_constants.OTAP_LF ||
114  		      'Include packages: ' || CASE WHEN p_otap_session.include_packages THEN otap_constants.OTAP_CHAR_TRUE_YES ELSE otap_constants.OTAP_CHAR_FALSE_NO END || otap_constants.OTAP_LF ||
115  		      'Persist: ' || CASE WHEN p_otap_session.persist_test THEN otap_constants.OTAP_CHAR_TRUE_YES ELSE otap_constants.OTAP_CHAR_FALSE_NO END
116  	 ;
117  	 RETURN SUBSTR(l_message, 1, 4000);
118    EXCEPTION
119  	 WHEN OTHERS THEN
120  	   otap_util.log(SQLERRM, 'otap_plan.current_test_setting', 'otap_plan.current_test_setting call');
121  	   RAISE;
122    END current_test_setting;
123  
124    PROCEDURE verify_otap_session(p_otap_session IN OTAP_SESSION)
125    IS
126  	 l_statement VARCHAR2(32767);
127    BEGIN
128  	 -- we expect all fields to be NOT NULL including empty strings
129  	 IF    p_otap_session				  IS NULL
130  	    OR p_otap_session.test_executor		  IS NULL
131  	    OR LENGTH(TRIM(p_otap_session.test_executor))  = 0
132  	    OR p_otap_session.test_set			  IS NULL
133  	    OR LENGTH(TRIM(p_otap_session.test_set))	   = 0
134  	    OR p_otap_session.test_group		  IS NULL
135  	    OR LENGTH(TRIM(p_otap_session.test_group))	   = 0
136  	    OR p_otap_session.test_name 		  IS NULL
137  	    OR LENGTH(TRIM(p_otap_session.test_name))	   = 0
138  	    OR p_otap_session.db_user			  IS NULL
139  	    OR LENGTH(TRIM(p_otap_session.db_user))	   = 0
140  	    OR p_otap_session.db_schema 		  IS NULL
141  	    OR LENGTH(TRIM(p_otap_session.db_schema))	   = 0
142  	    OR p_otap_session.test_prefix		  IS NULL
143  	    OR LENGTH(TRIM(p_otap_session.test_prefix))    = 0
144  	    OR p_otap_session.test_count		  IS NULL
145  	    OR p_otap_session.intended_count		  IS NULL
146  	    OR p_otap_session.persist_test		  IS NULL
147  	    OR p_otap_session.name_precedence		  IS NULL
148  	    OR p_otap_session.include_packages		  IS NULL
149  	 THEN
150  	   l_statement := q'[p_otap_session				IS NULL
151  OR p_otap_session.test_executor		   IS NULL
152  OR LENGTH(TRIM(p_otap_session.test_executor))  = 0
153  OR p_otap_session.test_set 		   IS NULL
154  OR LENGTH(TRIM(p_otap_session.test_set))	    = 0
155  OR p_otap_session.test_group		   IS NULL
156  OR LENGTH(TRIM(p_otap_session.test_group))     = 0
157  OR p_otap_session.test_name		   IS NULL
158  OR LENGTH(TRIM(p_otap_session.test_name))	    = 0
159  OR p_otap_session.db_user			   IS NULL
160  OR LENGTH(TRIM(p_otap_session.db_user))	    = 0
161  OR p_otap_session.db_schema		   IS NULL
162  OR LENGTH(TRIM(p_otap_session.db_schema))	    = 0
163  OR p_otap_session.test_prefix		   IS NULL
164  OR LENGTH(TRIM(p_otap_session.test_prefix))    = 0
165  OR p_otap_session.test_count		   IS NULL
166  OR p_otap_session.intended_count		   IS NULL
167  OR p_otap_session.persist_test		   IS NULL
168  OR p_otap_session.name_precedence		   IS NULL
169  OR p_otap_session.include_packages 	   IS NULL]'
170  	   ;
171  	   otap_util.log('EXCEPTION -20099 invalid OTAP_SESSION object. Internal error. OTAP_TEST session_record must be complete, NULL not allowed. Not possible to continue. Test results will not reliable.', 'otap_plan.verify_otap_session', l_statement);
172  	   RAISE_APPLICATION_ERROR(-20099, 'ERROR otap_plan.verify_otap_session. Internal error. OTAP_TEST session_record must be complete, NULL not allowed. Not possible to continue. Test results are not reliable.');
173  	 END IF;
174    END verify_otap_session;
175  
176    FUNCTION init_test( p_test_count 	 IN	       NUMBER
177  			 , p_test_set		 IN	       VARCHAR2
178  			 , p_test_group 	 IN	       VARCHAR2
179  			 , p_prefix		 IN	       VARCHAR2
180  			 , p_name_precedence	 IN	       NUMBER
181  			 , p_include_pkg	 IN	       NUMBER
182  			 , p_persist		 IN	       NUMBER
183  			 , p_schema		 IN	       VARCHAR2
184  			 , p_user		 IN	       VARCHAR2
185  			 , p_executor		 IN	       VARCHAR2
186  			 , o_otap_session	 IN OUT NOCOPY OTAP_SESSION
187  			 )
188  	 RETURN VARCHAR2
189    IS
190  	 l_script  VARCHAR2(1024) := 'otap_plan.init_test';
191  	 l_message VARCHAR2(4000);
192    BEGIN
193  	 IF    p_schema    IS NULL
194  	    OR p_user	   IS NULL
195  	    OR p_executor  IS NULL
196  	 THEN
197  	   otap_util.log('EXCEPTION -20099 invalid otap_test initialization. Internal error. Neither schema, user or executor can be NULL nor should they be set by the user', l_script, 'p_schema IS NULL OR p_user IS NULL OR p_executor IS NULL');
198  	   RAISE_APPLICATION_ERROR(-20099, 'ERROR otap_plan.init_test. Internal error. Invalid otap_test initialization. Neither schema, user or executor can be NULL nor should they be set by the user');
199  	 END IF;
200  	 -- if test count is not 0 this is a reset, write a test count record, if intended count is set
201  	 IF	o_otap_session.test_count      > 0
202  	    AND (   o_otap_session.intended_count  > 0
203  		 OR NVL(p_test_count, 0)	   > 0
204  		)
205  	 THEN
206  	   -- write record with current values
207  	   write_count_result(o_otap_session);
208  	   -- reset test count
209  	   o_otap_session.test_count	 := 0;
210  	 END IF;
211  	 -- now start setting the new values
212  	 o_otap_session.test_executor  := p_executor;
213  	 o_otap_session.db_user        := p_user;
214  	 o_otap_session.db_schema      := p_schema;
215  	 IF NVL(p_test_count, 0) > 0
216  	 THEN
217  	   o_otap_session.intended_count := p_test_count;
218  	 END IF;
219  	 -- check prefix length
220  	 IF    LENGTH(p_prefix) <= 4
221  	    OR LENGTH(p_prefix) > 0
222  	 THEN
223  	   -- no delimiter allowed
224  	   IF REGEXP_INSTR(p_prefix, '[_|$|#]') = 0
225  	   THEN
226  	     o_otap_session.test_prefix := UPPER(TRIM(p_prefix));
227  	   ELSE
228  	     otap_util.log('ERROR checking otap test prefix ' || p_prefix || ' delimiters _, $, # not allowed', l_script, 'REGEXP_INSTR(p_prefix, ''[_|$|#]'') = 0');
229  	   END IF;
230  	 ELSE
231  	   -- leave prefix as defined, log error
232  	   otap_util.log('ERROR checking otap test prefix ' || p_prefix || ' length, only length 1-4 allowed', l_script, 'LENGTH(p_prefix) <= 4 OR LENGTH(p_prefix) > 0');
233  	 END IF;
234  	 o_otap_session.test_set   := NVL(p_test_set, otap_constants.OTAP_DEFAULT_TEST_SET);
235  	 o_otap_session.test_group := NVL(p_test_group, otap_constants.OTAP_DEFAULT_TEST_GROUP);
236  	 IF NVL(p_name_precedence, otap_constants.OTAP_NUM_TRUE) IN (otap_constants.OTAP_NUM_TRUE, otap_constants.OTAP_NUM_FALSE)
237  	 THEN
238  	   o_otap_session.name_precedence := (NVL(p_name_precedence, otap_constants.OTAP_NUM_TRUE) = otap_constants.OTAP_NUM_TRUE);
239  	 END IF;
240  	 IF NVL(p_include_pkg, otap_constants.OTAP_NUM_FALSE) IN (otap_constants.OTAP_NUM_TRUE, otap_constants.OTAP_NUM_FALSE)
241  	 THEN
242  	   o_otap_session.include_packages := (NVL(p_include_pkg, otap_constants.OTAP_NUM_FALSE) = otap_constants.OTAP_NUM_TRUE);
243  	 END IF;
244  	 IF NVL(p_persist, otap_constants.OTAP_NUM_FALSE) IN (otap_constants.OTAP_NUM_TRUE, otap_constants.OTAP_NUM_FALSE)
245  	 THEN
246  	   o_otap_session.persist_test := (NVL(p_persist, otap_constants.OTAP_NUM_FALSE) = otap_constants.OTAP_NUM_TRUE);
247  	 END IF;
248  	 l_message := otap_plan.current_test_setting(o_otap_session);
249  	 RETURN l_message;
250    EXCEPTION
251  	 WHEN OTHERS THEN
252  	   IF SQLCODE != -20099
253  	   THEN
254  	     otap_util.log(SQLERRM, l_script, 'otap_plan.init_test call');
255  	   END IF;
256  	   RAISE;
257    END init_test;
258  
259    FUNCTION set_test_name( p_test_name     IN	     VARCHAR2
260  			     , o_otap_session  IN OUT NOCOPY OTAP_SESSION
261  			     )
262  	 RETURN VARCHAR2
263    IS
264  	 l_message VARCHAR2(4000);
265    BEGIN
266  	 IF LENGTH(p_test_name) > 256
267  	 THEN
268  	   o_otap_session.test_name := SUBSTR(p_test_name, 1, 256);
269  	   otap_util.log('ERROR test name length exceed 256 chars. Test name ' || p_test_name || ' cutted to 256 chars.', 'otap_plan.set_test_name', 'LENGTH(p_test_name) > 256');
270  	 ELSE
271  	   o_otap_session.test_name := NVL(p_test_name, otap_constants.OTAP_DEFAULT_TEST_NAME);
272  	 END IF;
273  	 l_message := 'Current test name: ' || o_otap_session.test_name;
274  	 RETURN l_message;
275    EXCEPTION
276  	 WHEN OTHERS THEN
277  	   otap_util.log(SQLERRM, 'otap_plan.set_test_name', 'otap_plan.set_test_name call');
278  	   RAISE;
279    END set_test_name;
280  
281    FUNCTION set_test_group( p_test_group	IN	      VARCHAR2
282  			      , o_otap_session	IN OUT NOCOPY OTAP_SESSION
283  			      )
284  	 RETURN VARCHAR2
285    IS
286  	 l_message VARCHAR2(4000);
287    BEGIN
288  	 IF LENGTH(p_test_group) > 256
289  	 THEN
290  	   o_otap_session.test_group := SUBSTR(p_test_group, 1, 256);
291  	   otap_util.log('ERROR test group name length exceed 256 chars. Test group ' || p_test_group || ' cutted to 256 chars.', 'otap_plan.set_test_group', 'LENGTH(p_test_group) > 256');
292  	 ELSE
293  	   o_otap_session.test_group := NVL(p_test_group, otap_constants.OTAP_DEFAULT_TEST_GROUP);
294  	 END IF;
295  	 l_message := 'Current test group: ' || o_otap_session.test_group;
296  	 RETURN l_message;
297    EXCEPTION
298  	 WHEN OTHERS THEN
299  	   otap_util.log(SQLERRM, 'otap_plan.set_test_group', 'otap_plan.set_test_group call');
300  	   RAISE;
301    END set_test_group;
302  
303    FUNCTION set_test_set( p_test_set     IN 	   VARCHAR2
304  			    , o_otap_session IN OUT NOCOPY OTAP_SESSION
305  			    )
306  	 RETURN VARCHAR2
307    IS
308  	 l_message VARCHAR2(4000);
309    BEGIN
310  	 IF LENGTH(p_test_set) > 256
311  	 THEN
312  	   o_otap_session.test_set := SUBSTR(p_test_set, 1, 256);
313  	   otap_util.log('ERROR test set name length exceed 256 chars. Test set ' || p_test_set || ' cutted to 256 chars.', 'otap_plan.set_test_set', 'LENGTH(p_test_set) > 256');
314  	 ELSE
315  	   o_otap_session.test_set := NVL(p_test_set, otap_constants.OTAP_DEFAULT_TEST_SET);
316  	 END IF;
317  	 l_message := 'Current test set: ' || o_otap_session.test_set;
318  	 RETURN l_message;
319    EXCEPTION
320  	 WHEN OTHERS THEN
321  	   otap_util.log(SQLERRM, 'otap_plan.set_test_set', 'SET test set for otap_test');
322  	   RAISE;
323    END set_test_set;
324  
325    PROCEDURE add_test(o_otap_session IN OUT NOCOPY OTAP_SESSION)
326    IS
327    BEGIN
328  	 o_otap_session.test_count := o_otap_session.test_count + 1;
329    EXCEPTION
330  	 WHEN OTHERS THEN
331  	   otap_util.log('EXCEPTION -20099 invalid OTAP_SESSION object. Internal error:' || SQLERRM, 'otap_plan.add_test', 'o_otap_session.test_count := o_otap_session.test_count + 1');
332  	   RAISE_APPLICATION_ERROR(-20099, 'ERROR otap_plan.add_test. Internal error: ' || SQLERRM);
333    END add_test;
334  
335    FUNCTION format_test_result( p_test_passed IN INTEGER
336  				  , p_description IN VARCHAR2
337  				  )
338  	 RETURN VARCHAR2
339    IS
340  	 l_test_result VARCHAR2(256);
341  	 l_statement   VARCHAR2(32767);
342    BEGIN
343  	 -- result column
344  	 l_test_result := RPAD(otap_constants.translate_test_result(p_test_passed), 10, ' ');
345  	 -- we still have 246 chars
346  	 l_test_result := l_test_result || TRIM(SUBSTR(p_description, 1, 246));
347  	 RETURN l_test_result;
348    EXCEPTION
349  	 WHEN OTHERS THEN
350  	   l_statement := q'[l_test_result := RPAD(otap_constants.translate_test_result(p_test_passed), 10, ' ');
351  l_test_result := l_test_result || TRIM(SUBSTR(p_description, 1, 246));]'
352  	   ;
353  	   otap_util.log('Unexpected exception. Internal error:' || SQLERRM, 'otap_plan.format_test_result', l_statement);
354  	   RAISE;
355    END format_test_result;
356  
357  END;
358  /

Package body created.

SQL> @@../otap_ddl/packages/otap_schema.pks
SQL> -- (C) 2024 Michael Lindenau licensed via https://www.gnu.org/licenses/agpl-3.0.txt
SQL> -- and https://toent.ch/licenses/AI_DISCLOSURE_LICENSE_V1
SQL> -- Not allowed to be used as AI training material without explicite permission.
SQL> -- Provides test functions related to schema objects.
SQL> CREATE OR REPLACE PACKAGE otap_schema
  2  AS
  3  
  4    /**
  5    * This package provides the internal available test functions for schema objects which
  6    * are used by OTAP_TEST. It has also dependencies to OTAP_PLAN, OTAP_UTIL and OTAP_CONSTANTS.
  7    */
  8  
  9    /** FUNCTION otap_schema.has_table
 10    * Tests if a table exists or not, writes the test result, add a test to the counter and outputs the test result.
 11    *
 12    * @param p_table_name The table name of the table, taken as is. If not case sensitive you must provide the table name in UPPERCASE.
 13    * @param o_otap_session The otap_session object from package OTAP_TEST.
 14    * @param p_schema A schema override of the current test session if needed, taken as is. If given the table must exist in this schema. If not case sensitive you must provide the schema name in UPPERCASE.
 15    * @param p_description The test description if any. If not given, a description is generated: Test table x exists.
 16    *
 17    * @return The test result as text.
 18    */
 19    FUNCTION has_table( p_table_name   IN		VARCHAR2
 20  			 , o_otap_session IN OUT NOCOPY OTAP_SESSION
 21  			 , p_schema	  IN		VARCHAR2     DEFAULT NULL
 22  			 , p_description  IN		VARCHAR2     DEFAULT NULL
 23  			 )
 24  	 RETURN VARCHAR2
 25    ;
 26  
 27  END;
 28  /

Package created.

SQL> @@../otap_ddl/packages/otap_schema.pkb
SQL> -- (C) 2024 Michael Lindenau licensed via https://www.gnu.org/licenses/agpl-3.0.txt
SQL> -- and https://toent.ch/licenses/AI_DISCLOSURE_LICENSE_V1
SQL> -- Not allowed to be used as AI training material without explicite permission.
SQL> CREATE OR REPLACE PACKAGE BODY otap_schema
  2  AS
  3    -- for description see header file
  4    FUNCTION has_table( p_table_name   IN		VARCHAR2
  5  			 , o_otap_session IN OUT NOCOPY OTAP_SESSION
  6  			 , p_schema	  IN		VARCHAR2     DEFAULT NULL
  7  			 , p_description  IN		VARCHAR2     DEFAULT NULL
  8  			 )
  9  	 RETURN VARCHAR2
 10    IS
 11  	 l_script	     VARCHAR2(1024) := 'otap_schema.has_table';
 12  	 l_has_table	     INTEGER;
 13  	 l_test_passed	     INTEGER;
 14  	 l_schema_to_use     VARCHAR2(130);
 15  	 l_table_name	     VARCHAR2(130);
 16  	 l_test_result	     VARCHAR2(256);
 17  	 l_test_description  VARCHAR2(256);
 18  	 l_errors	     VARCHAR2(4000);
 19  	 l_statement	     VARCHAR2(32767);
 20  	 l_tmp_otap_session  OTAP_SESSION;
 21    BEGIN
 22  	 l_errors := NULL;
 23  	 IF	p_table_name		  IS NOT NULL
 24  	    AND LENGTH(TRIM(p_table_name)) > 0
 25  	 THEN
 26  	   -- check description
 27  	   l_test_description := NVL(p_description, 'Test table ' || p_table_name || ' exists');
 28  	   l_schema_to_use := NVL(p_schema, o_otap_session.db_schema);
 29  	   SELECT COUNT(*)
 30  	     INTO l_has_table
 31  	     FROM dba_tables
 32  	    WHERE table_name = p_table_name
 33  	      AND owner      = l_schema_to_use
 34  	   ;
 35  	   -- we should find one or zero entries
 36  	   l_test_passed := CASE l_has_table
 37  			      WHEN 0
 38  			      THEN otap_constants.OTAP_NUM_TEST_FAILED
 39  			      WHEN 1
 40  			      THEN otap_constants.OTAP_NUM_TEST_PASSED
 41  			      ELSE otap_constants.OTAP_NUM_TEST_UNDEFINED
 42  			    END
 43  	   ;
 44  	   -- report abnormal results and store them in errors
 45  	   IF l_has_table NOT IN (0, 1)
 46  	   THEN
 47  	     l_statement := q'[SELECT COUNT(*)
 48   INTO l_has_table
 49   FROM dba_tables
 50  WHERE table_name = '"' || p_table_name || '"'
 51    AND owner      = '"' || l_schema_to_use || '"']'
 52  	     ;
 53  	     l_errors := 'Check table ' || l_table_name || ' with schema ' || l_schema_to_use || ' results in count ' || l_has_table;
 54  	     otap_util.log(l_errors, l_script, l_statement);
 55  	   END IF;
 56  	 ELSE
 57  	   -- invalid table name
 58  	   l_test_passed       := otap_constants.OTAP_NUM_TEST_UNDEFINED;
 59  	   l_statement	       := 'p_table_name IS NOT NULL AND LENGTH(TRIM(p_table_name)) > 0';
 60  	   l_errors	       := 'Missing table name';
 61  	   l_test_description  := 'Test table ? exists';
 62  	   l_schema_to_use     := NVL(p_schema, o_otap_session.db_schema);
 63  	   otap_util.log(l_errors, l_script, l_statement);
 64  	 END IF;
 65  	 -- due to a possible schema override prepare a temporary object with the schema used
 66  	 l_tmp_otap_session := OTAP_SESSION( o_otap_session.test_executor
 67  					   , o_otap_session.test_set
 68  					   , o_otap_session.test_group
 69  					   , o_otap_session.test_name
 70  					   , o_otap_session.db_user
 71  					   , l_schema_to_use
 72  					   , o_otap_session.test_prefix
 73  					   , o_otap_session.test_count
 74  					   , o_otap_session.intended_count
 75  					   , o_otap_session.persist_test
 76  					   , o_otap_session.name_precedence
 77  					   , o_otap_session.include_packages
 78  					   )
 79  	 ;
 80  	 otap_plan.write_test_result(l_test_description, l_tmp_otap_session, l_test_passed, l_errors);
 81  	 -- now update the session record with new test done
 82  	 otap_plan.add_test(o_otap_session);
 83  	 l_test_result := otap_plan.format_test_result(l_test_passed, l_test_description);
 84  	 RETURN l_test_result;
 85    EXCEPTION
 86  	 WHEN OTHERS THEN
 87  	   otap_util.log('Unexpected exception. Internal error:' || SQLERRM, 'otap_schema.has_table', 'otap_schema.has_table call');
 88  	   RAISE;
 89    END has_table;
 90  
 91  END;
 92  /

Package body created.

SQL> @@../otap_ddl/packages/otap_test.pks
SQL> -- (C) 2024 Michael Lindenau licensed via https://www.gnu.org/licenses/agpl-3.0.txt
SQL> -- and https://toent.ch/licenses/AI_DISCLOSURE_LICENSE_V1
SQL> -- Not allowed to be used as AI training material without explicite permission.
SQL> -- Main package that provides the testing functions and procedures.
SQL> 
SQL> -- read setup configuration as written by DBA setup, path relative to setup caller
SQL> @@../setup/otap_setup_def.sql
SQL> -- generated by DBA setup, do not edit this file manually
SQL> -- (C) 2024 Michael Lindenau licensed via https://www.gnu.org/licenses/agpl-3.0.txt and https://toent.ch/licenses/AI_DISCLOSURE_LICENSE_V1
SQL> -- Not allowed to be used as AI training material without explicite permission.
SQL> 
SQL> DEFINE OTAP_USER="OTAP"
SQL> DEFINE OTAP_TABLESPACE="OTAP_TABLESPACE"
SQL> DEFINE OTAP_ROLE="OTAP_USER"
SQL> DEFINE ROLE_CREATOR="SYS"
SQL> CREATE OR REPLACE PACKAGE otap_test
  2  AS
  3    /**
  4    * Provides the test run interface to users with otap user role. Allows definition of
  5    * test scope, name and test handling. This package may seem huge in terms of functions
  6    * contained. But every function is only a wrapper for the internal package. To get the
  7    * code executed refer to the called package functions.
  8    *
  9    * Every functionality is available as function, so it can be used in SQL statements as
 10    * well as in packages, procedures and functions. Parameters are kept SQL compatible.
 11    *
 12    * The package keeps private package variables in the body which are valid through the
 13    * session, but not longer. Any values set and used by this package are only valid for the
 14    * current session. EXCEPTIONS, if not handled, ARE RAISED. Every function may raise -20099
 15    * Internal error, if the session variable is in an incorrect state. Functions called can
 16    * rely on the session variable that all fields are set.
 17    *
 18    * Names of test functions and procedures follow this rules:
 19    *  3 delimiter: prefix, test set, test group, test name
 20    *	       <test prefix><delimiter><test set name><delimiter><test group name><delimiter><test name>
 21    *	       e.g. TEST_MYTESTSET_MYGROUP_MYTEST0001
 22    *  2 delimiter: prefix, test group, test name
 23    *	       <test prefix><delimiter><test group name><delimiter><test name>
 24    *	       e.g. TEST_MYGROUP_MYTEST0002
 25    *  1 delimiter: prefix, test name
 26    *	       <test prefix><delimiter><test name>
 27    *	       e.g. TEST_MYTEST0004
 28    * >3 delimiter: prefix, test set, test group, rest is testname
 29    *	       <test prefix><delimiter><test set name><delimiter><test group name>(n <delimiter><test name> occurances)
 30    *	       TEST_MYTESTSET_MYGROUP_MYTEST_WITH_A_VERY_LONG_NAME_0001
 31    *
 32    * Delimiter is limited to underscore _. Oracle strongly discourages from using $ or #. Test functions or procedures
 33    * must contain a delimiter after the prefix. Otherwise they are ignored, e.g. testMyFunction is NOT a valid name
 34    * considered by otap. otap ignores case sensitive names. It handles names as not case sensitive.
 35    *
 36    * Name components not given are replaced by the fall_back session variables. They can be set before the test.
 37    * Otherwise they use the defaults. Default is that names define the test set, test group and name. This can
 38    * also be overwritten before the test. In this case test set and test group are retrieved by the session variables
 39    * and test name equals the whole name without the prefix.
 40    * Defaults for prefix and delimiter are defined in OTAP_CONSTANTS.
 41    */
 42  
 43    /** FUNCTION otap_test.init_test
 44    * This function is at some points equal to pgTap plan. As plan is a reserved name in Oracle, even calling
 45    * a package function plan lead to errors. The name init would have been sufficient, but to avoid naming conflicts
 46    * pgTap plan equivalent in otap is init_test.
 47    *
 48    * This function is optional. If you do not execute this, the default settings will be used. Ensure proper naming of
 49    * your test functions and preocedures to make it work as desired without initialization.
 50    *
 51    * Function will set internal package variables for the duration of the session. If you open a different session, make
 52    * sure that you run init_test before, if needed.
 53    *
 54    * Main functionality is setting the amount of tests to expect. If greater than 0 this will include a test report section
 55    * containing differences in tests expected and tests executed.
 56    *
 57    * Wrapper for otap_plan.init_test.
 58    *
 59    * @param p_test_count The amount of tests expected to be executed when called.
 60    * @param p_test_set The name of the test set applied if the name of the executed test procedure or function does not provide a test set name or name precendence is disabled.
 61    * @param p_test_group The name of the test group applied if the name of the executed test procedure or function does not provide a test group name or name precendence is disabled.
 62    * @param p_prefix The prefix to use for identifying test functions and procedures. Limited to 4 chars, no delimiter allowed. Not case sensitive. Test functions and procedures must have a trailing delimiter _ after the prefix to be identified.
 63    * @param p_name_precedence Can disable the naming conventions for otap. If set to otap_constants.OTAP_NUM_FALSE, all tests will run under the defined test set and group, set by init_test.
 64    * @param p_include_pkg Can enable to search also packages and package procedures and functions that fit the naming convention with the given prefix, if set to otap_constants.OTAP_NUM_TRUE.
 65    * @param p_persist Can enable to persist the test results longer than the current default of PRESERVE_DAYS in OTAP_CONFIG, if set to otap_constants.OTAP_NUM_TRUE.
 66    *
 67    * The following parameters are needed by otap, but should never be overwritten.
 68    * It is the only way otap can find out correctly under which schema and user it is running.
 69    * @param p_schema Reads current schema from caller environment, DO NOT SET.
 70    * @param p_user Reads current user from caller environment, DO NOT SET.
 71    * @param p_executor Reads session user from caller environment, DO NOT SET.
 72    */
 73    FUNCTION init_test( p_test_count      IN NUMBER	 DEFAULT 0
 74  			 , p_test_set	     IN VARCHAR2 DEFAULT otap_constants.OTAP_DEFAULT_TEST_SET
 75  			 , p_test_group      IN VARCHAR2 DEFAULT otap_constants.OTAP_DEFAULT_TEST_GROUP
 76  			 , p_prefix	     IN VARCHAR2 DEFAULT otap_constants.OTAP_DEFAULT_PREFIX
 77  			 , p_name_precedence IN NUMBER	 DEFAULT otap_constants.OTAP_NUM_TRUE
 78  			 , p_include_pkg     IN NUMBER	 DEFAULT otap_constants.OTAP_NUM_FALSE
 79  			 , p_persist	     IN NUMBER	 DEFAULT otap_constants.OTAP_NUM_FALSE
 80  			 -- internal variables from caller environment DO NOT SET them explicitely
 81  			 -- currently no save way exists to get the correct values otherwise
 82  			 , p_schema	     IN VARCHAR2 DEFAULT SYS_CONTEXT('USERENV', 'CURRENT_SCHEMA')
 83  			 , p_user	     IN VARCHAR2 DEFAULT SYS_CONTEXT('USERENV', 'CURRENT_USER')
 84  			 , p_executor	     IN VARCHAR2 DEFAULT SYS_CONTEXT('USERENV', 'SESSION_USER')
 85  			 )
 86  	 RETURN VARCHAR2
 87    ;
 88  
 89    /** FUNCTION otap_test.current_settings
 90    * Returns an LF terminated string about the current package session state.
 91    * Wrapper for otap_plan.current_test_setting.
 92    *
 93    * @return An info message about the current package session variables.
 94    */
 95    FUNCTION current_settings
 96  	 RETURN VARCHAR2
 97    ;
 98  
 99    /** FUNCTION otap_test.set_test_name
100    * Handles and sets the current active test name. If test name is longer than 256 chars
101    * it is cutted to 256 chars. If NULL is given than, otap_constants.OTAP_DEFAULT_TEST_NAME
102    * is used. Only valid within one session, if session ends, test name is reset.
103    *
104    * Test names are usually retrieved from the executed test function or procedure. Can
105    * be used to overwrite the group within a test function or procedure.
106    *
107    * @param p_test_name The test name to use for the next test.
108    *
109    * @return The test name currently active as text message.
110    */
111    FUNCTION set_test_name(p_test_name IN VARCHAR2)
112  	 RETURN VARCHAR2
113    ;
114  
115    /** FUNCTION otap_test.set_test_group
116    * Handles and sets the current active test group. If test group name is longer than 256 chars
117    * it is cutted to 256 chars. If NULL is given than, otap_constants.OTAP_DEFAULT_TEST_GROUP
118    * is used. Only valid within one session, if session ends, test name is reset.
119    *
120    * Test group names are usually retrieved from the executed test function or procedure. Can
121    * be used to overwrite the group within a test function or procedure.
122    *
123    * @param p_test_group The test group name to use for the next tests.
124    *
125    * @return The test group currently active as text message.
126    */
127    FUNCTION set_test_group(p_test_group IN VARCHAR2)
128  	 RETURN VARCHAR2
129    ;
130  
131    /** FUNCTION otap_test.set_test_set
132    * Handles and sets the current active test set. If test set name is longer than 256 chars
133    * it is cutted to 256 chars. If NULL is given than, otap_constants.OTAP_DEFAULT_TEST_SET
134    * is used.
135    *
136    * Test set names are usually retrieved from the executed test function or procedure. Can
137    * be used to overwrite the set within a test function or procedure.
138    *
139    * @param p_test_set The test set name to use for the next tests.
140    *
141    * @return The test set currently active as text message.
142    */
143    FUNCTION set_test_set(p_test_set IN VARCHAR2)
144  	 RETURN VARCHAR2
145    ;
146  
147    /** FUNCTION otap_test.has_table
148    * Tests if a table exists or not and outputs the test result.
149    *
150    * @param p_table_name The table name of the table, taken as is. If not case sensitive you must provide the table name in UPPERCASE.
151    * @param p_schema A schema override of the current test session if needed, taken as is. If given the table must exist in this schema. If not case sensitive you must provide the schema name in UPPERCASE.
152    * @param p_description The test description if any. If not given, a description is generated: Test table x exists.
153    *
154    * @return The test result as text.
155    */
156    FUNCTION has_table( p_table_name   IN		VARCHAR2
157  			 , p_schema	  IN		VARCHAR2     DEFAULT NULL
158  			 , p_description  IN		VARCHAR2     DEFAULT NULL
159  			 )
160  	 RETURN VARCHAR2
161    ;
162  
163  END;
164  /

Package created.

SQL> GRANT EXECUTE ON otap_test TO &OTAP_ROLE;
old   1: GRANT EXECUTE ON otap_test TO &OTAP_ROLE
new   1: GRANT EXECUTE ON otap_test TO OTAP_USER

Grant succeeded.

SQL> @@../otap_ddl/packages/otap_test.pkb
SQL> -- (C) 2024 Michael Lindenau licensed via https://www.gnu.org/licenses/agpl-3.0.txt
SQL> -- and https://toent.ch/licenses/AI_DISCLOSURE_LICENSE_V1
SQL> -- Not allowed to be used as AI training material without explicite permission.
SQL> CREATE OR REPLACE PACKAGE BODY otap_test
  2  AS
  3    -- for description see header file
  4    --========= package session variables =========--
  5    -- define private package sesstion variables and set defaults
  6    session_record OTAP_SESSION := otap_session( SYS_CONTEXT('USERENV', 'SESSION_USER')
  7  						  , otap_constants.OTAP_DEFAULT_TEST_SET
  8  						  , otap_constants.OTAP_DEFAULT_TEST_GROUP
  9  						  , otap_constants.OTAP_DEFAULT_TEST_NAME
 10  						  , SYS_CONTEXT('USERENV', 'CURRENT_USER')
 11  						  , SYS_CONTEXT('USERENV', 'CURRENT_SCHEMA')
 12  						  , otap_constants.OTAP_DEFAULT_PREFIX
 13  						  , 0
 14  						  , 0
 15  						  , FALSE
 16  						  , TRUE
 17  						  , FALSE
 18  						  )
 19    ;
 20  
 21    FUNCTION init_test( p_test_count      IN NUMBER	 DEFAULT 0
 22  			 , p_test_set	     IN VARCHAR2 DEFAULT otap_constants.OTAP_DEFAULT_TEST_SET
 23  			 , p_test_group      IN VARCHAR2 DEFAULT otap_constants.OTAP_DEFAULT_TEST_GROUP
 24  			 , p_prefix	     IN VARCHAR2 DEFAULT otap_constants.OTAP_DEFAULT_PREFIX
 25  			 , p_name_precedence IN NUMBER	 DEFAULT otap_constants.OTAP_NUM_TRUE
 26  			 , p_include_pkg     IN NUMBER	 DEFAULT otap_constants.OTAP_NUM_FALSE
 27  			 , p_persist	     IN NUMBER	 DEFAULT otap_constants.OTAP_NUM_FALSE
 28  			 -- internal variables from caller environment DO NOT SET them explicitely
 29  			 -- currently no save way exists to get the correct values otherwise
 30  			 , p_schema	     IN VARCHAR2 DEFAULT SYS_CONTEXT('USERENV', 'CURRENT_SCHEMA')
 31  			 , p_user	     IN VARCHAR2 DEFAULT SYS_CONTEXT('USERENV', 'CURRENT_USER')
 32  			 , p_executor	     IN VARCHAR2 DEFAULT SYS_CONTEXT('USERENV', 'SESSION_USER')
 33  			 )
 34  	 RETURN VARCHAR2
 35    IS
 36  	 l_message VARCHAR2(4000);
 37    BEGIN
 38  	 otap_plan.verify_otap_session(session_record);
 39  	 l_message := otap_plan.init_test( p_test_count
 40  					 , p_test_set
 41  					 , p_test_group
 42  					 , p_prefix
 43  					 , p_name_precedence
 44  					 , p_include_pkg
 45  					 , p_persist
 46  					 , p_schema
 47  					 , p_user
 48  					 , p_executor
 49  					 , session_record
 50  					 )
 51  	 ;
 52  	 otap_plan.verify_otap_session(session_record);
 53  	 RETURN l_message;
 54    EXCEPTION
 55  	 WHEN OTHERS THEN
 56  	   IF SQLCODE != -20099
 57  	   THEN
 58  	     otap_util.log(SQLERRM, 'otap_test.init_test', 'otap_test.init_test call');
 59  	   END IF;
 60  	   RAISE;
 61    END init_test;
 62  
 63    FUNCTION current_settings
 64  	 RETURN VARCHAR2
 65    IS
 66  	 l_message VARCHAR2(4000);
 67    BEGIN
 68  	 otap_plan.verify_otap_session(session_record);
 69  	 l_message := otap_plan.current_test_setting(session_record);
 70  	 otap_plan.verify_otap_session(session_record);
 71  	 RETURN l_message;
 72    EXCEPTION
 73  	 WHEN OTHERS THEN
 74  	   IF SQLCODE != -20099
 75  	   THEN
 76  	     otap_util.log(SQLERRM, 'otap_test.current_test_setting', 'otap_test.current_test_setting call');
 77  	   END IF;
 78  	   RAISE;
 79    END current_settings;
 80  
 81    FUNCTION set_test_name(p_test_name IN VARCHAR2)
 82  	 RETURN VARCHAR2
 83    IS
 84  	 l_message VARCHAR2(4000);
 85    BEGIN
 86  	 otap_plan.verify_otap_session(session_record);
 87  	 l_message := otap_plan.set_test_name(p_test_name, session_record);
 88  	 otap_plan.verify_otap_session(session_record);
 89  	 RETURN l_message;
 90    EXCEPTION
 91  	 WHEN OTHERS THEN
 92  	   IF SQLCODE != -20099
 93  	   THEN
 94  	     otap_util.log(SQLERRM, 'otap_test.set_test_name', 'otap_test.set_test_name call');
 95  	   END IF;
 96  	   RAISE;
 97    END set_test_name;
 98  
 99    FUNCTION set_test_group(p_test_group IN VARCHAR2)
100  	 RETURN VARCHAR2
101    IS
102  	 l_message VARCHAR2(4000);
103    BEGIN
104  	 otap_plan.verify_otap_session(session_record);
105  	 l_message := otap_plan.set_test_group(p_test_group, session_record);
106  	 otap_plan.verify_otap_session(session_record);
107  	 RETURN l_message;
108    EXCEPTION
109  	 WHEN OTHERS THEN
110  	   IF SQLCODE != -20099
111  	   THEN
112  	     otap_util.log(SQLERRM, 'otap_test.set_test_group', 'otap_test.set_test_group call');
113  	   END IF;
114  	   RAISE;
115    END set_test_group;
116  
117    FUNCTION set_test_set(p_test_set IN VARCHAR2)
118  	 RETURN VARCHAR2
119    IS
120  	 l_message VARCHAR2(4000);
121    BEGIN
122  	 otap_plan.verify_otap_session(session_record);
123  	 l_message := otap_plan.set_test_set(p_test_set, session_record);
124  	 otap_plan.verify_otap_session(session_record);
125  	 RETURN l_message;
126    EXCEPTION
127  	 WHEN OTHERS THEN
128  	   IF SQLCODE != -20099
129  	   THEN
130  	     otap_util.log(SQLERRM, 'otap_test.set_test_set', 'otap_test.set_test_set call');
131  	   END IF;
132  	   RAISE;
133    END set_test_set;
134  
135    FUNCTION has_table( p_table_name   IN		VARCHAR2
136  			 , p_schema	  IN		VARCHAR2     DEFAULT NULL
137  			 , p_description  IN		VARCHAR2     DEFAULT NULL
138  			 )
139  	 RETURN VARCHAR2
140    IS
141  	 l_message VARCHAR2(4000);
142    BEGIN
143  	 otap_plan.verify_otap_session(session_record);
144  	 l_message := otap_schema.has_table(p_table_name, session_record, p_schema, p_description);
145  	 otap_plan.verify_otap_session(session_record);
146  	 RETURN l_message;
147    EXCEPTION
148  	 WHEN OTHERS THEN
149  	   IF SQLCODE != -20099
150  	   THEN
151  	     otap_util.log(SQLERRM, 'otap_test.has_table', 'otap_test.has_table call');
152  	   END IF;
153  	   RAISE;
154    END has_table;
155  
156  END;
157  /

Package body created.

SQL> -- jobs
SQL> @@../otap_ddl/jobs/OTAP_MAINTENANCE.sql
SQL> -- (C) 2024 Michael Lindenau licensed via https://www.gnu.org/licenses/agpl-3.0.txt
SQL> -- and https://toent.ch/licenses/AI_DISCLOSURE_LICENSE_V1
SQL> -- Not allowed to be used as AI training material without explicite permission.
SQL> DECLARE
  2    l_count NUMBER;
  3  BEGIN
  4    SELECT COUNT(*) INTO l_count FROM user_scheduler_jobs WHERE job_name = 'OTAP_MAINTENANCE';
  5    IF l_count = 0
  6    THEN
  7  	 -- install job
  8  	 DBMS_SCHEDULER.CREATE_JOB( job_name => 'OTAP_MAINTENANCE'
  9  				  , job_type => 'PLSQL_BLOCK'
 10  				  , job_action => 'otap_util.result_cleanup;'
 11  				  , repeat_interval => 'FREQ=WEEKLY;BYTIME=230000;BYDAY=MON,TUE,WED,THU,FRI'
 12  				  , enabled => FALSE
 13  				  , auto_drop => FALSE
 14  				  , comments => 'otap test result cleanup'
 15  				  )
 16  	 ;
 17  	 DBMS_SCHEDULER.SET_ATTRIBUTE( name => 'OTAP_MAINTENANCE'
 18  				     , attribute => 'store_output'
 19  				     , value => TRUE
 20  				     )
 21  	 ;
 22  	 DBMS_SCHEDULER.SET_ATTRIBUTE( name => 'OTAP_MAINTENANCE'
 23  				     , attribute => 'logging_level'
 24  				     , value => DBMS_SCHEDULER.LOGGING_FULL
 25  				     )
 26  	 ;
 27  	 DBMS_SCHEDULER.enable(name => 'OTAP_MAINTENANCE');
 28  	 DBMS_OUTPUT.PUT_LINE('Created and enabled job OTAP_MAINTENANCE');
 29    ELSE
 30  	 -- inform that job exists
 31  	 DBMS_OUTPUT.PUT_LINE('WARNING Job OTAP_MAINTENANCE already exists, do nothing');
 32    END IF;
 33  END;
 34  /
Created and enabled job OTAP_MAINTENANCE

PL/SQL procedure successfully completed.

SQL> -- ==============INSTALL end==============
SQL> @@util/log_silent.sql
SQL> -- (C) 2024 Michael Lindenau licensed via https://www.gnu.org/licenses/agpl-3.0.txt
SQL> -- and https://toent.ch/licenses/AI_DISCLOSURE_LICENSE_V1
SQL> -- Not allowed to be used as AI training material without explicite permission.
SQL> SET ECHO OFF
SUCCESS - no errors found during setup
(C) 2024 Michael Lindenau licensed via https://www.gnu.org/licenses/agpl-3.0.txt and https://toent.ch/licenses/AI_DISCLOSURE_LICENSE_V1
Not allowed to be used as AI training material without explicite permission.

