SQL> -- update config data
SQL> UPDATE otap_config
  2  	SET config_value = 'sets: @sets@ groups: @groups@ names: @names@ descriptions: @descs@'
  3   WHERE config_name = 'TEMPLATE_REPORT_TOTAL'
  4  ;

1 row updated.

SQL> UPDATE otap_config
  2  	SET config_value = '@status@ @runtime@ @exectime@ runs: @runs@ errors: @errors@ issues: @issues@'
  3   WHERE config_name = 'TEMPLATE_SUMMARY'
  4  ;

1 row updated.

SQL> UPDATE otap_config
  2  	SET config_max_length  = 50
  3  	  , config_description = 'Used in templates as information text if a set, group or test name has executed without errors. Extended by the category specific information. Adjust summary header if longer than 7 chars. Limited to 50 chars, recommended as short as possible.'
  4   WHERE config_name = 'TEXT_SUMMARY_SUCCESS'
  5  ;

0 rows updated.

SQL> UPDATE otap_config
  2  	SET config_max_length  = 50
  3  	  , config_description = 'Used in templates as information text if a set, group or test name has executed with errors. Extended by the category specific information. Adjust summary header if longer than 7 chars. Limited to 50 chars, recommended as short as possible.'
  4   WHERE config_name = 'TEXT_SUMMARY_ERROR'
  5  ;

0 rows updated.

SQL> COMMIT;

Commit complete.

SQL> -- reinstall session object
SQL> @@../otap_ddl/types/otap_session.sql
SQL> -- (C) 2024 Michael Lindenau licensed via https://www.gnu.org/licenses/agpl-3.0.txt
SQL> -- and https://toent.ch/licenses/AI_DISCLOSURE_LICENSE_V1
SQL> -- Not allowed to be used as AI training material without explicite permission.
SQL> -- basic object for current otap test data, using a package to control the object
SQL> -- member functions and procedures are too much limited
SQL> CREATE OR REPLACE TYPE otap_session
  2    AS OBJECT
  3  	  -- provides the current data from a test session as stored in OTAP_TEST
  4  	  -- values may change during the session
  5  	  ( test_executor    VARCHAR2(128 CHAR)
  6  	  , test_set	     VARCHAR2(256 CHAR)
  7  	  , test_group	     VARCHAR2(256 CHAR)
  8  	  , test_name	     VARCHAR2(256 CHAR)
  9  	  , db_user	     VARCHAR2(128 CHAR)
 10  	  , db_schema	     VARCHAR2(128 CHAR)
 11  	  , test_prefix      VARCHAR2(4 CHAR)
 12  	  , session_language VARCHAR2(3 CHAR)
 13  	  , test_count	     INTEGER
 14  	  , intended_count   INTEGER
 15  	  , persist_test     BOOLEAN
 16  	  , name_precedence  BOOLEAN
 17  	  , include_packages BOOLEAN
 18  	  , session_start    DATE
 19  	  , session_id	     INTEGER
 20  	  , error_count      INTEGER
 21  	  , session_view_id  INTEGER
 22  	  )
 23  ;
 24  /

Type created.

SQL> -- reinstall the materialized view to get all labels
SQL> @@../otap_ddl/views/drop/drop_otap_labels_mv.sql
SQL> -- (C) 2024 Michael Lindenau licensed via https://www.gnu.org/licenses/agpl-3.0.txt
SQL> -- and https://toent.ch/licenses/AI_DISCLOSURE_LICENSE_V1
SQL> -- Not allowed to be used as AI training material without explicite permission.
SQL> DROP MATERIALIZED VIEW otap_labels_mv;

Materialized view dropped.

SQL> @@../otap_ddl/views/otap_labels_mv.sql
SQL> -- (C) 2024 Michael Lindenau licensed via https://www.gnu.org/licenses/agpl-3.0.txt
SQL> -- and https://toent.ch/licenses/AI_DISCLOSURE_LICENSE_V1
SQL> -- Not allowed to be used as AI training material without explicite permission.
SQL> -- Internal view for otap labels. Cast to 128 length as config names.
SQL> -- Materialized to improve performance, if object types change in the database, refresh the view manually.
SQL> CREATE MATERIALIZED VIEW otap_labels_mv
  2    REFRESH FORCE ON DEMAND WITH ROWID USING TRUSTED CONSTRAINTS
  3  AS
  4  	 WITH grp AS (SELECT CAST(TRIM(object_type) AS VARCHAR2(128 CHAR)) AS object_type FROM dba_objects GROUP BY object_type
  5  		       UNION ALL
  6  			     -- add reserved word missing
  7  		      SELECT CAST(TRIM(keyword) AS VARCHAR2(128 CHAR)) AS object_type FROM v$reserved_words WHERE keyword IN ( 'COLUMN'
  8  															     , 'USER'
  9  															     , 'ROLE'
 10  															     , 'CONSTRAINT'
 11  															     , 'VARCHAR2'
 12  															     , 'NUMBER'
 13  															     , 'BOOLEAN'
 14  															     , 'DATE'
 15  															     , 'NULL'
 16  															     , 'DATABASE'
 17  															     )
 18  		       UNION ALL
 19  			     -- add reserved words that are a combination of more than one word for constraint types
 20  		      SELECT CAST('PRIMARY KEY' AS VARCHAR2(128 CHAR)) AS object_type FROM dual  -- P
 21  		       UNION ALL
 22  		      SELECT CAST('UNIQUE KEY' AS VARCHAR2(128 CHAR)) AS object_type FROM dual -- U
 23  		       UNION ALL
 24  		      SELECT CAST('FOREIGN KEY' AS VARCHAR2(128 CHAR)) AS object_type FROM dual -- R
 25  		       UNION ALL
 26  		      SELECT CAST('CHECK' AS VARCHAR2(128 CHAR)) AS object_type FROM dual -- C generic
 27  		       UNION ALL
 28  		      SELECT CAST('NOT NULL' AS VARCHAR2(128 CHAR)) AS object_type FROM dual -- C special
 29  		       UNION ALL
 30  		      SELECT CAST('VIEW CHECK' AS VARCHAR2(128 CHAR)) AS object_type FROM dual -- V
 31  		       UNION ALL
 32  		      SELECT CAST('VIEW READONLY' AS VARCHAR2(128 CHAR)) AS object_type FROM dual -- O
 33  		       UNION ALL
 34  		      SELECT CAST('REF COLUMN' AS VARCHAR2(128 CHAR)) AS object_type FROM dual -- F
 35  		       UNION ALL
 36  		      SELECT CAST('HASH' AS VARCHAR2(128 CHAR)) AS object_type FROM dual -- H
 37  		       UNION ALL
 38  		      SELECT CAST('SUPPLEMENTAL LOGGGING' AS VARCHAR2(128 CHAR)) AS object_type FROM dual -- S
 39  		       UNION ALL
 40  		      SELECT CAST('INVALID CONSTRAINT TYPE' AS VARCHAR2(128 CHAR)) AS object_type FROM dual -- S
 41  			-- scheduler job to differentiate from database job
 42  		       UNION ALL
 43  		      SELECT CAST('SCHEDULER JOB' AS VARCHAR2(128 CHAR)) AS object_type FROM dual
 44  			-- exception for logic matches on exceptions
 45  		       UNION ALL
 46  		      SELECT CAST('EXCEPTION' AS VARCHAR2(128 CHAR)) AS object_type FROM dual
 47  		     )
 48    SELECT object_type							     AS oracle_type
 49  	    , CAST('LABEL_' || REPLACE(object_type, ' ', '_') AS VARCHAR2(128 CHAR)) AS otap_identifier
 50  	    , LOWER(object_type)						     AS otap_label_lower
 51  	    , INITCAP(object_type)						     AS otap_label_cap
 52  	    , UPPER(object_type)						     AS otap_label_upper
 53  	    , object_type							     AS otap_label_source
 54  	 FROM grp
 55  ;

Materialized view created.

SQL> -- reinstall changed views
SQL> @@../otap_ddl/views/otap_identifiers_v.sql
SQL> -- (C) 2024 Michael Lindenau licensed via https://www.gnu.org/licenses/agpl-3.0.txt
SQL> -- and https://toent.ch/licenses/AI_DISCLOSURE_LICENSE_V1
SQL> -- Not allowed to be used as AI training material without explicite permission.
SQL> -- Internal view for all otap identifiers that provides translations available from OTAP_TRANSLATE.
SQL> -- If translations are available, this view is only unique if filtered by language_id.
SQL> CREATE OR REPLACE VIEW otap_identifiers_v
  2  AS
  3  	 WITH lbl AS
  4  	      (SELECT config_name		       AS otap_identifier
  5  		      -- leave configuration unchanged
  6  		    , config_value		       AS label_text_lower
  7  		    , config_value		       AS label_text_cap
  8  		    , config_value		       AS label_text_upper
  9  		    , config_value		       AS label_source
 10  		    , config_type		       AS label_type
 11  		    , translatable		       AS label_translatable
 12  		    , otap_constants.get_otap_num_true AS from_config
 13  		 FROM otap_config
 14  		UNION ALL
 15  	       SELECT otap_identifier
 16  		    , otap_label_lower			       AS label_text_lower
 17  		    , otap_label_cap			       AS label_text_cap
 18  		    , otap_label_upper			       AS label_text_upper
 19  		    , otap_label_source 		       AS label_source
 20  		    , otap_constants.get_otap_config_type_char AS label_type
 21  		    , otap_constants.get_otap_num_true	       AS label_translatable
 22  		    , otap_constants.get_otap_num_false        AS from_config
 23  		 FROM otap_labels_mv
 24  	      )
 25  	      -- guarantee fallback language
 26  	    , nol AS  -- no language
 27  	      (SELECT otap_identifier
 28  		    , 'N/A'					AS language_id
 29  		    , label_text_lower
 30  		    , label_text_cap
 31  		    , label_text_upper
 32  		    , label_source
 33  		    , label_type
 34  		    , label_translatable
 35  		    , from_config
 36  		 FROM lbl
 37  	      )
 38  	    , lng AS -- all defined language translations
 39  	      (SELECT lbl.otap_identifier
 40  		    , otr.language_id
 41  		      -- leave translations unchanged
 42  		    , otr.label_text	     AS label_text_lower
 43  		    , otr.label_text	     AS label_text_cap
 44  		    , otr.label_text	     AS label_text_upper
 45  		    , lbl.label_source
 46  		    , lbl.label_type
 47  		    , lbl.label_translatable
 48  		    , lbl.from_config
 49  		 FROM otap_translate otr
 50  		 LEFT OUTER JOIN lbl
 51  		   ON otr.otap_identifier = lbl.otap_identifier
 52  	      )
 53    SELECT otap_identifier
 54  	    , language_id
 55  	    , label_text_lower
 56  	    , label_text_cap
 57  	    , label_text_upper
 58  	    , label_source
 59  	    , label_type
 60  	    , label_translatable
 61  	    , from_config
 62  	 FROM nol
 63  	UNION ALL
 64    SELECT otap_identifier
 65  	    , language_id
 66  	    , label_text_lower
 67  	    , label_text_cap
 68  	    , label_text_upper
 69  	    , label_source
 70  	    , label_type
 71  	    , label_translatable
 72  	    , from_config
 73  	 FROM lng
 74  ;

View created.

SQL> -- independent packages
SQL> @@../otap_ddl/packages/otap_constants.pks
SQL> -- (C) 2024 Michael Lindenau licensed via https://www.gnu.org/licenses/agpl-3.0.txt
SQL> -- and https://toent.ch/licenses/AI_DISCLOSURE_LICENSE_V1
SQL> -- Not allowed to be used as AI training material without explicite permission.
SQL> -- Basic package that provides the used constants of otap.
SQL> -- Requires a successful DBA setup and correct otap_setup_def.sql.
SQL> 
SQL> -- read setup configuration as written by DBA setup, path relative to setup caller
SQL> @@../setup/otap_setup_def.sql
SQL> -- generated by DBA setup, do not edit this file manually
SQL> -- (C) 2024 Michael Lindenau licensed via https://www.gnu.org/licenses/agpl-3.0.txt and https://toent.ch/licenses/AI_DISCLOSURE_LICENSE_V1
SQL> -- Not allowed to be used as AI training material without explicite permission.
SQL> 
SQL> DEFINE OTAP_USER="OTAP"
SQL> DEFINE OTAP_TABLESPACE="OTAP_TABLESPACE"
SQL> DEFINE OTAP_ROLE="OTAP_USER"
SQL> DEFINE ROLE_CREATOR="SYS"
SQL> 
SQL> CREATE OR REPLACE PACKAGE otap_constants
  2  AS
  3    /**
  4    * This package contains all application wide constants needed by otap. Every constant can be accessed via PL/SQL.
  5    * Some constants provide a get function for use in SQL statements.
  6    * This package is available to the otap user role defined in otap_setup_def.sql.
  7    */
  8  
  9    /*====================================== start package constants used by otap ======================================*/
 10  
 11    -- the following constants have get functions that can be used in SQL selects
 12    OTAP_INTERNAL_VERSION_NR CONSTANT CHAR(13)	     := 'v1.0.0-beta.1';
 13    OTAP_INTERNAL_NAME	CONSTANT CHAR(38)	     := 'otap - Oracle Test Automation Protocol';
 14    OTAP_INTERNAL_COPYRIGHT1 CONSTANT CHAR(80)	     := '(C) 2024 Michael Lindenau licensed via https://www.gnu.org/licenses/agpl-3.0.txt';
 15    OTAP_INTERNAL_COPYRIGHT2 CONSTANT CHAR(54)	     := 'and https://toent.ch/licenses/AI_DISCLOSURE_LICENSE_V1';
 16    OTAP_INTERNAL_COPYRIGHT3 CONSTANT CHAR(76)	     := 'Not allowed to be used as AI training material without explicite permission.';
 17    -- we do not know the size of the setup configuration variable, this can be used as a string size attack, package will
 18    -- fail being created. otap can't handle this, must rely on Oracle (hard to believe). Nevertheless names currently
 19    -- (until Oracle 23i) are limited to 128 chars.
 20    OTAP_INTERNAL_USER_ROLE	CONSTANT VARCHAR2(128 CHAR)  := '&OTAP_ROLE';
 21    OTAP_INTERNAL_SCHEMA	CONSTANT VARCHAR2(128 CHAR)  := '&OTAP_USER';
 22    OTAP_INTERNAL_TABLESPACE CONSTANT VARCHAR2(128 CHAR)  := '&OTAP_TABLESPACE';
 23    OTAP_NUM_TRUE		CONSTANT INTEGER	     := 1;
 24    OTAP_NUM_FALSE		CONSTANT INTEGER	     := 0;
 25    OTAP_NUM_TEST_PASSED	CONSTANT INTEGER	     := 1;
 26    OTAP_NUM_TEST_FAILED	CONSTANT INTEGER	     := -1;
 27    OTAP_NUM_TEST_UNDEFINED	CONSTANT INTEGER	     := 0;
 28    OTAP_NUM_MIN_FILL_LENGTH CONSTANT INTEGER	     := 80;
 29    OTAP_NUM_MAX_FILL_LENGTH CONSTANT INTEGER	     := 4000;
 30    -- default fix name delimiter, $ and # are not recommended by Oracle and therefore not configurable
 31    OTAP_INTERNAL_DELIMITER	CONSTANT CHAR(1)	     := '_';
 32    OTAP_INTERNAL_ERROR	CONSTANT CHAR(10)	     := 'OTAP_ERROR';
 33    OTAP_INTERNAL_WARNING	CONSTANT CHAR(12)	     := 'OTAP_WARNING';
 34    OTAP_INTERNAL_NA 	CONSTANT CHAR(3)	     := 'N/A';
 35    OTAP_INTERNAL_VAR	CONSTANT CHAR(1)	     := '@';
 36    OTAP_CONFIG_TYPE_NUMBER	CONSTANT CHAR(6)	     := 'NUMBER';
 37    OTAP_CONFIG_TYPE_CHAR	CONSTANT CHAR(4)	     := 'CHAR';
 38    -- no get functions for the following constants
 39    -- internal otap constants only usable within PLSQL
 40    OTAP_INTERNAL_LF 		   CONSTANT CHAR(1)	   := CHR(10);
 41    OTAP_TEST_LANGUAGE_ID		   CONSTANT CHAR(3)	   := 'T$O';
 42    OTAP_NUM_PREFIX_MAX_SIZE 	   CONSTANT INTEGER	   := 4;
 43    OTAP_LAYOUT_RIGHT		   CONSTANT CHAR(1)	   := 'R';
 44    OTAP_LAYOUT_MIDDLE		   CONSTANT CHAR(1)	   := 'M';
 45    OTAP_LAYOUT_LEFT 		   CONSTANT CHAR(1)	   := 'L';
 46    OTAP_LABEL_UPPER 		   CONSTANT CHAR(1)	   := 'U';
 47    OTAP_LABEL_LOWER 		   CONSTANT CHAR(1)	   := 'L';
 48    OTAP_LABEL_INIT_CAP		   CONSTANT CHAR(1)	   := 'I';
 49    OTAP_TYPE_VAR			   CONSTANT CHAR(6)	   := '@type@';
 50    OTAP_GEN_TYPE_SCRIPT		   CONSTANT CHAR(1)	   := 'S';
 51    OTAP_GEN_TYPE_FUNCTION		   CONSTANT CHAR(1)	   := 'F';
 52    OTAP_GEN_TYPE_PROCEDURE		   CONSTANT CHAR(1)	   := 'P';
 53    -- predefined language id only for testing
 54  
 55    -- otap log needs to know the debug mode access name, therefore in otap_constants, other access identifiers are in otap_util
 56    OTAP_CFG_DEBUG_MODE		   CONSTANT CHAR(10)	   := 'DEBUG_MODE';
 57    -- fallback constants for access failure situations, defaults and checks
 58    OTAP_FALLBACK_BORDER		   CONSTANT INTEGER	   := 5;
 59    OTAP_FALLBACK_BORDER_MIN 	   CONSTANT INTEGER	   := 2;
 60    OTAP_FALLBACK_BORDER_MAX 	   CONSTANT INTEGER	   := 10;
 61    OTAP_FALLBACK_PRESERVE_DAYS	   CONSTANT INTEGER	   := 1;
 62    OTAP_FALLBACK_PRESERVE_DAYS_MIN	   CONSTANT INTEGER	   := 1;
 63    OTAP_FALLBACK_PRESERVE_DAYS_MAX	   CONSTANT INTEGER	   := 7;
 64    OTAP_FALLBACK_DELETE_DELAY	   CONSTANT INTEGER	   := 10;
 65    OTAP_FALLBACK_DELETE_DELAY_MIN	   CONSTANT INTEGER	   := 1;
 66    OTAP_FALLBACK_DELETE_DELAY_MAX	   CONSTANT INTEGER	   := 600;
 67    OTAP_FALLBACK_DELETE_BATCH_SIZE	   CONSTANT INTEGER	   := 1000;
 68    OTAP_FALLBACK_DELETE_BATCH_SIZE_MIN CONSTANT INTEGER	   := 100;
 69    OTAP_FALLBACK_DELETE_BATCH_SIZE_MAX CONSTANT INTEGER	   := 10000;
 70    OTAP_FALLBACK_FORMAT_HEADER_CHAR    CONSTANT CHAR(1)	   := '=';
 71    OTAP_FALLBACK_FORMAT_SET_CHAR	   CONSTANT CHAR(1)	   := '*';
 72    OTAP_FALLBACK_FORMAT_GROUP_CHAR	   CONSTANT CHAR(1)	   := '+';
 73    OTAP_FALLBACK_FORMAT_NAME_CHAR	   CONSTANT CHAR(1)	   := '-';
 74    OTAP_FALLBACK_TEXT_TRUE		   CONSTANT CHAR(4)	   := 'true';
 75    OTAP_FALLBACK_TEXT_FALSE 	   CONSTANT CHAR(5)	   := 'false';
 76    OTAP_FALLBACK_TEXT_TRUE_YES	   CONSTANT CHAR(3)	   := 'Yes';
 77    OTAP_FALLBACK_TEXT_FALSE_NO	   CONSTANT CHAR(2)	   := 'No';
 78    OTAP_FALLBACK_TEXT_TEST_PASSED	   CONSTANT CHAR(6)	   := 'Passed';
 79    OTAP_FALLBACK_TEXT_TEST_FAILED	   CONSTANT CHAR(6)	   := 'FAILED';
 80    OTAP_FALLBACK_TEXT_TEST_UNDEFINED   CONSTANT CHAR(9)	   := 'UNDEFINED';
 81    OTAP_FALLBACK_DEFAULT_PREFIX	   CONSTANT CHAR(4)	   := 'TEST';
 82    OTAP_FALLBACK_DEFAULT_TEST_SET	   CONSTANT CHAR(13)	   := 'OTAP test set';
 83    OTAP_FALLBACK_DEFAULT_TEST_GROUP    CONSTANT CHAR(15)	   := 'OTAP test group';
 84    OTAP_FALLBACK_DEFAULT_TEST_NAME	   CONSTANT CHAR(14)	   := 'OTAP test name';
 85    OTAP_FALLBACK_DEFAULT_LANGUAGE	   CONSTANT CHAR(3)	   := 'N/A';
 86    OTAP_FALLBACK_LAYOUT_DEFAULT	   CONSTANT CHAR(1)	   := 'M';
 87    OTAP_FALLBACK_LAYOUT_RESULT_DEFAULT CONSTANT CHAR(1)	   := 'L';
 88    OTAP_FALLBACK_LABEL_DEFAULT	   CONSTANT CHAR(1)	   := 'L';
 89    /*====================================== end package constants used by otap ======================================*/
 90  
 91    /*====================================== start package constant get functions ======================================*/
 92    -- @return otap version information
 93    FUNCTION get_version
 94  	 RETURN VARCHAR2
 95  	 DETERMINISTIC
 96  	 PARALLEL_ENABLE
 97    ;
 98  
 99    -- @return otap_constants.OTAP_INTERNAL_USER_ROLE
100    FUNCTION get_otap_user_role
101  	 RETURN VARCHAR2
102  	 DETERMINISTIC
103  	 PARALLEL_ENABLE
104    ;
105    -- @return otap_constants.OTAP_INTERNAL_SCHEMA
106    FUNCTION get_otap_schema
107  	 RETURN VARCHAR2
108  	 DETERMINISTIC
109  	 PARALLEL_ENABLE
110    ;
111    -- @return otap_constants.OTAP_INTERNAL_TABLESPACE
112    FUNCTION get_otap_tablespace
113  	 RETURN VARCHAR2
114  	 DETERMINISTIC
115  	 PARALLEL_ENABLE
116    ;
117    -- @return otap_constants.OTAP_NUM_TRUE
118    FUNCTION get_otap_num_true
119  	 RETURN NUMBER
120  	 DETERMINISTIC
121  	 PARALLEL_ENABLE
122    ;
123    -- @return otap_constants.OTAP_NUM_FALSE
124    FUNCTION get_otap_num_false
125  	 RETURN NUMBER
126  	 DETERMINISTIC
127  	 PARALLEL_ENABLE
128    ;
129    -- @return otap_constants.OTAP_NUM_TEST_PASSED
130    FUNCTION get_otap_num_test_passed
131  	 RETURN NUMBER
132  	 DETERMINISTIC
133  	 PARALLEL_ENABLE
134    ;
135    -- @return otap_constants.OTAP_NUM_TEST_FAILED
136    FUNCTION get_otap_num_test_failed
137  	 RETURN NUMBER
138  	 DETERMINISTIC
139  	 PARALLEL_ENABLE
140    ;
141    -- @return otap_constants.OTAP_NUM_TEST_UNDEFINED
142    FUNCTION get_otap_num_test_undefined
143  	 RETURN NUMBER
144  	 DETERMINISTIC
145  	 PARALLEL_ENABLE
146    ;
147    -- @return otap_constants.OTAP_NUM_MIN_FILL_LENGTH
148    FUNCTION get_otap_num_min_fill_length
149  	 RETURN NUMBER
150  	 DETERMINISTIC
151  	 PARALLEL_ENABLE
152    ;
153    -- @return otap_constants.OTAP_NUM_MAX_FILL_LENGTH
154    FUNCTION get_otap_num_max_fill_length
155  	 RETURN NUMBER
156  	 DETERMINISTIC
157  	 PARALLEL_ENABLE
158    ;
159    -- @return otap_constants.OTAP_INTERNAL_DELIMITER
160    FUNCTION get_otap_internal_delimiter
161  	 RETURN VARCHAR2
162  	 DETERMINISTIC
163  	 PARALLEL_ENABLE
164    ;
165  -- @return otap_constants.OTAP_INTERNAL_ERROR
166    FUNCTION get_otap_internal_error
167  	 RETURN VARCHAR2
168  	 DETERMINISTIC
169  	 PARALLEL_ENABLE
170    ;
171  -- @return otap_constants.OTAP_INTERNAL_NA
172    FUNCTION get_otap_internal_na
173  	 RETURN VARCHAR2
174  	 DETERMINISTIC
175  	 PARALLEL_ENABLE
176    ;
177  -- @return otap_constants.OTAP_INTERNAL_VAR
178    FUNCTION get_otap_internal_var
179  	 RETURN VARCHAR2
180  	 DETERMINISTIC
181  	 PARALLEL_ENABLE
182    ;
183  -- @return otap_constants.OTAP_CONFIG_TYPE_NUMBER
184    FUNCTION get_otap_config_type_number
185  	 RETURN VARCHAR2
186  	 DETERMINISTIC
187  	 PARALLEL_ENABLE
188    ;
189  -- @return otap_constants.OTAP_CONFIG_TYPE_CHAR
190    FUNCTION get_otap_config_type_char
191  	 RETURN VARCHAR2
192  	 DETERMINISTIC
193  	 PARALLEL_ENABLE
194    ;
195  
196    /*====================================== end package constant utility functions ======================================*/
197  END;
198  /
old  20:   OTAP_INTERNAL_USER_ROLE  CONSTANT VARCHAR2(128 CHAR)  := '&OTAP_ROLE';
new  20:   OTAP_INTERNAL_USER_ROLE  CONSTANT VARCHAR2(128 CHAR)  := 'OTAP_USER';
old  21:   OTAP_INTERNAL_SCHEMA     CONSTANT VARCHAR2(128 CHAR)  := '&OTAP_USER';
new  21:   OTAP_INTERNAL_SCHEMA     CONSTANT VARCHAR2(128 CHAR)  := 'OTAP';
old  22:   OTAP_INTERNAL_TABLESPACE CONSTANT VARCHAR2(128 CHAR)  := '&OTAP_TABLESPACE';
new  22:   OTAP_INTERNAL_TABLESPACE CONSTANT VARCHAR2(128 CHAR)  := 'OTAP_TABLESPACE';

Package created.

SQL> GRANT EXECUTE ON otap_constants TO &OTAP_ROLE;
old   1: GRANT EXECUTE ON otap_constants TO &OTAP_ROLE
new   1: GRANT EXECUTE ON otap_constants TO OTAP_USER

Grant succeeded.

SQL> @@../otap_ddl/packages/otap_constants.pkb
SQL> -- (C) 2024 Michael Lindenau licensed via https://www.gnu.org/licenses/agpl-3.0.txt
SQL> -- and https://toent.ch/licenses/AI_DISCLOSURE_LICENSE_V1
SQL> -- Not allowed to be used as AI training material without explicite permission.
SQL> CREATE OR REPLACE PACKAGE BODY otap_constants
  2  AS
  3    -- for description see header file
  4    FUNCTION get_version
  5  	 RETURN VARCHAR2
  6  	 DETERMINISTIC
  7  	 PARALLEL_ENABLE
  8    IS
  9    BEGIN
 10  	 RETURN LPAD(otap_constants.OTAP_INTERNAL_NAME, 59, ' ') || otap_constants.OTAP_INTERNAL_LF ||
 11  		LPAD(otap_constants.OTAP_INTERNAL_VERSION_NR, 47, ' ') || otap_constants.OTAP_INTERNAL_LF ||
 12  		otap_constants.OTAP_INTERNAL_COPYRIGHT1 || otap_constants.OTAP_INTERNAL_LF ||
 13  		otap_constants.OTAP_INTERNAL_COPYRIGHT2
 14  	 ;
 15    END get_version;
 16  
 17    FUNCTION get_otap_user_role
 18  	 RETURN VARCHAR2
 19  	 DETERMINISTIC
 20  	 PARALLEL_ENABLE
 21    IS
 22    BEGIN
 23  	 RETURN otap_constants.OTAP_INTERNAL_USER_ROLE;
 24    END get_otap_user_role;
 25  
 26    FUNCTION get_otap_schema
 27  	 RETURN VARCHAR2
 28  	 DETERMINISTIC
 29  	 PARALLEL_ENABLE
 30    IS
 31    BEGIN
 32  	 RETURN otap_constants.OTAP_INTERNAL_SCHEMA;
 33    END get_otap_schema;
 34  
 35    FUNCTION get_otap_tablespace
 36  	 RETURN VARCHAR2
 37  	 DETERMINISTIC
 38  	 PARALLEL_ENABLE
 39    IS
 40    BEGIN
 41  	 RETURN otap_constants.OTAP_INTERNAL_TABLESPACE;
 42    END get_otap_tablespace;
 43  
 44    FUNCTION get_otap_num_true
 45  	 RETURN NUMBER
 46  	 DETERMINISTIC
 47  	 PARALLEL_ENABLE
 48    IS
 49    BEGIN
 50  	 RETURN otap_constants.OTAP_NUM_TRUE;
 51    END get_otap_num_true;
 52  
 53    FUNCTION get_otap_num_false
 54  	 RETURN NUMBER
 55  	 DETERMINISTIC
 56  	 PARALLEL_ENABLE
 57    IS
 58    BEGIN
 59  	 RETURN otap_constants.OTAP_NUM_FALSE;
 60    END get_otap_num_false;
 61  
 62    FUNCTION get_otap_num_test_passed
 63  	 RETURN NUMBER
 64  	 DETERMINISTIC
 65  	 PARALLEL_ENABLE
 66    IS
 67    BEGIN
 68  	 RETURN otap_constants.OTAP_NUM_TEST_PASSED;
 69    END get_otap_num_test_passed;
 70  
 71    FUNCTION get_otap_num_test_failed
 72  	 RETURN NUMBER
 73  	 DETERMINISTIC
 74  	 PARALLEL_ENABLE
 75    IS
 76    BEGIN
 77  	 RETURN otap_constants.OTAP_NUM_TEST_FAILED;
 78    END get_otap_num_test_failed;
 79  
 80    FUNCTION get_otap_num_test_undefined
 81  	 RETURN NUMBER
 82  	 DETERMINISTIC
 83  	 PARALLEL_ENABLE
 84    IS
 85    BEGIN
 86  	 RETURN otap_constants.OTAP_NUM_TEST_UNDEFINED;
 87    END get_otap_num_test_undefined;
 88  
 89    FUNCTION get_otap_num_min_fill_length
 90  	 RETURN NUMBER
 91  	 DETERMINISTIC
 92  	 PARALLEL_ENABLE
 93    IS
 94    BEGIN
 95  	 RETURN otap_constants.OTAP_NUM_MIN_FILL_LENGTH;
 96    END get_otap_num_min_fill_length;
 97  
 98    FUNCTION get_otap_num_max_fill_length
 99  	 RETURN NUMBER
100  	 DETERMINISTIC
101  	 PARALLEL_ENABLE
102    IS
103    BEGIN
104  	 RETURN otap_constants.OTAP_NUM_MAX_FILL_LENGTH;
105    END get_otap_num_max_fill_length;
106  
107    FUNCTION get_otap_internal_delimiter
108  	 RETURN VARCHAR2
109  	 DETERMINISTIC
110  	 PARALLEL_ENABLE
111    IS
112    BEGIN
113  	 RETURN otap_constants.OTAP_INTERNAL_DELIMITER;
114    END get_otap_internal_delimiter;
115  
116    FUNCTION get_otap_internal_error
117  	 RETURN VARCHAR2
118  	 DETERMINISTIC
119  	 PARALLEL_ENABLE
120    IS
121    BEGIN
122  	 RETURN otap_constants.OTAP_INTERNAL_ERROR;
123    END get_otap_internal_error;
124  
125    FUNCTION get_otap_internal_na
126  	 RETURN VARCHAR2
127  	 DETERMINISTIC
128  	 PARALLEL_ENABLE
129    IS
130    BEGIN
131  	 RETURN otap_constants.OTAP_INTERNAL_NA;
132    END get_otap_internal_na;
133  
134    FUNCTION get_otap_internal_var
135  	 RETURN VARCHAR2
136  	 DETERMINISTIC
137  	 PARALLEL_ENABLE
138    IS
139    BEGIN
140  	 RETURN otap_constants.OTAP_INTERNAL_VAR;
141    END get_otap_internal_var;
142  
143    FUNCTION get_otap_config_type_number
144  	 RETURN VARCHAR2
145  	 DETERMINISTIC
146  	 PARALLEL_ENABLE
147    IS
148    BEGIN
149  	 RETURN otap_constants.OTAP_CONFIG_TYPE_NUMBER;
150    END get_otap_config_type_number;
151  
152    FUNCTION get_otap_config_type_char
153  	 RETURN VARCHAR2
154  	 DETERMINISTIC
155  	 PARALLEL_ENABLE
156    IS
157    BEGIN
158  	 RETURN otap_constants.OTAP_CONFIG_TYPE_CHAR;
159    END get_otap_config_type_char;
160  
161  END;
162  /

Package body created.

SQL> -- packages
SQL> @@../otap_ddl/packages/otap_log.pks
SQL> -- (C) 2024 Michael Lindenau licensed via https://www.gnu.org/licenses/agpl-3.0.txt
SQL> -- and https://toent.ch/licenses/AI_DISCLOSURE_LICENSE_V1
SQL> -- Not allowed to be used as AI training material without explicite permission.
SQL> -- Basic package that provides utility functions and procedures for table OTAP_CONFIG.
SQL> CREATE OR REPLACE PACKAGE otap_log
  2  AS
  3    /**
  4    * Provides logging functionality. Dependency on OTAP_CONFIG table for DEBUG_MODE. Other
  5    * functionality of OTAP_CONFIG table is provided in otap_util. Provided as internal
  6    * function not exposed to package header. Fail save implementation. Will do nothing apart
  7    * from DBMS_OUTPUT on exceptions and errors. Logging is not critical for otap.
  8    *
  9    * It is a simple and very reduced log using SPERRORLOG which should have been created by setup.
 10    */
 11  
 12    /** PROCEDURE otap_util.log
 13    * Writes a log message to SPERRORLOG which should be already available by setup. If the identifier
 14    * is not otap_constants.OTAP_INTERNAL_ERROR or otap_constants.OTAP_INTERNAL_WARNING the log output
 15    * will only be stored, if OTAP_CONFIG DEBUG_MODE is set to 1.
 16    * User and timestamp are set by the procedure. Runs as autonomous transaction.
 17    * If SPERRORLOG does not exist, will do nothing apart from DBMS_OUTPUT the exception.
 18    *
 19    * @param p_log_message The message to log in SPERRORLOG.
 20    * @param p_script The script, package or function that caused the message.
 21    * @param p_statement The statement that caused the message.
 22    * @param p_identifier The allowed otap identifier in SPERRORLOG, user-defined only if in debug mode.
 23    */
 24    PROCEDURE log( p_log_message  IN VARCHAR2
 25  		    , p_script	     IN VARCHAR2 DEFAULT otap_constants.OTAP_INTERNAL_NA
 26  		    , p_statement    IN VARCHAR2 DEFAULT otap_constants.OTAP_INTERNAL_NA
 27  		    , p_identifier   IN VARCHAR2 DEFAULT otap_constants.OTAP_INTERNAL_ERROR
 28  		    )
 29    ;
 30  
 31  END;
 32  /

Package created.

SQL> @@../otap_ddl/packages/otap_log.pkb
SQL> -- (C) 2024 Michael Lindenau licensed via https://www.gnu.org/licenses/agpl-3.0.txt
SQL> -- and https://toent.ch/licenses/AI_DISCLOSURE_LICENSE_V1
SQL> -- Not allowed to be used as AI training material without explicite permission.
SQL> CREATE OR REPLACE PACKAGE BODY otap_log
  2  AS
  3  
  4    /** internal FUNCTION otap_log.debug_active
  5    * Returns the debug state, defined in OTAP_CONFIG. Can't log errors as log depends on
  6    * this function. Fail save.
  7    *
  8    * @return TRUE if DEBUG_MODE is set to 1 in OTAP_CONFIG, otherwise or on errors FALSE.
  9    */
 10    FUNCTION debug_active
 11  	 RETURN BOOLEAN
 12    IS
 13  	 l_debug_mode  VARCHAR2(1 CHAR);
 14  	 l_return      BOOLEAN;
 15    BEGIN
 16  	 l_return := FALSE;
 17  	 SELECT config_value INTO l_debug_mode FROM otap_config WHERE config_name = otap_constants.OTAP_CFG_DEBUG_MODE;
 18  	 IF l_debug_mode = '1'
 19  	 THEN
 20  	   l_return := TRUE;
 21  	 END IF;
 22  	 RETURN l_return;
 23    EXCEPTION
 24  	 WHEN OTHERS THEN
 25  	   RETURN FALSE;
 26    END debug_active;
 27  
 28    -- for description see header file
 29    PROCEDURE log( p_log_message  IN VARCHAR2
 30  		    , p_script	     IN VARCHAR2 DEFAULT otap_constants.OTAP_INTERNAL_NA
 31  		    , p_statement    IN VARCHAR2 DEFAULT otap_constants.OTAP_INTERNAL_NA
 32  		    , p_identifier   IN VARCHAR2 DEFAULT otap_constants.OTAP_INTERNAL_ERROR
 33  		    )
 34    IS
 35  	 PRAGMA AUTONOMOUS_TRANSACTION;
 36  	 l_has_sperrorlog  NUMBER;
 37    BEGIN
 38  	 -- check which type of log
 39  	 IF    p_identifier IN (otap_constants.OTAP_INTERNAL_ERROR, otap_constants.OTAP_INTERNAL_WARNING)
 40  	    OR otap_log.debug_active
 41  	 THEN
 42  	   -- check if table exists
 43  	   SELECT COUNT(*) INTO l_has_sperrorlog FROM user_tables WHERE table_name = 'SPERRORLOG';
 44  	   IF l_has_sperrorlog = 1
 45  	   THEN
 46  	     INSERT INTO sperrorlog
 47  	       ( username
 48  	       , timestamp
 49  	       , script
 50  	       , identifier
 51  	       , message
 52  	       , statement
 53  	       )
 54  	       VALUES ( otap_constants.OTAP_INTERNAL_SCHEMA
 55  		      , SYSTIMESTAMP
 56  		      , p_script
 57  		      , TRIM(SUBSTR(TRIM(p_identifier), 1, 256))
 58  		      , p_log_message
 59  		      , p_statement
 60  		      )
 61  	     ;
 62  	     COMMIT;
 63  	   ELSE
 64  	     -- give some output even if no one will notice it
 65  	     DBMS_OUTPUT.PUT_LINE('No logging possible, SPERRORLOG table does not exist');
 66  	   END IF;
 67  	 END IF;
 68    EXCEPTION
 69  	 WHEN OTHERS THEN
 70  	   -- explicitly do not care about log exceptions, application should fail otherwise
 71  	   -- logging is not critical for otap, only an option, usually not recommended to do
 72  	   -- it this way, give some output even if no one will notice it
 73  	   DBMS_OUTPUT.PUT_LINE(SQLERRM);
 74    END log;
 75  
 76  END;
 77  /

Package body created.

SQL> @@../otap_ddl/packages/otap_string.pks
SQL> -- (C) 2024 Michael Lindenau licensed via https://www.gnu.org/licenses/agpl-3.0.txt
SQL> -- and https://toent.ch/licenses/AI_DISCLOSURE_LICENSE_V1
SQL> -- Not allowed to be used as AI training material without explicite permission.
SQL> -- Basic package that provides utility functions and procedures for string handling in otap.
SQL> CREATE OR REPLACE PACKAGE otap_string
  2  AS
  3    /**
  4    * Provides functions to limit and verify strings
  5    */
  6  
  7    /** FUNCTION otap_string.reduce
  8    * Basic string trimming and cutting to a given size. Trims the result.
  9    * Limited to PLSQL string size. On using defaults return a NULL string. Can be used in PLSQL to guarantee string
 10    * length for a used variable size and avoid exceptions on oversized strings. Limited to 32767 chars.
 11    *
 12    * @param p_string The string to trim and cut to the given size.
 13    * @param p_size The maximum length for the result string.
 14    *
 15    * @return The trimmed result string with the given size, probably cutted.
 16    */
 17    FUNCTION reduce( p_string VARCHAR2 DEFAULT NULL
 18  		      , p_size	 INTEGER  DEFAULT 0
 19  		      )
 20  	 RETURN VARCHAR2
 21    ;
 22  
 23    /** FUNCTION otap_string.cut
 24    * Basic string cutting to a given size. Does not trim the result.
 25    * Limited to PLSQL string size. On using defaults return a NULL string. Can be used in PLSQL to guarantee string
 26    * length for a used variable size and avoid exceptions on oversized strings. Limited to 32767 chars.
 27    *
 28    * @param p_string The string to cut to the given size.
 29    * @param p_size The maximum length for the result string.
 30    *
 31    * @return The result string with the given size, probably cutted.
 32    */
 33    FUNCTION cut( p_string VARCHAR2 DEFAULT NULL
 34  		   , p_size   INTEGER  DEFAULT 0
 35  		   )
 36  	 RETURN VARCHAR2
 37    ;
 38  
 39    /** FUNCTION otap_string.flatten
 40    * Basic string flattening and cutting to a given size. Does not trim the result.
 41    * Limited to PLSQL string size. On using defaults return a NULL string. Can be used
 42    * to remove white space chars like more than one space, tab, line feed and others and
 43    * replace them with a single space. Limited to 32767 chars.
 44    *
 45    * @param p_string The string to flatten and cut to the given size.
 46    * @param p_size The maximum length for the result string.
 47    *
 48    * @return The result string with the given size, probably cutted.
 49    */
 50    FUNCTION flatten( p_string VARCHAR2 DEFAULT NULL
 51  		       , p_size   INTEGER  DEFAULT 0
 52  		       )
 53  	 RETURN VARCHAR2
 54    ;
 55  
 56    /** FUNCTION otap_string.check_border
 57    * Constraints the border to a value between 2 and 10. Invalid border will be set to otap_constants.OTAP_FALLBACK_BORDER.
 58    *
 59    * @param p_border The minimum border length to verify.
 60    *
 61    * @return The given border or a valid border length.
 62    */
 63    FUNCTION check_border(p_border IN INTEGER DEFAULT otap_constants.OTAP_FALLBACK_BORDER)
 64  	 RETURN NUMBER
 65    ;
 66  
 67    /** FUNCTION otap_string.check_border
 68    * Constraints the line size to a value between 80 and 4000. Invalid line size will be set
 69    * to otap_constants.OTAP_NUM_MIN_FILL_LENGTH or otap_constants.OTAP_NUM_MAX_FILL_LENGTH,
 70    * depending on line size underflow or overflow.
 71    *
 72    * @param p_line_size The line size to verify.
 73    *
 74    * @return The given line size or the matching min/max line size.
 75    */
 76    FUNCTION check_line_size(p_line_size IN INTEGER DEFAULT otap_constants.OTAP_NUM_MIN_FILL_LENGTH)
 77  	 RETURN NUMBER
 78    ;
 79  
 80    /** FUNCTION otap_string.check_title_size
 81    * Constraints the title size to a value lower than 4000 depending on the border. Invalid title size
 82    * will be set to otap_constants.OTAP_NUM_MAX_FILL_LENGTH - (border size *2).
 83    *
 84    * @param p_title_length The length of the title to verify.
 85    * @param p_border The minimum border length to consider for decoration.
 86    *
 87    * @return The given title size or the calculated maximum size.
 88    */
 89    FUNCTION check_title_size( p_title_length IN INTEGER DEFAULT 0
 90  				, p_border	 IN INTEGER DEFAULT otap_constants.OTAP_FALLBACK_BORDER
 91  				)
 92  	 RETURN NUMBER
 93    ;
 94  
 95    /** FUNCTION otap_string.check_string_size
 96    * Constraints the string size to a value between 80 and 4000. Invalid string size will be set
 97    * to otap_constants.OTAP_NUM_MIN_FILL_LENGTH or otap_constants.OTAP_NUM_MAX_FILL_LENGTH,
 98    * depending on line size underflow or overflow.
 99    *
100    * @param p_string_length The length of the string to verify.
101    *
102    * @return The given string size or the calculated minimum/maximum size.
103    */
104    FUNCTION check_string_size(p_string_length IN INTEGER DEFAULT 0)
105  	 RETURN NUMBER
106    ;
107  
108    /** FUNCTION otap_string.check_layout
109    * Constraints the layout to allowed values. Invalid values will return otap_constants.OTAP_FALLBACK_LAYOUT_DEFAULT.
110    *
111    * @param p_layout A valid layout orientation indicator as defined in OTAP_CONSTANTS.
112    *
113    * @return The given layout or the default value.
114    */
115    FUNCTION check_layout(p_layout IN VARCHAR2 DEFAULT otap_constants.OTAP_FALLBACK_LAYOUT_DEFAULT)
116  	 RETURN VARCHAR2
117    ;
118  
119    /** FUNCTION otap_string.check_decoration
120    * Constraints the decoration char to 1 char. Invalid values will return otap_constants.OTAP_FALLBACK_FORMAT_NAME_CHAR.
121    *
122    * @param p_decoration A single decoration char. Only the first char is considered if string length > 1.
123    *
124    * @return The given decoration char or the default value.
125    */
126    FUNCTION check_decoration(p_decoration IN VARCHAR2 DEFAULT otap_constants.OTAP_FALLBACK_FORMAT_NAME_CHAR)
127  	 RETURN VARCHAR2
128    ;
129  
130  
131    /** FUNCTION otap_string.line_size
132    * Calculates the minimum length to use for a formatted string based on title size. Limited to SQL
133    * column size. See otap_constants.OTAP_NUM_MAX_FILL_LENGTH.
134    *
135    * @param p_title_length The length of the title to use for formatted output.
136    * @param p_border The minimum border length to consider for decoration.
137    * @param p_min_fill The minimum size for a decorated report line.
138    *
139    * @return The minimum length of a decorated string with given title size and border fill, limited to otap_constants.OTAP_NUM_MAX_FILL_LENGTH size.
140    */
141    FUNCTION line_size( p_title_length  IN INTEGER
142  			 , p_border	   IN INTEGER  DEFAULT otap_constants.OTAP_FALLBACK_BORDER
143  			 , p_min_fill	   IN INTEGER  DEFAULT otap_constants.OTAP_NUM_MIN_FILL_LENGTH
144  			 )
145  	 RETURN INTEGER
146    ;
147  
148    /** FUNCTION otap_string.max_size
149    * Calculates the maximum length for a given title size considering line size and borders. Limited to SQL
150    * column size. See otap_constants.OTAP_NUM_MAX_FILL_LENGTH.
151    *
152    * @param p_title_length The intended title string size.
153    * @param p_line_size The intended line size to use in reports.
154    * @param p_border The minimum border length to consider for decoration.
155    *
156    * @return The maximum allowed title length for current line size and borders. May result in 0 if border or line size dimensions are wrong.
157    */
158    FUNCTION max_size( p_title_length IN INTEGER
159  			, p_line_size	 IN INTEGER  DEFAULT otap_constants.OTAP_NUM_MIN_FILL_LENGTH
160  			, p_border	 IN INTEGER  DEFAULT otap_constants.OTAP_FALLBACK_BORDER
161  			)
162  	 RETURN INTEGER
163    ;
164  
165    /** FUNCTION otap_string.left_deco
166    * Builds the left decoration for a given title length and line size. If title length is 0, no space
167    * is added to the decoration. Given layout orientation is considered. If R(right) extra chars are padded to the
168    * left. For all other layout orientations, extra chars are padded to the right. Extra char occurs if line size
169    * is uneven.
170    *
171    * @param p_title_length The title string size.
172    * @param p_min_fill The intended line size to use in reports.
173    * @param p_decoration The decoration char that should pad the title to the left including a space if title length > 0.
174    * @param p_layout The decoration layout orientation for the title in the decoration.
175    * @param p_border The minimum border length to consider for decoration.
176    *
177    * @return The decoration string for the left side. Includes a space if title length > 0.
178    */
179    FUNCTION left_deco( p_title_length IN INTEGER  DEFAULT 0
180  			 , p_min_fill	  IN INTEGER  DEFAULT otap_constants.OTAP_NUM_MIN_FILL_LENGTH
181  			 , p_decoration   IN VARCHAR2 DEFAULT otap_constants.OTAP_FALLBACK_FORMAT_NAME_CHAR
182  			 , p_layout	  IN VARCHAR2 DEFAULT otap_constants.OTAP_FALLBACK_LAYOUT_DEFAULT
183  			 , p_border	  IN INTEGER  DEFAULT otap_constants.OTAP_FALLBACK_BORDER
184  			 )
185  	 RETURN VARCHAR2
186    ;
187  
188    /** FUNCTION otap_string.right_deco
189    * Builds the right decoration for a given title length and line size. If title length is 0, no space
190    * is added to the decoration. Given layout orientation is considered. If R(right) extra chars are padded to the
191    * left. For all other layout orientations, extra chars are padded to the right. Extra char occurs if line size
192    * is uneven.
193    *
194    * @param p_title_length The title string size.
195    * @param p_min_fill The intended line size to use in reports.
196    * @param p_decoration The decoration char that should pad the title to the right including a space if title length > 0.
197    * @param p_layout The decoration layout orientation for the title in the decoration.
198    * @param p_border The minimum border length to consider for decoration.
199    *
200    * @return The decoration string for the right side. Includes a space if title length > 0.
201    */
202    FUNCTION right_deco( p_title_length IN INTEGER  DEFAULT 0
203  			  , p_min_fill	   IN INTEGER  DEFAULT otap_constants.OTAP_NUM_MIN_FILL_LENGTH
204  			  , p_decoration   IN VARCHAR2 DEFAULT otap_constants.OTAP_FALLBACK_FORMAT_NAME_CHAR
205  			  , p_layout	   IN VARCHAR2 DEFAULT otap_constants.OTAP_FALLBACK_LAYOUT_DEFAULT
206  			  , p_border	   IN INTEGER  DEFAULT otap_constants.OTAP_FALLBACK_BORDER
207  			  )
208  	 RETURN VARCHAR2
209    ;
210  
211    /** FUNCTION otap_string.decorate
212    * Decorates a given title string with the decoration char to left and right padded and a space between title and
213    * decoration char. Title is placed as defined by layout. Title will be cutted if it is too long, see
214    * otap_constants.OTAP_NUM_MAX_FILL_LENGTH. Cutting string is always on the right.
215    *
216    * M (middle): Title is placed in the middle, decoration chars padded and extended equally on both sides up to calculated line size.
217    * L (left): Minimum border decoration placed at the left followed by the title, right padding border decoration up to calculated line size.
218    * R (right): Minimum border decoration placed at the right with leading title, left padding border decoration up to calculated line size.
219    *
220    * Examples
221    * decorate('test', '-', 80, 'M', 3): ------------------------------------- test -------------------------------------
222    * decorate('test', '-', 80, 'L', 3): -- test ------------------------------------------------------------------------
223    * decorate('test', '-', 80, 'R', 3): ------------------------------------------------------------------------ test --
224    *
225    * @param p_title The title to use in the decorated line. If NULL a decorated line is created without any text inside.
226    * @param p_decoration The decoration char that should pad the title to the left and right including a space between text and decoration.
227    * @param p_min_length The minimum size for a decorated report line. Limited by otap_constants.OTAP_NUM_MIN_FILL_LENGTH. Lower values translate to minimum fill length.
228    * @param p_layout The decoration layout orientation for the title in the decoration.
229    * @param p_border The decoration border length including the space to separate text from decoration.
230    *
231    * @return The decorated string. Limited to 4000 chars as it is used in SQL columns.
232    */
233    FUNCTION decorate( p_title	IN VARCHAR2 DEFAULT NULL
234  			, p_decoration	IN VARCHAR2 DEFAULT otap_constants.OTAP_FALLBACK_FORMAT_NAME_CHAR
235  			, p_min_length	IN INTEGER  DEFAULT otap_constants.OTAP_NUM_MIN_FILL_LENGTH
236  			, p_layout	IN VARCHAR2 DEFAULT otap_constants.OTAP_FALLBACK_LAYOUT_DEFAULT
237  			, p_border	IN INTEGER  DEFAULT otap_constants.OTAP_FALLBACK_BORDER
238  			)
239  	 RETURN VARCHAR2
240    ;
241  
242    /** FUNCTION otap_string.decorate_blank
243    * Builds half decorated report lines, like copyright and version messages, with given layout orientation. Will decorate
244    * with blanks if needed. String cutting only if 4000 char are exceeded. Border setting and layout is ignored. Layout is
245    * always Middle.
246    *
247    * @param p_string The string to format with the given orientation.
248    * @param p_min_length The minimum string size to use for padding. Limited by otap_constants.OTAP_NUM_MIN_FILL_LENGTH. Lower values translate to minimum fill length.
249    *
250    * @return The string with a center orientation, decorated with blank if needed.
251    */
252    FUNCTION decorate_blank( p_string      IN VARCHAR2 DEFAULT otap_constants.OTAP_INTERNAL_NA
253  			      , p_min_length  IN INTEGER  DEFAULT otap_constants.OTAP_NUM_MIN_FILL_LENGTH
254  			      )
255  	 RETURN VARCHAR2
256    ;
257  
258    /** FUNCTION otap_string.borderless
259    * Builds not decorated report lines, like results or result headers, with given layout orientation. Only left and right allowed. Middle
260    * will translate to the default otap_constants.OTAP_FALLBACK_LAYOUT_RESULT_DEFAULT. Cutting string is always on the right.
261    * For languages that read from right to left, the templates and headers have to be adjusted accordingly.
262    *
263    * @param p_string The string to format with the given orientation.
264    * @param p_min_length The minimum string size to use for padding. Limited by otap_constants.OTAP_NUM_MIN_FILL_LENGTH. Lower values translate to minimum fill length.
265    * @param p_layout The layout orientation for the string.
266    *
267    * @return The string with the given layout orientation.
268    */
269    FUNCTION borderless( p_string	  IN VARCHAR2 DEFAULT otap_constants.OTAP_INTERNAL_NA
270  			  , p_min_length  IN INTEGER  DEFAULT otap_constants.OTAP_NUM_MIN_FILL_LENGTH
271  			  , p_layout	  IN VARCHAR2 DEFAULT otap_constants.OTAP_FALLBACK_LAYOUT_RESULT_DEFAULT
272  			  )
273  	 RETURN VARCHAR2
274    ;
275  
276    /** FUNCTION otap_string.is_sys_object
277    * Analyze names for typical system objects. Identifier is beginning SYS_ for system generated object and $ or #,
278    * which may occur anywhere in the name of system objects. Oracle strongly discourages the use of the symbols $ and # in object names.
279    *
280    * Usually used in NOT constructs like WHERE NOT otap_string.is_sys_object(object_name, 1).
281    *
282    * @param p_string The string to analyze if it is a system object starting with SYS_ or containing a $ sign.
283    * @param p_exclude Switch to turn the check off when set to 0. Default is 1. Other values interpreted as 1. If set to 0 will always return FALSE.
284    *
285    * @return TRUE if string is a system object, otherwise FALSE (also on errors).
286    */
287    FUNCTION is_sys_object( p_string  IN VARCHAR2
288  			     , p_exclude IN NUMBER   DEFAULT 1
289  			     )
290  	 RETURN BOOLEAN
291    ;
292  
293  END;
294  /

Package created.

SQL> @@../otap_ddl/packages/otap_string.pkb
SQL> -- (C) 2024 Michael Lindenau licensed via https://www.gnu.org/licenses/agpl-3.0.txt
SQL> -- and https://toent.ch/licenses/AI_DISCLOSURE_LICENSE_V1
SQL> -- Not allowed to be used as AI training material without explicite permission.
SQL> CREATE OR REPLACE PACKAGE BODY otap_string
  2  AS
  3    -- for description see header file
  4    FUNCTION reduce( p_string VARCHAR2 DEFAULT NULL
  5  		      , p_size	 INTEGER  DEFAULT 0
  6  		      )
  7  	 RETURN VARCHAR2
  8    IS
  9  	 l_script VARCHAR2(256 CHAR) := 'otap_string.reduce';
 10  	 l_string VARCHAR2(32767 CHAR);
 11    BEGIN
 12  	 l_string := CASE WHEN NVL(LENGTH(TRIM(p_string)), 0) > p_size THEN TRIM(SUBSTR(TRIM(p_string), 1, p_size)) ELSE TRIM(p_string) END;
 13  	 RETURN l_string;
 14    EXCEPTION
 15  	 WHEN OTHERS THEN
 16  	   otap_log.log(SQLERRM, l_script, 'CASE WHEN NVL(LENGTH(TRIM(p_string)), 0) > p_size THEN TRIM(SUBSTR(TRIM(p_string), 1, p_size)) ELSE TRIM(p_string) END');
 17  	   RAISE;
 18    END reduce;
 19  
 20    FUNCTION cut( p_string VARCHAR2 DEFAULT NULL
 21  		   , p_size   INTEGER  DEFAULT 0
 22  		   )
 23  	 RETURN VARCHAR2
 24    IS
 25  	 l_script VARCHAR2(256 CHAR) := 'otap_string.cut';
 26  	 l_string VARCHAR2(32767 CHAR);
 27    BEGIN
 28  	 l_string := CASE WHEN LENGTH(p_string) > p_size THEN SUBSTR(p_string, 1, p_size) ELSE p_string END;
 29  	 RETURN l_string;
 30    EXCEPTION
 31  	 WHEN OTHERS THEN
 32  	   otap_log.log(SQLERRM, l_script, 'CASE WHEN LENGTH(p_string) > p_size THEN SUBSTR(p_string, 1, p_size) ELSE p_string END');
 33  	   RAISE;
 34    END cut;
 35  
 36    FUNCTION flatten( p_string VARCHAR2 DEFAULT NULL
 37  		       , p_size   INTEGER  DEFAULT 0
 38  		       )
 39  	 RETURN VARCHAR2
 40    IS
 41  	 l_script VARCHAR2(256 CHAR) := 'otap_string.flatten';
 42  	 l_string VARCHAR2(32767 CHAR);
 43    BEGIN
 44  	 l_string := REGEXP_REPLACE(p_string, '\s{2,}', ' ');
 45  	 l_string := CASE WHEN LENGTH(l_string) > p_size THEN SUBSTR(l_string, 1, p_size) ELSE l_string END;
 46  	 RETURN l_string;
 47    EXCEPTION
 48  	 WHEN OTHERS THEN
 49  	   otap_log.log(SQLERRM, l_script, 'Flatten and cut the given string, remove useless white space chars');
 50  	   RAISE;
 51    END flatten;
 52  
 53    FUNCTION check_border(p_border IN INTEGER DEFAULT otap_constants.OTAP_FALLBACK_BORDER)
 54  	 RETURN NUMBER
 55    IS
 56  	 l_script VARCHAR2(256 CHAR) := 'otap_string.check_border';
 57  	 l_border INTEGER;
 58    BEGIN
 59  	 IF NVL(p_border, otap_constants.OTAP_FALLBACK_BORDER) NOT BETWEEN 2 AND 10
 60  	 THEN
 61  	   l_border := otap_constants.OTAP_FALLBACK_BORDER;
 62  	 ELSE
 63  	   l_border := NVL(p_border, otap_constants.OTAP_FALLBACK_BORDER);
 64  	 END IF;
 65  	 RETURN l_border;
 66    EXCEPTION
 67  	 WHEN OTHERS THEN
 68  	   otap_log.log(SQLERRM, l_script, 'Check border constraints');
 69  	   RAISE;
 70    END check_border;
 71  
 72    FUNCTION check_line_size(p_line_size IN INTEGER DEFAULT otap_constants.OTAP_NUM_MIN_FILL_LENGTH)
 73  	 RETURN NUMBER
 74    IS
 75  	 l_script    VARCHAR2(256 CHAR) := 'otap_string.check_line_size';
 76  	 l_line_size INTEGER;
 77    BEGIN
 78  	 IF NVL(p_line_size, otap_constants.OTAP_NUM_MIN_FILL_LENGTH) NOT BETWEEN otap_constants.OTAP_NUM_MIN_FILL_LENGTH AND otap_constants.OTAP_NUM_MAX_FILL_LENGTH
 79  	 THEN
 80  	   IF p_line_size > otap_constants.OTAP_NUM_MAX_FILL_LENGTH
 81  	   THEN
 82  	     l_line_size := otap_constants.OTAP_NUM_MAX_FILL_LENGTH;
 83  	   ELSE
 84  	     l_line_size := otap_constants.OTAP_NUM_MIN_FILL_LENGTH;
 85  	   END IF;
 86  	 ELSE
 87  	   l_line_size := NVL(p_line_size, otap_constants.OTAP_NUM_MIN_FILL_LENGTH);
 88  	 END IF;
 89  	 RETURN l_line_size;
 90    EXCEPTION
 91  	 WHEN OTHERS THEN
 92  	   otap_log.log(SQLERRM, l_script, 'Check line size constraints');
 93  	   RAISE;
 94    END check_line_size;
 95  
 96    FUNCTION check_title_size( p_title_length IN INTEGER DEFAULT 0
 97  				, p_border	 IN INTEGER DEFAULT otap_constants.OTAP_FALLBACK_BORDER
 98  				)
 99  	 RETURN NUMBER
100    IS
101  	 l_script     VARCHAR2(256 CHAR) := 'otap_string.check_title_size';
102  	 l_title_size INTEGER;
103  	 l_border     INTEGER;
104    BEGIN
105  	 l_border := otap_string.check_border(p_border);
106  	 IF (NVL(p_title_length, 0) + (l_border * 2)) > otap_constants.OTAP_NUM_MAX_FILL_LENGTH
107  	 THEN
108  	   l_title_size := otap_constants.OTAP_NUM_MAX_FILL_LENGTH - (l_border * 2);
109  	 ELSE
110  	   l_title_size := GREATEST(NVL(p_title_length, 0), 0);
111  	 END IF;
112  	 RETURN l_title_size;
113    EXCEPTION
114  	 WHEN OTHERS THEN
115  	   otap_log.log(SQLERRM, l_script, 'Check title size constraints');
116  	   RAISE;
117    END check_title_size;
118  
119    FUNCTION check_string_size(p_string_length IN INTEGER DEFAULT 0)
120  	 RETURN NUMBER
121    IS
122  	 l_script      VARCHAR2(256 CHAR) := 'otap_string.check_string_size';
123  	 l_string_size INTEGER;
124    BEGIN
125  	 IF NVL(p_string_length, 0) > otap_constants.OTAP_NUM_MAX_FILL_LENGTH
126  	 THEN
127  	   l_string_size := otap_constants.OTAP_NUM_MAX_FILL_LENGTH;
128  	 ELSIF NVL(p_string_length, 0) < otap_constants.OTAP_NUM_MIN_FILL_LENGTH
129  	 THEN
130  	   l_string_size := otap_constants.OTAP_NUM_MIN_FILL_LENGTH;
131  	 ELSE
132  	   l_string_size := NVL(p_string_length, 0);
133  	 END IF;
134  	 RETURN l_string_size;
135    EXCEPTION
136  	 WHEN OTHERS THEN
137  	   otap_log.log(SQLERRM, l_script, 'Check string size constraints');
138  	   RAISE;
139    END check_string_size;
140  
141    FUNCTION check_layout(p_layout IN VARCHAR2 DEFAULT otap_constants.OTAP_FALLBACK_LAYOUT_DEFAULT)
142  	 RETURN VARCHAR2
143    IS
144  	 l_script VARCHAR2(256 CHAR) := 'otap_string.check_layout';
145  	 l_layout VARCHAR2(1 CHAR);
146    BEGIN
147  	 l_layout := CASE
148  		       WHEN p_layout IN (otap_constants.OTAP_LAYOUT_LEFT, otap_constants.OTAP_LAYOUT_MIDDLE, otap_constants.OTAP_LAYOUT_RIGHT)
149  		       THEN p_layout
150  		       ELSE otap_constants.OTAP_FALLBACK_LAYOUT_DEFAULT
151  		     END
152  	 ;
153  	 RETURN l_layout;
154    EXCEPTION
155  	 WHEN OTHERS THEN
156  	   otap_log.log(SQLERRM, l_script, 'Check layout constraints');
157  	   RAISE;
158    END check_layout;
159  
160    FUNCTION check_decoration(p_decoration IN VARCHAR2 DEFAULT otap_constants.OTAP_FALLBACK_FORMAT_NAME_CHAR)
161  	 RETURN VARCHAR2
162    IS
163  	 l_script     VARCHAR2(256 CHAR) := 'otap_string.check_decoration';
164  	 l_decoration VARCHAR2(1 CHAR);
165    BEGIN
166  	 l_decoration := SUBSTR(NVL(p_decoration, otap_constants.OTAP_FALLBACK_FORMAT_NAME_CHAR), 1, 1);
167  	 RETURN l_decoration;
168    EXCEPTION
169  	 WHEN OTHERS THEN
170  	   otap_log.log(SQLERRM, l_script, 'SUBSTR(NVL(p_decoration, otap_constants.OTAP_FALLBACK_FORMAT_NAME_CHAR), 1, 1)');
171  	   RAISE;
172    END check_decoration;
173  
174    FUNCTION line_size( p_title_length  IN INTEGER
175  			 , p_border	   IN INTEGER  DEFAULT otap_constants.OTAP_FALLBACK_BORDER
176  			 , p_min_fill	   IN INTEGER  DEFAULT otap_constants.OTAP_NUM_MIN_FILL_LENGTH
177  			 )
178  	 RETURN INTEGER
179    IS
180  	 l_script     VARCHAR2(256 CHAR) := 'otap_string.line_size';
181  	 l_length     INTEGER;
182  	 l_border     INTEGER;
183  	 l_line_size  INTEGER;
184  	 l_title_size INTEGER;
185  	 l_calc_size  INTEGER;
186    BEGIN
187  	 l_border     := otap_string.check_border(p_border);
188  	 l_line_size  := otap_string.check_line_size(p_min_fill);
189  	 IF NVL(p_title_length, 0) > (otap_constants.OTAP_NUM_MIN_FILL_LENGTH - (l_border * 2))
190  	 THEN
191  	   -- only calculate, if a title length exceeds min length
192  	   l_title_size := otap_string.check_title_size(p_title_length, l_border);
193  	   l_calc_size	:= l_title_size + (l_border * 2);
194  	   l_length	:= GREATEST(NVL(l_calc_size, 0), l_line_size);
195  	   IF l_length < otap_constants.OTAP_NUM_MIN_FILL_LENGTH
196  	   THEN
197  	     l_length := otap_constants.OTAP_NUM_MIN_FILL_LENGTH;
198  	   ELSIF l_length > otap_constants.OTAP_NUM_MAX_FILL_LENGTH
199  	   THEN
200  	     l_length := otap_constants.OTAP_NUM_MAX_FILL_LENGTH;
201  	   END IF;
202  	 ELSE
203  	   -- respect min length
204  	   l_length := GREATEST(otap_constants.OTAP_NUM_MIN_FILL_LENGTH, NVL(p_min_fill, 0));
205  	 END IF;
206  	 RETURN l_length;
207    EXCEPTION
208  	 WHEN OTHERS THEN
209  	   otap_log.log(SQLERRM, l_script, 'Calculate decorated line size');
210  	   RAISE;
211    END line_size;
212  
213    FUNCTION max_size( p_title_length IN INTEGER
214  			, p_line_size	 IN INTEGER  DEFAULT otap_constants.OTAP_NUM_MIN_FILL_LENGTH
215  			, p_border	 IN INTEGER  DEFAULT otap_constants.OTAP_FALLBACK_BORDER
216  			)
217  	 RETURN INTEGER
218    IS
219  	 l_script VARCHAR2(256 CHAR) := 'otap_string.max_size';
220  	 l_title_length INTEGER;
221  	 l_line_size	INTEGER;
222  	 l_border	INTEGER;
223  	 l_max_size	INTEGER;
224    BEGIN
225  	 l_line_size	:= otap_string.check_line_size(p_line_size);
226  	 l_border	:= otap_string.check_border(p_border);
227  	 l_title_length := otap_string.check_title_size(p_title_length, l_border);
228  	 IF l_title_length <= 0
229  	 THEN
230  	   l_max_size := 0;
231  	 ELSE
232  	   IF (l_title_length + (l_border * 2)) > otap_constants.OTAP_NUM_MAX_FILL_LENGTH
233  	   THEN
234  	     l_max_size := otap_constants.OTAP_NUM_MAX_FILL_LENGTH - (l_border * 2);
235  	   ELSE
236  	     l_max_size := l_title_length;
237  	   END IF;
238  	 END IF;
239  	 RETURN l_max_size;
240    EXCEPTION
241  	 WHEN OTHERS THEN
242  	   otap_log.log(SQLERRM, l_script, 'Calculate maximum title size');
243  	   RAISE;
244    END max_size;
245  
246    FUNCTION left_deco( p_title_length IN INTEGER  DEFAULT 0
247  			 , p_min_fill	  IN INTEGER  DEFAULT otap_constants.OTAP_NUM_MIN_FILL_LENGTH
248  			 , p_decoration   IN VARCHAR2 DEFAULT otap_constants.OTAP_FALLBACK_FORMAT_NAME_CHAR
249  			 , p_layout	  IN VARCHAR2 DEFAULT otap_constants.OTAP_FALLBACK_LAYOUT_DEFAULT
250  			 , p_border	  IN INTEGER  DEFAULT otap_constants.OTAP_FALLBACK_BORDER
251  			 )
252  	 RETURN VARCHAR2
253    IS
254  	 l_script	 VARCHAR2(256 CHAR) := 'otap_string.left_deco';
255  	 l_deco 	 VARCHAR2(1 CHAR);
256  	 l_layout	 VARCHAR2(1 CHAR);
257  	 l_border	 INTEGER;
258  	 l_pad_size	 INTEGER;
259  	 l_min_fill	 INTEGER;
260  	 l_line_size	 INTEGER;
261  	 l_title_length  INTEGER;
262  	 l_left_pad	 VARCHAR2(32767 CHAR);
263    BEGIN
264  	 l_min_fill	 := otap_string.check_line_size(p_min_fill);
265  	 l_deco 	 := otap_string.check_decoration(p_decoration);
266  	 l_border	 := otap_string.check_border(p_border);
267  	 l_layout	 := otap_string.check_layout(p_layout);
268  	 l_title_length  := otap_string.check_title_size(p_title_length, l_border);
269  	 l_line_size	 := otap_string.line_size(l_title_length, l_border, l_min_fill);
270  	 -- if defaults we should have now a line size between 80 and 4000, a border between 2 and 10, a valid deco and a valid layout.
271  	 l_pad_size := CASE
272  			 WHEN l_layout = otap_constants.OTAP_LAYOUT_LEFT
273  			 THEN l_border
274  			 WHEN l_layout = otap_constants.OTAP_LAYOUT_RIGHT
275  			 THEN l_line_size - (l_title_length + l_border)
276  			 ELSE FLOOR((l_line_size - l_title_length) / 2)
277  		       END
278  	 ;
279  	 IF l_title_length = 0
280  	 THEN
281  	   l_left_pad := LPAD(l_deco, l_pad_size, l_deco);
282  	 ELSE
283  	   l_left_pad := LPAD(' ', l_pad_size, l_deco);
284  	 END IF;
285  	 RETURN l_left_pad;
286    EXCEPTION
287  	 WHEN OTHERS THEN
288  	   otap_log.log(SQLERRM, l_script, 'Build left decoration');
289  	   RAISE;
290    END left_deco;
291  
292    FUNCTION right_deco( p_title_length IN INTEGER  DEFAULT 0
293  			  , p_min_fill	   IN INTEGER  DEFAULT otap_constants.OTAP_NUM_MIN_FILL_LENGTH
294  			  , p_decoration   IN VARCHAR2 DEFAULT otap_constants.OTAP_FALLBACK_FORMAT_NAME_CHAR
295  			  , p_layout	   IN VARCHAR2 DEFAULT otap_constants.OTAP_FALLBACK_LAYOUT_DEFAULT
296  			  , p_border	   IN INTEGER  DEFAULT otap_constants.OTAP_FALLBACK_BORDER
297  			  )
298  	 RETURN VARCHAR2
299    IS
300  	 l_script	 VARCHAR2(256 CHAR) := 'otap_string.right_deco';
301  	 l_deco 	 VARCHAR2(1 CHAR);
302  	 l_layout	 VARCHAR2(1 CHAR);
303  	 l_border	 INTEGER;
304  	 l_pad_size	 INTEGER;
305  	 l_min_fill	 INTEGER;
306  	 l_line_size	 INTEGER;
307  	 l_title_length  INTEGER;
308  	 l_right_pad	 VARCHAR2(32767 CHAR);
309    BEGIN
310  	 l_min_fill	 := otap_string.check_line_size(p_min_fill);
311  	 l_deco 	 := otap_string.check_decoration(p_decoration);
312  	 l_border	 := otap_string.check_border(p_border);
313  	 l_layout	 := otap_string.check_layout(p_layout);
314  	 l_title_length  := otap_string.check_title_size(p_title_length, l_border);
315  	 l_line_size	 := otap_string.line_size(l_title_length, l_border, l_min_fill);
316  	 l_pad_size := CASE
317  			 WHEN l_layout = otap_constants.OTAP_LAYOUT_LEFT
318  			 THEN l_line_size - (l_title_length + l_border)
319  			 WHEN l_layout = otap_constants.OTAP_LAYOUT_RIGHT
320  			 THEN l_border
321  			 ELSE FLOOR((l_line_size - l_title_length) / 2) + MOD((l_line_size - l_title_length), 2)
322  		       END
323  	 ;
324  	 IF l_title_length = 0
325  	 THEN
326  	   l_right_pad := RPAD(l_deco, l_pad_size, l_deco);
327  	 ELSE
328  	   l_right_pad := RPAD(' ', l_pad_size, l_deco);
329  	 END IF;
330  	 RETURN l_right_pad;
331    EXCEPTION
332  	 WHEN OTHERS THEN
333  	   otap_log.log(SQLERRM, l_script, 'Build right decoration');
334  	   RAISE;
335    END right_deco;
336  
337    FUNCTION decorate( p_title	IN VARCHAR2 DEFAULT NULL
338  			, p_decoration	IN VARCHAR2 DEFAULT otap_constants.OTAP_FALLBACK_FORMAT_NAME_CHAR
339  			, p_min_length	IN INTEGER  DEFAULT otap_constants.OTAP_NUM_MIN_FILL_LENGTH
340  			, p_layout	IN VARCHAR2 DEFAULT otap_constants.OTAP_FALLBACK_LAYOUT_DEFAULT
341  			, p_border	IN INTEGER  DEFAULT otap_constants.OTAP_FALLBACK_BORDER
342  			)
343  	 RETURN VARCHAR2
344    IS
345  	 l_script	 VARCHAR2(256 CHAR) := 'otap_string.decorate';
346  	 l_deco_length	 INTEGER;
347  	 l_pad_length	 INTEGER;
348  	 l_title_length  INTEGER;
349  	 l_min_length	 INTEGER;
350  	 l_line_size	 INTEGER;
351  	 l_add		 INTEGER;
352  	 l_padding	 INTEGER;
353  	 l_border	 INTEGER;
354  	 l_deco 	 VARCHAR2(1 CHAR);
355  	 l_layout	 VARCHAR2(1 CHAR);
356  	 l_deco_string	 VARCHAR2(32767 CHAR);
357  	 l_title	 VARCHAR2(32767 CHAR);
358    BEGIN
359  	 otap_log.log('Parameter p_title: ' || p_title || ' p_decoration: ' || p_decoration || ' p_min_length: ' || p_min_length || ' p_layout: ' || p_layout || ' p_border: ' || p_border, l_script, 'Call', 'OTAP_DEBUG');
360  	 -- check params, assign defaults
361  	 l_min_length := otap_string.check_line_size(p_min_length);
362  	 l_border     := otap_string.check_border(p_border);
363  	 l_layout     := otap_string.check_layout(p_layout);
364  	 l_deco       := otap_string.check_decoration(p_decoration);
365  	 otap_log.log('After param check l_min_length: ' || l_min_length || ' l_border: ' || l_border || ' l_layout: ' || l_layout || ' l_deco: ' || l_deco, l_script, 'param check section', 'OTAP_DEBUG');
366  	 l_title_length := otap_string.check_title_size(LENGTH(p_title), l_border);
367  	 l_line_size	:= otap_string.line_size(l_title_length, l_border, l_min_length);
368  	 l_title_length := otap_string.max_size(l_title_length, l_line_size, l_border);
369  	 l_title	:= otap_string.reduce(p_title, l_title_length);
370  	 otap_log.log('Current title: ' || l_title || ' calculated title length: ' || l_title_length || ' line size: ' || l_line_size, l_script, 'Calculate title and line size to use', 'OTAP_DEBUG');
371  	 -- build the string
372  	 l_deco_string := otap_string.left_deco(l_title_length, l_line_size, l_deco, l_layout, l_border) ||
373  			  l_title ||
374  			  otap_string.right_deco(l_title_length, l_line_size, l_deco, l_layout, l_border)
375  	 ;
376  	 RETURN l_deco_string;
377    EXCEPTION
378  	 WHEN OTHERS THEN
379  	   otap_log.log(SQLERRM, l_script, 'Decorate string');
380  	   RAISE;
381    END decorate;
382  
383    FUNCTION decorate_blank( p_string      IN VARCHAR2 DEFAULT otap_constants.OTAP_INTERNAL_NA
384  			      , p_min_length  IN INTEGER  DEFAULT otap_constants.OTAP_NUM_MIN_FILL_LENGTH
385  			      )
386  	 RETURN VARCHAR2
387    IS
388  	 l_script	 VARCHAR2(256 CHAR) := 'otap_string.decorate_blank';
389  	 l_title_length  INTEGER;
390  	 l_min_length	 INTEGER;
391  	 l_line_size	 INTEGER;
392  	 l_padding	 INTEGER;
393  	 l_deco 	 VARCHAR2(1 CHAR);
394  	 l_deco_string	 VARCHAR2(32767 CHAR);
395  	 l_title	 VARCHAR2(32767 CHAR);
396    BEGIN
397  	 -- check params, assign defaults
398  	 l_min_length	 := otap_string.check_line_size(p_min_length);
399  	 l_deco 	 := ' ';
400  	 l_title	 := NVL(p_string, otap_constants.OTAP_INTERNAL_ERROR);
401  	 l_title_length  := LENGTH(l_title);
402  	 l_line_size	 := GREATEST(l_min_length, l_title_length);
403  	 l_line_size	 := CASE WHEN l_line_size <= otap_constants.OTAP_NUM_MAX_FILL_LENGTH THEN l_line_size ELSE otap_constants.OTAP_NUM_MAX_FILL_LENGTH END;
404  	 l_line_size	 := CASE WHEN l_line_size >= otap_constants.OTAP_NUM_MIN_FILL_LENGTH THEN l_line_size ELSE otap_constants.OTAP_NUM_MIN_FILL_LENGTH END;
405  	 l_title	 := otap_string.reduce(l_title, l_line_size);
406  	 IF l_title_length < l_line_size
407  	 THEN
408  	   -- padding with middle layout
409  	   l_padding	 := FLOOR((l_line_size - l_title_length) / 2);
410  	   l_deco_string := LPAD(l_deco, l_padding, l_deco) || l_title;
411  	   l_deco_string := RPAD(l_deco_string, l_line_size, l_deco);
412  	 ELSE
413  	   -- no padding, fills the line
414  	   l_deco_string := l_title;
415  	 END IF;
416  	 RETURN l_deco_string;
417    EXCEPTION
418  	 WHEN OTHERS THEN
419  	   otap_log.log(SQLERRM, l_script, 'Decorate string with blank');
420  	   RAISE;
421    END decorate_blank;
422  
423    FUNCTION borderless( p_string	  IN VARCHAR2 DEFAULT otap_constants.OTAP_INTERNAL_NA
424  			  , p_min_length  IN INTEGER  DEFAULT otap_constants.OTAP_NUM_MIN_FILL_LENGTH
425  			  , p_layout	  IN VARCHAR2 DEFAULT otap_constants.OTAP_FALLBACK_LAYOUT_RESULT_DEFAULT
426  			  )
427  	 RETURN VARCHAR2
428    IS
429  	 l_script      VARCHAR2(256 CHAR) := 'otap_string.borderless';
430  	 l_layout      VARCHAR2(1 CHAR);
431  	 l_min_length  INTEGER;
432  	 l_line_size   INTEGER;
433  	 l_string      VARCHAR2(32767 CHAR);
434    BEGIN
435  	 l_min_length := otap_string.check_line_size(p_min_length);
436  	 l_layout     := otap_string.check_layout(p_layout);
437  	 IF l_layout = otap_constants.OTAP_LAYOUT_MIDDLE
438  	 THEN
439  	   l_layout := otap_constants.OTAP_LAYOUT_LEFT;
440  	 END IF;
441  	 l_line_size   := GREATEST(l_min_length, otap_string.check_string_size(NVL(LENGTH(p_string), 0)));
442  	 l_string      := otap_string.reduce(p_string, l_line_size);
443  	 -- if null (e.g. p_string was a space char), no need to recheck linesize as min length is active in that case
444  	 l_string      := NVL(l_string, otap_constants.OTAP_INTERNAL_NA);
445  	 -- now pad the string for the right or left side
446  	 IF l_layout = otap_constants.OTAP_LAYOUT_RIGHT
447  	 THEN
448  	   l_string := LPAD(l_string, l_line_size, ' ');
449  	 ELSE
450  	   -- middle and left are treated equally
451  	   l_string := RPAD(l_string, l_line_size, ' ');
452  	 END IF;
453  	 RETURN l_string;
454    EXCEPTION
455  	 WHEN OTHERS THEN
456  	   otap_log.log(SQLERRM, l_script, 'Borderless layout');
457  	   RAISE;
458    END borderless;
459  
460    FUNCTION is_sys_object( p_string  IN VARCHAR2
461  			     , p_exclude IN NUMBER   DEFAULT 1
462  			     )
463  	 RETURN BOOLEAN
464    IS
465  	 l_script VARCHAR2(256 CHAR) := 'otap_string.is_sys_object';
466  	 l_return BOOLEAN;
467    BEGIN
468  	 l_return := FALSE;
469  	 IF NVL(p_exclude, 1) != 0
470  	 THEN
471  	   l_return := (UPPER(SUBSTR(TRIM(p_string), 1, 4)) = 'SYS_' OR INSTR(p_string, '$') > 0 OR INSTR(p_string, '#') > 0);
472  	 END IF;
473  	 RETURN l_return;
474    EXCEPTION
475  	 WHEN OTHERS THEN
476  	   otap_log.log(SQLERRM, l_script, 'Identify sys object');
477  	   RETURN FALSE;
478    END is_sys_object;
479  
480  END;
481  /

Package body created.

SQL> @@../otap_ddl/packages/otap_util.pks
SQL> -- (C) 2024 Michael Lindenau licensed via https://www.gnu.org/licenses/agpl-3.0.txt
SQL> -- and https://toent.ch/licenses/AI_DISCLOSURE_LICENSE_V1
SQL> -- Not allowed to be used as AI training material without explicite permission.
SQL> CREATE OR REPLACE PACKAGE otap_util
  2  AS
  3    /**
  4    * Provides basic table management and utility functions for otap. Used in triggers and packages.
  5    * Owes the configuration access constants.
  6    */
  7    -- configuration access constants apart from DEBUG_MODE which is in otap_constants
  8    -- DONT FORGET on updates of config_names to update validate_config_name
  9    CFG_DEFAULT_BORDER		 CONSTANT CHAR(14)   := 'DEFAULT_BORDER';
 10    CFG_DEFAULT_LABEL_COLUMN 	 CONSTANT CHAR(20)   := 'DEFAULT_LABEL_COLUMN';
 11    CFG_DEFAULT_LANGUAGE		 CONSTANT CHAR(16)   := 'DEFAULT_LANGUAGE';
 12    CFG_DEFAULT_LAYOUT		 CONSTANT CHAR(14)   := 'DEFAULT_LAYOUT';
 13    CFG_DEFAULT_PREFIX		 CONSTANT CHAR(14)   := 'DEFAULT_PREFIX';
 14    CFG_DEFAULT_RESULT_LAYOUT	 CONSTANT CHAR(21)   := 'DEFAULT_RESULT_LAYOUT';
 15    CFG_DEFAULT_TEST_GROUP		 CONSTANT CHAR(18)   := 'DEFAULT_TEST_GROUP';
 16    CFG_DEFAULT_TEST_NAME		 CONSTANT CHAR(17)   := 'DEFAULT_TEST_NAME';
 17    CFG_DEFAULT_TEST_SET		 CONSTANT CHAR(16)   := 'DEFAULT_TEST_SET';
 18    CFG_DELETE_BATCH_SIZE		 CONSTANT CHAR(17)   := 'DELETE_BATCH_SIZE';
 19    CFG_DELETE_DELAY 		 CONSTANT CHAR(12)   := 'DELETE_DELAY';
 20    CFG_FORMAT_GROUP_CHAR		 CONSTANT CHAR(17)   := 'FORMAT_GROUP_CHAR';
 21    CFG_FORMAT_HEADER_CHAR		 CONSTANT CHAR(18)   := 'FORMAT_HEADER_CHAR';
 22    CFG_FORMAT_NAME_CHAR		 CONSTANT CHAR(16)   := 'FORMAT_NAME_CHAR';
 23    CFG_FORMAT_SET_CHAR		 CONSTANT CHAR(15)   := 'FORMAT_SET_CHAR';
 24    CFG_PRESERVE_DAYS		 CONSTANT CHAR(13)   := 'PRESERVE_DAYS';
 25    CFG_TEMPLATE_COUNT_DESC		 CONSTANT CHAR(19)   := 'TEMPLATE_COUNT_DESC';
 26    CFG_TEMPLATE_ERRORS		 CONSTANT CHAR(15)   := 'TEMPLATE_ERRORS';
 27    CFG_TEMPLATE_ERROR_DETAILS	 CONSTANT CHAR(22)   := 'TEMPLATE_ERROR_DETAILS';
 28    CFG_TEMPLATE_EXISTS		 CONSTANT CHAR(15)   := 'TEMPLATE_EXISTS';
 29    CFG_TEMPLATE_EXISTSX		 CONSTANT CHAR(16)   := 'TEMPLATE_EXISTSX';
 30    CFG_TEMPLATE_EXISTS_C		 CONSTANT CHAR(17)   := 'TEMPLATE_EXISTS_C';
 31    CFG_TEMPLATE_EXISTS_CX		 CONSTANT CHAR(18)   := 'TEMPLATE_EXISTS_CX';
 32    CFG_TEMPLATE_EXISTS_F		 CONSTANT CHAR(17)   := 'TEMPLATE_EXISTS_F';
 33    CFG_TEMPLATE_EXISTS_FX		 CONSTANT CHAR(18)   := 'TEMPLATE_EXISTS_FX';
 34    CFG_TEMPLATE_GROUP		 CONSTANT CHAR(14)   := 'TEMPLATE_GROUP';
 35    CFG_TEMPLATE_MATCH		 CONSTANT CHAR(14)   := 'TEMPLATE_MATCH';
 36    CFG_TEMPLATE_NO_DATA		 CONSTANT CHAR(16)   := 'TEMPLATE_NO_DATA';
 37    CFG_TEMPLATE_REPORT_TOTAL	 CONSTANT CHAR(21)   := 'TEMPLATE_REPORT_TOTAL';
 38    CFG_TEMPLATE_RESULT_LINE 	 CONSTANT CHAR(20)   := 'TEMPLATE_RESULT_LINE';
 39    CFG_TEMPLATE_SESSION_ID		 CONSTANT CHAR(19)   := 'TEMPLATE_SESSION_ID';
 40    CFG_TEMPLATE_SET 		 CONSTANT CHAR(12)   := 'TEMPLATE_SET';
 41    CFG_TEMPLATE_SUMMARY		 CONSTANT CHAR(16)   := 'TEMPLATE_SUMMARY';
 42    CFG_TEMPLATE_TEST_NAME		 CONSTANT CHAR(18)   := 'TEMPLATE_TEST_NAME';
 43    CFG_TEXT_FALSE			 CONSTANT CHAR(10)   := 'TEXT_FALSE';
 44    CFG_TEXT_FALSE_NO		 CONSTANT CHAR(13)   := 'TEXT_FALSE_NO';
 45    CFG_TEXT_REPORT_END		 CONSTANT CHAR(15)   := 'TEXT_REPORT_END';
 46    CFG_TEXT_REPORT_START		 CONSTANT CHAR(17)   := 'TEXT_REPORT_START';
 47    CFG_TEXT_REPORT_TOTAL		 CONSTANT CHAR(17)   := 'TEXT_REPORT_TOTAL';
 48    CFG_TEXT_RESULT_HEADER		 CONSTANT CHAR(18)   := 'TEXT_RESULT_HEADER';
 49    CFG_TEXT_RESULT_LINE		 CONSTANT CHAR(16)   := 'TEXT_RESULT_LINE';
 50    CFG_TEXT_SUMMARY_HEADER		 CONSTANT CHAR(19)   := 'TEXT_SUMMARY_HEADER';
 51    CFG_TEXT_TEST_FAILED		 CONSTANT CHAR(16)   := 'TEXT_TEST_FAILED';
 52    CFG_TEXT_TEST_PASSED		 CONSTANT CHAR(16)   := 'TEXT_TEST_PASSED';
 53    CFG_TEXT_TEST_UNDEFINED		 CONSTANT CHAR(19)   := 'TEXT_TEST_UNDEFINED';
 54    CFG_TEXT_TEST_SETUP_SET		 CONSTANT CHAR(19)   := 'TEXT_TEST_SETUP_SET';
 55    CFG_TEXT_TEST_SETUP_GROUP	 CONSTANT CHAR(21)   := 'TEXT_TEST_SETUP_GROUP';
 56    CFG_TEXT_TEST_SETUP_NAME 	 CONSTANT CHAR(20)   := 'TEXT_TEST_SETUP_NAME';
 57    CFG_TEXT_TRUE			 CONSTANT CHAR(9)    := 'TEXT_TRUE';
 58    CFG_TEXT_TRUE_YES		 CONSTANT CHAR(13)   := 'TEXT_TRUE_YES';
 59  
 60    -- extra labels for schema object types
 61    CFG_LABEL_BOOLEAN		    CONSTANT CHAR(13)	:= 'LABEL_BOOLEAN';
 62    CFG_LABEL_CHECK			    CONSTANT CHAR(11)	:= 'LABEL_CHECK';
 63    CFG_LABEL_CLUSTER		    CONSTANT CHAR(13)	:= 'LABEL_CLUSTER';
 64    CFG_LABEL_COLUMN 		    CONSTANT CHAR(12)	:= 'LABEL_COLUMN';
 65    CFG_LABEL_CONSTRAINT		    CONSTANT CHAR(16)	:= 'LABEL_CONSTRAINT';
 66    CFG_LABEL_CONSUMER_GROUP 	    CONSTANT CHAR(20)	:= 'LABEL_CONSUMER_GROUP';
 67    CFG_LABEL_CONTEXT		    CONSTANT CHAR(13)	:= 'LABEL_CONTEXT';
 68    CFG_LABEL_CREDENTIAL		    CONSTANT CHAR(16)	:= 'LABEL_CREDENTIAL';
 69    CFG_LABEL_DATABASE		    CONSTANT CHAR(14)	:= 'LABEL_DATABASE';
 70    CFG_LABEL_DATE			    CONSTANT CHAR(10)	:= 'LABEL_DATE';
 71    CFG_LABEL_DESTINATION		    CONSTANT CHAR(17)	:= 'LABEL_DESTINATION';
 72    CFG_LABEL_DIMENSION		    CONSTANT CHAR(15)	:= 'LABEL_DIMENSION';
 73    CFG_LABEL_DIRECTORY		    CONSTANT CHAR(15)	:= 'LABEL_DIRECTORY';
 74    CFG_LABEL_DOMAIN 		    CONSTANT CHAR(12)	:= 'LABEL_DOMAIN';
 75    CFG_LABEL_EDITION		    CONSTANT CHAR(13)	:= 'LABEL_EDITION';
 76    CFG_LABEL_EVALUATION_CONTEXT	    CONSTANT CHAR(24)	:= 'LABEL_EVALUATION_CONTEXT';
 77    CFG_LABEL_EXCEPTION		    CONSTANT CHAR(15)	:= 'LABEL_EXCEPTION';
 78    CFG_LABEL_FOREIGN_KEY		    CONSTANT CHAR(17)	:= 'LABEL_FOREIGN_KEY';
 79    CFG_LABEL_FUNCTION		    CONSTANT CHAR(14)	:= 'LABEL_FUNCTION';
 80    CFG_LABEL_HASH			    CONSTANT CHAR(10)	:= 'LABEL_HASH';
 81    CFG_LABEL_INDEX			    CONSTANT CHAR(11)	:= 'LABEL_INDEX';
 82    CFG_LABEL_INDEXTYPE		    CONSTANT CHAR(15)	:= 'LABEL_INDEXTYPE';
 83    CFG_LABEL_INDEX_PARTITION	    CONSTANT CHAR(21)	:= 'LABEL_INDEX_PARTITION';
 84    CFG_LABEL_INDEX_SUBPARTITION	    CONSTANT CHAR(24)	:= 'LABEL_INDEX_SUBPARTITION';
 85    CFG_LABEL_INVALID_CONSTRAINT_TYPE    CONSTANT CHAR(29)	:= 'LABEL_INVALID_CONSTRAINT_TYPE';
 86    CFG_LABEL_JAVA_CLASS		    CONSTANT CHAR(16)	:= 'LABEL_JAVA_CLASS';
 87    CFG_LABEL_JAVA_DATA		    CONSTANT CHAR(15)	:= 'LABEL_JAVA_DATA';
 88    CFG_LABEL_JAVA_RESOURCE		    CONSTANT CHAR(19)	:= 'LABEL_JAVA_RESOURCE';
 89    CFG_LABEL_JAVA_SOURCE		    CONSTANT CHAR(17)	:= 'LABEL_JAVA_SOURCE';
 90    CFG_LABEL_JOB			    CONSTANT CHAR(9)	:= 'LABEL_JOB';
 91    CFG_LABEL_JOB_CLASS		    CONSTANT CHAR(15)	:= 'LABEL_JOB_CLASS';
 92    CFG_LABEL_LIBRARY		    CONSTANT CHAR(13)	:= 'LABEL_LIBRARY';
 93    CFG_LABEL_LOB			    CONSTANT CHAR(9)	:= 'LABEL_LOB';
 94    CFG_LABEL_LOB_PARTITION		    CONSTANT CHAR(19)	:= 'LABEL_LOB_PARTITION';
 95    CFG_LABEL_MATERIALIZED_VIEW	    CONSTANT CHAR(23)	:= 'LABEL_MATERIALIZED_VIEW';
 96    CFG_LABEL_MLE_LANGUAGE		    CONSTANT CHAR(18)	:= 'LABEL_MLE_LANGUAGE';
 97    CFG_LABEL_NOT_NULL		    CONSTANT CHAR(14)	:= 'LABEL_NOT_NULL';
 98    CFG_LABEL_NULL			    CONSTANT CHAR(10)	:= 'LABEL_NULL';
 99    CFG_LABEL_NUMBER 		    CONSTANT CHAR(12)	:= 'LABEL_NUMBER';
100    CFG_LABEL_OPERATOR		    CONSTANT CHAR(14)	:= 'LABEL_OPERATOR';
101    CFG_LABEL_PACKAGE		    CONSTANT CHAR(13)	:= 'LABEL_PACKAGE';
102    CFG_LABEL_PACKAGE_BODY		    CONSTANT CHAR(18)	:= 'LABEL_PACKAGE_BODY';
103    CFG_LABEL_PRIMARY_KEY		    CONSTANT CHAR(17)	:= 'LABEL_PRIMARY_KEY';
104    CFG_LABEL_PROCEDURE		    CONSTANT CHAR(15)	:= 'LABEL_PROCEDURE';
105    CFG_LABEL_PROGRAM		    CONSTANT CHAR(13)	:= 'LABEL_PROGRAM';
106    CFG_LABEL_QUEUE			    CONSTANT CHAR(11)	:= 'LABEL_QUEUE';
107    CFG_LABEL_REF_COLUMN		    CONSTANT CHAR(16)	:= 'LABEL_REF_COLUMN';
108    CFG_LABEL_RESOURCE_PLAN		    CONSTANT CHAR(19)	:= 'LABEL_RESOURCE_PLAN';
109    CFG_LABEL_ROLE			    CONSTANT CHAR(10)	:= 'LABEL_ROLE';
110    CFG_LABEL_RULE			    CONSTANT CHAR(10)	:= 'LABEL_RULE';
111    CFG_LABEL_RULE_SET		    CONSTANT CHAR(14)	:= 'LABEL_RULE_SET';
112    CFG_LABEL_SCHEDULE		    CONSTANT CHAR(14)	:= 'LABEL_SCHEDULE';
113    CFG_LABEL_SCHEDULER_GROUP	    CONSTANT CHAR(21)	:= 'LABEL_SCHEDULER_GROUP';
114    CFG_LABEL_SCHEDULER_JOB		    CONSTANT CHAR(19)	:= 'LABEL_SCHEDULER_JOB';
115    CFG_LABEL_SEQUENCE		    CONSTANT CHAR(14)	:= 'LABEL_SEQUENCE';
116    CFG_LABEL_SUPPLEMENTAL_LOGGGING	    CONSTANT CHAR(27)	:= 'LABEL_SUPPLEMENTAL_LOGGGING';
117    CFG_LABEL_SYNONYM		    CONSTANT CHAR(13)	:= 'LABEL_SYNONYM';
118    CFG_LABEL_TABLE			    CONSTANT CHAR(11)	:= 'LABEL_TABLE';
119    CFG_LABEL_TABLE_PARTITION	    CONSTANT CHAR(21)	:= 'LABEL_TABLE_PARTITION';
120    CFG_LABEL_TABLE_SUBPARTITION	    CONSTANT CHAR(24)	:= 'LABEL_TABLE_SUBPARTITION';
121    CFG_LABEL_TRIGGER		    CONSTANT CHAR(13)	:= 'LABEL_TRIGGER';
122    CFG_LABEL_TYPE			    CONSTANT CHAR(10)	:= 'LABEL_TYPE';
123    CFG_LABEL_TYPE_BODY		    CONSTANT CHAR(15)	:= 'LABEL_TYPE_BODY';
124    CFG_LABEL_UNDEFINED		    CONSTANT CHAR(15)	:= 'LABEL_UNDEFINED';
125    CFG_LABEL_UNIFIED_AUDIT_POLICY	    CONSTANT CHAR(26)	:= 'LABEL_UNIFIED_AUDIT_POLICY';
126    CFG_LABEL_UNIQUE_KEY		    CONSTANT CHAR(16)	:= 'LABEL_UNIQUE_KEY';
127    CFG_LABEL_USER			    CONSTANT CHAR(10)	:= 'LABEL_USER';
128    CFG_LABEL_VARCHAR2		    CONSTANT CHAR(14)	:= 'LABEL_VARCHAR2';
129    CFG_LABEL_VIEW			    CONSTANT CHAR(10)	:= 'LABEL_VIEW';
130    CFG_LABEL_VIEW_CHECK		    CONSTANT CHAR(16)	:= 'LABEL_VIEW_CHECK';
131    CFG_LABEL_VIEW_READONLY		    CONSTANT CHAR(19)	:= 'LABEL_VIEW_READONLY';
132    CFG_LABEL_WINDOW 		    CONSTANT CHAR(12)	:= 'LABEL_WINDOW';
133    CFG_LABEL_XML_SCHEMA		    CONSTANT CHAR(16)	:= 'LABEL_XML_SCHEMA';
134  
135    /** FUNCTION otap_util.is_number
136    * Checks if a VARCHAR2 can be converted to a number and back. No format options supported.
137    * Simple TO_NUMBER without parameters.
138    *
139    * @param p_varchar_number The string to verify for number transformation.
140    *
141    * @return TRUE if string can be translated to a number otherwise FALSE.
142    */
143    FUNCTION is_number(p_varchar_number IN VARCHAR2)
144  	 RETURN BOOLEAN
145    ;
146  
147    /** FUNCTION otap_util.is_integer
148    * Checks if a VARCHAR2 can be converted to a integer and back.
149    *
150    * @param p_varchar_number The string to verify for number transformation.
151    *
152    * @return TRUE if string can be translated to a integer otherwise FALSE.
153    */
154    FUNCTION is_integer(p_varchar_number IN VARCHAR2)
155  	 RETURN BOOLEAN
156    ;
157  
158    /** PROCEDURE otap_util.validate_config_name
159    * Validates the given CONFIG_NAME. If valid does nothing. If invalid will raise an application
160    * exception. To be used in OTAP_CONFIG triggers.
161    *
162    * @param p_config_name The configuration name as given, usally :NEW.config_name or :OLD.config_name.
163    * @param p_del_trigger Changes the logic for DELETE triggers.
164    *
165    * @throws -20001 The configuration name is not supported
166    * @throws -20006 The configuration name cannot be deleted.
167    */
168    PROCEDURE validate_config_name( p_config_name IN VARCHAR2
169  				     , p_del_trigger IN BOOLEAN  DEFAULT FALSE
170  				     )
171    ;
172  
173    /** PROCEDURE otap_util.validate_config_type
174    * Validates the given configuration. If valid does nothing. If invalid will raise an application
175    * exception. To be used in OTAP_CONFIG triggers. Checks the internal constraints on special configuration values.
176    *
177    * @param p_config_name The configuration name as given, usally :NEW.config_name or :OLD.config_name.
178    * @param p_config_value The configuration value as given, usally :NEW.config_value or :OLD.config_value.
179    * @param p_config_type The configuration type as given, usally :NEW.config_type or :OLD.config_type. Only CHAR and NUMBER supported.
180    * @param p_translatable The translatable indicator as given, usally :NEW.translatable or :OLD.translatable. Only allowed for CHAR to be set to 1.
181    * @param p_max_length The configuration max length for the config value as given, usally :NEW.config_max_length or :OLD.config_max_length.
182    * @param p_raise By default raise on validation errors, if FALSE deliver default value if available.
183    *
184    * @return The config value as is if tests passed or the default value, if p_raise is FALSE and value not valid.
185    *
186    * @throws -20002 The given config_value is not supported. Empty or only spaces.
187    * @throws -20003 The given config_type is not supported. Only CHAR or NUMBER supported.
188    * @throws -20004 The given config_value exceeds the maximum length allowed.
189    * @throws -20005 The given config_value cannot be converted to a number.
190    */
191    FUNCTION validate_config_value( p_config_name   IN	     VARCHAR2
192  				     , p_config_value  IN	     VARCHAR2
193  				     , p_config_type   IN	     VARCHAR2
194  				     , p_translatable  IN OUT NOCOPY NUMBER
195  				     , p_max_length    IN	     NUMBER
196  				     , p_raise	       IN	     BOOLEAN  DEFAULT TRUE
197  				     )
198  	 RETURN VARCHAR2
199    ;
200  
201    /** PROCEDURE otap_util.validate_translatable
202    * Checks for OTAP_TRANSLATE trigger if the identifier is defined and not translatable.
203    * Identifiers for not translatable config names are not allowed and will cause an exception.
204    * Checks only values in OTAP_CONFIG. Other identifiers are ignored and may get used, if they
205    * exist. OTAP_CONFIG identifiers must be of type CHAR and must have translatable set.
206    *
207    * @param p_otap_identifier The identifier name, usally :NEW.otap_identifier or :OLD.otap_identifier.
208    *
209    * @throws -20020 The given identifier cannot be translated. Ask your admin to adjust this configuration item.
210    */
211    PROCEDURE validate_translatable(p_otap_identifier IN VARCHAR2);
212  
213    /** PROCEDURE otap_util.validate_translatable
214    * Checks for OTAP_TRANSLATE trigger if the identifier is a config name and has length constraints.
215    * Translations must keep the config length constraints or will cause an exception.
216    * Checks only values in OTAP_CONFIG that are translatable. Other identifiers are ignored and may use
217    * the limit of 4000 chars, even not recommended for report readability.
218    *
219    * @param p_otap_identifier The identifier name, usally :NEW.otap_identifier or :OLD.otap_identifier.
220    * @param p_label_text The translation text, usally :NEW.label_text or :OLD.label_text.
221    *
222    * @throws -20021 The given value exceeds the length limits of OTAP_CONFIG for the given identifier.
223    */
224    PROCEDURE validate_translation( p_otap_identifier IN VARCHAR2
225  				     , p_label_text	 IN VARCHAR2
226  				     )
227    ;
228  
229    /** FUNCTION otap_util.get_config_value
230    * Returns a config value for a given configuration as is. Return value is always VARCHAR2.
231    * On errors return otap error identifier or raise exception.
232    *
233    * @param p_config_name A valid configuration name.
234    * @param p_language_id A valid or existing language id.
235    *
236    * @return The config value for the given config name in the given language as string or the otap error identifier.
237    */
238    FUNCTION get_config_value( p_config_name IN VARCHAR2
239  				, p_language_id IN VARCHAR2 DEFAULT otap_constants.OTAP_INTERNAL_NA
240  				)
241  	 RETURN VARCHAR2
242    ;
243  
244    /** PROCEDURE otap_util.set_config_value
245    * Sets a config value for a given and existing configuration name. Executes as autonomous transaction.
246    * Exceptions from otap_config triggers may occur on invalid configuration values or names.
247    * This is an internal function for QoL, it is not intended to be used by otap users. It will be used
248    * by otap itself, when testing otap. And it should be used by the otap owner to set the configuration
249    * as desired only once or on intended changes. Supported are only configuration values that are not
250    * translatable.
251    *
252    * @param p_config_name A valid not translatable configuration name.
253    * @param p_config_value A valid configuration value.
254    *
255    * @throws -20002 The given config_value is not supported. Empty or only spaces.
256    * @throws -20003 The given config_type is not supported. Only CHAR or NUMBER supported.
257    * @throws -20004 The given config_value exceeds the maximum length allowed.
258    * @throws -20005 The given config_value cannot be converted to a number.
259    * @throws -20007 The given config_name does not exist or is translatable.
260    */
261    PROCEDURE set_config_value( p_config_name  IN VARCHAR2
262  				 , p_config_value IN VARCHAR2
263  				 )
264    ;
265  
266    /** FUNCTION otap_util.get_config_number
267    * Returns a config value for a given configuration as NUMBER. Return value is always NUMBER.
268    * On errors return NULL or raise exception. NUMBER types are not translatable, language is
269    * ignored.
270    *
271    * @param p_config_name A valid configuration name that has configured NUMBER as type.
272    *
273    * @return The config value for the given config name as number or NULL.
274    */
275    FUNCTION get_config_number(p_config_name IN VARCHAR2)
276  	 RETURN NUMBER
277    ;
278  
279    /** FUNCTION otap_util.get_label_id
280    * Returns the label name for a given object type. If not found the LABEL_UNDEFINED is returned.
281    * Exceptions are raised. Will not check OTAP_CONFIG, will operate on OTAP_LABELS_MV.
282    *
283    * @param p_object_type A valid Oracle object type as defined in DBA_OBJECTS, V$RESERVED_WORDS or by otap.
284    *
285    * @return The label identifier for a given object type or LABEL_UNDEFINED.
286    */
287    FUNCTION get_label_id(p_object_type IN VARCHAR2)
288  	 RETURN VARCHAR2
289    ;
290  
291    /** FUNCTION otap_util.get_length_test_state
292    * Checks the defined text representations of passed, failed and undefined to
293    * determine the maximum length a string needs. Used during formatting reports.
294    *
295    * @param p_language_id A valid or existing language id.
296    *
297    * @return The maximum length of test states defined in OTAP_CONFIG or existing translations.
298    */
299    FUNCTION get_length_test_state(p_language_id IN VARCHAR2 DEFAULT otap_constants.OTAP_INTERNAL_NA)
300  	 RETURN NUMBER
301    ;
302  
303    /** FUNCTION otap_util.get_length_headers
304    * Checks the defined text representations of report headers to
305    * determine the maximum length a string needs. Used during formatting reports.
306    *
307    * @param p_language_id A valid or existing language id.
308    *
309    * @return The maximum length of report headers defined in OTAP_CONFIG.
310    */
311    FUNCTION get_length_headers(p_language_id IN VARCHAR2 DEFAULT otap_constants.OTAP_INTERNAL_NA)
312  	 RETURN NUMBER
313    ;
314  
315    /** FUNCTION otap_util.get_length_result_headers
316    * Checks the defined text representations of result/summary headers to
317    * determine the maximum length a string needs. Used during formatting reports.
318    *
319    * @param p_language_id A valid or existing language id.
320    *
321    * @return The maximum length of result headers defined in OTAP_CONFIG.
322    */
323    FUNCTION get_length_result_headers(p_language_id IN VARCHAR2 DEFAULT otap_constants.OTAP_INTERNAL_NA)
324  	 RETURN NUMBER
325    ;
326  
327    /** FUNCTION otap_util.test_result_to_text
328    * Translate the numeric test state to the defined text representation. If test state
329    * is not valid, will return the otap error indicator OTAP_ERROR.
330    *
331    * @param p_test_passed The numeric test state indicator.
332    * @param p_language_id A valid or existing language id.
333    *
334    * @return The text representation as defined in OTAP_CONFIG for the given test state or OTAP_ERROR.
335    */
336    FUNCTION test_result_to_text( p_test_passed IN NUMBER
337  				   , p_language_id IN VARCHAR2 DEFAULT otap_constants.OTAP_INTERNAL_NA
338  				   )
339  	 RETURN VARCHAR
340    ;
341  
342    /** FUNCTION otap_util.constraint_type_to_label
343    * Translate the char constraint type representation of ALL_CONSTRAINTS into a otap label used in
344    * OTAP_IDENTIFIERS_V. Will NOT distinguish between NOT NULL check constraint and other check constraints.
345    *
346    * @param p_constraint_type The constraint type as used in ALL_CONSTRAINTS.
347    *
348    * @return The text representation as defined in OTAP_IDENTIFIERS_V for the given constraint type or INVALID_CONSTRAINT_TYPE label on errors.
349    */
350    FUNCTION constraint_type_to_label(p_constraint_type IN VARCHAR2 DEFAULT 'C')
351  	 RETURN VARCHAR2
352    ;
353  
354    /** FUNCTION otap_util.build_msg
355    * Builds a message from a template identifier. Fetches the template and fills the given
356    * variables in p_param1-5 with the given value, if the parameters are filled. Type has
357    * special translation handling for filling the @type@ variable, if it exists in the template and
358    * type label is not NULL. Must be a label from otap_identifiers view like LABEL_COLUMN or LABEL_TABLE.
359    *
360    * Leaving all parameters apart from p_cfg_template empty will return just the current translation of
361    * a config or label value, according to OTAP_TRANSLATE or the default.
362    *
363    * Parameters must contain leading and trailing @ variable indicator. Ignored if not a otap variable
364    * in style @varname@.
365    *
366    * @param p_cfg_template The config name of the template. See otap_util.CFG_ constants.
367    * @param p_type_label The label name of the @type@ variable, if needed. See otap_util.CFG_LABEL constants.
368    * @param p_param1 The 1st variable name in @variable@ notation. If @type@ ignored. Optional.
369    * @param p_param1_value The substitution value for the 1st variable name. Parameter ignored if not given. Optional.
370    * @param p_param2 The 2nd variable name in @variable@ notation. If @type@ ignored. Optional.
371    * @param p_param2_value The substitution value for the 2nd variable name. Parameter ignored if not given. Optional.
372    * @param p_param3 The 3rd variable name in @variable@ notation. If @type@ ignored. Optional.
373    * @param p_param3_value The substitution value for the 3rd variable name. Parameter ignored if not given. Optional.
374    * @param p_param4 The 4th variable name in @variable@ notation. If @type@ ignored. Optional.
375    * @param p_param4_value The substitution value for the 4th variable name. Parameter ignored if not given. Optional.
376    * @param p_param5 The 5th variable name in @variable@ notation. If @type@ ignored. Optional.
377    * @param p_param5_value The substitution value for the 5th variable name. Parameter ignored if not given. Optional.
378    * @param p_param6n The 6th variable name in @variable@ notation. If @type@ ignored. Optional. Supports NULL values.
379    * @param p_param6n_value The substitution value for the 6th variable name. Optional. Supports NULL values.
380    * @param p_description A template overwrite. Will return the given description instead of the template. Optional.
381    * @param p_language_id A valid or existing language id.
382    *
383    * @return The message build from template, overwritten by description or an error message.
384    */
385    FUNCTION build_msg( p_cfg_template  IN VARCHAR2
386  			 , p_type_label    IN VARCHAR2 DEFAULT NULL
387  			 , p_param1	   IN VARCHAR2 DEFAULT NULL
388  			 , p_param1_value  IN VARCHAR2 DEFAULT NULL
389  			 , p_param2	   IN VARCHAR2 DEFAULT NULL
390  			 , p_param2_value  IN VARCHAR2 DEFAULT NULL
391  			 , p_param3	   IN VARCHAR2 DEFAULT NULL
392  			 , p_param3_value  IN VARCHAR2 DEFAULT NULL
393  			 , p_param4	   IN VARCHAR2 DEFAULT NULL
394  			 , p_param4_value  IN VARCHAR2 DEFAULT NULL
395  			 , p_param5	   IN VARCHAR2 DEFAULT NULL
396  			 , p_param5_value  IN VARCHAR2 DEFAULT NULL
397  			 , p_param6n	   IN VARCHAR2 DEFAULT NULL
398  			 , p_param6n_value IN VARCHAR2 DEFAULT NULL
399  			 , p_description   IN VARCHAR2 DEFAULT NULL
400  			 , p_language_id   IN VARCHAR2 DEFAULT otap_constants.OTAP_INTERNAL_NA
401  			 )
402  	 RETURN VARCHAR2
403    ;
404  
405    /** PROCEDURE otap_util.write_test_result
406    * Just persist the given values. Minimal handling of input. Invalid TO_DELETE
407    * and TEST_PASSED will be set to the default. NULL values neither checked nor allowed
408    * for parameters without default. May throw exceptions.
409    *
410    * @param p_to_delete A valid to delete value, either 0 or 1.
411    * @param p_test_passed A valid test passed, either 0, -1 or 1.
412    * @param p_test_session_id A valid current test session id.
413    * @param p_test_executor A valid executor / session user name.
414    * @param p_test_set The test set defined for the current test.
415    * @param p_db_user The database user for this test.
416    * @param p_db_schema The schema used for this test.
417    * @param p_test_group The test group defined for the current test.
418    * @param p_test_start The start of the test.
419    * @param p_test_end The end of the test.
420    * @param p_test_name The test name defined for the current test.
421    * @param p_test_desc The test description of the current test.
422    * @param p_test_errors Any errors during test execution, if any.
423    */
424    PROCEDURE write_test_result( p_to_delete 	IN NUMBER
425  				  , p_test_passed	IN NUMBER
426  				  , p_test_session_id	IN NUMBER
427  				  , p_test_executor	IN VARCHAR2
428  				  , p_test_set		IN VARCHAR2
429  				  , p_db_user		IN VARCHAR2
430  				  , p_db_schema 	IN VARCHAR2
431  				  , p_test_group	IN VARCHAR2
432  				  , p_test_start	IN TIMESTAMP
433  				  , p_test_end		IN TIMESTAMP
434  				  , p_test_name 	IN VARCHAR2
435  				  , p_test_desc 	IN VARCHAR2
436  				  , p_test_errors	IN VARCHAR2 DEFAULT NULL
437  				  )
438    ;
439  
440    /** PROCEDURE otap_util.result_cleanup
441    * Used for cleanup of the test results. Will run under scheduler job OTAP_MAINTENANCE every
442    * day. Will use the current otap configuration in OTAP_CONFIG, where PRESERVE_DAYS defines
443    * the days to keep test results, the DELETE_BATCH_SIZE defines the amount of rows to delete
444    * before committing them and DELETE_DELAY the seconds to wait after a commit before deleting
445    * more rows. Records must be marked for deletion. Provides debug logging if debug mode is
446    * activated in OTAP_CONFIG.
447    */
448    PROCEDURE result_cleanup;
449  
450    /** FUNCTION otap_util.max_text_size
451    * Determines the maximum size for a session id the text label test_set, test_group, test_name and test_description.
452    * Used for report formatting. Error text is not considered as this might get huge.
453    *
454    * @param p_session_id A valid session id to get the maximum text size for.
455    *
456    * @return The maximum text size for the given session id or otap_constants.OTAP_NUM_MIN_FILL_LENGTH on errors.
457    */
458    FUNCTION max_text_size(p_session_id IN NUMBER)
459  	 RETURN NUMBER
460    ;
461  
462    /** FUNCTION otap_util.interval_size
463    * Returns the length of time interval as returned by SQL. PLSQL can differ, usually SQL gives a short from of the days passed.
464    * Used expression is (SYSTIMESTAMP - SYSTIMESTAMP) DAY TO SECOND.
465    *
466    * @return The interval text size as displayed in SQL.
467    */
468    FUNCTION interval_size
469  	 RETURN NUMBER
470    ;
471  
472  END;
473  /

Package created.

SQL> @@../otap_ddl/packages/otap_util.pkb
SQL> -- (C) 2024 Michael Lindenau licensed via https://www.gnu.org/licenses/agpl-3.0.txt
SQL> -- and https://toent.ch/licenses/AI_DISCLOSURE_LICENSE_V1
SQL> -- Not allowed to be used as AI training material without explicite permission.
SQL> CREATE OR REPLACE PACKAGE BODY otap_util
  2  AS
  3    -- for description see header file
  4    FUNCTION is_number(p_varchar_number IN VARCHAR2)
  5  	 RETURN BOOLEAN
  6    IS
  7  	 l_number NUMBER;
  8  	 l_char   VARCHAR2(128 CHAR);
  9    BEGIN
 10  	 -- try to convert the number, if it fails return FALSE
 11  	 l_number := TO_NUMBER(TRIM(p_varchar_number));
 12  	 l_char   := TRIM(TO_CHAR(l_number));
 13  	 IF l_char = TRIM(p_varchar_number)
 14  	 THEN
 15  	   RETURN TRUE;
 16  	 ELSE
 17  	   RETURN FALSE;
 18  	 END IF;
 19    EXCEPTION
 20  	 WHEN OTHERS THEN
 21  	   RETURN FALSE;
 22    END is_number;
 23  
 24    FUNCTION is_integer(p_varchar_number IN VARCHAR2)
 25  	 RETURN BOOLEAN
 26    IS
 27  	 l_number  NUMBER;
 28  	 l_floored NUMBER;
 29    BEGIN
 30  	 IF is_number(p_varchar_number)
 31  	 THEN
 32  	   l_number  := TO_NUMBER(p_varchar_number);
 33  	   l_floored := FLOOR(l_number);
 34  	   RETURN (l_number = l_floored);
 35  	 ELSE
 36  	   RETURN FALSE;
 37  	 END IF;
 38    EXCEPTION
 39  	 WHEN OTHERS THEN
 40  	   RETURN FALSE;
 41    END is_integer;
 42  
 43    PROCEDURE validate_config_name( p_config_name IN VARCHAR2
 44  				     , p_del_trigger IN BOOLEAN  DEFAULT FALSE
 45  				     )
 46    IS
 47  	 l_script VARCHAR2(1024 CHAR) := 'otap_util.validate_config_name';
 48    BEGIN
 49  
 50  	 IF NOT p_del_trigger
 51  	 THEN
 52  	   -- check name against a fixed list
 53  	   IF p_config_name NOT IN ( otap_constants.OTAP_CFG_DEBUG_MODE
 54  				   , otap_util.CFG_DEFAULT_BORDER
 55  				   , otap_util.CFG_DEFAULT_LABEL_COLUMN
 56  				   , otap_util.CFG_DEFAULT_LAYOUT
 57  				   , otap_util.CFG_DEFAULT_PREFIX
 58  				   , otap_util.CFG_DEFAULT_RESULT_LAYOUT
 59  				   , otap_util.CFG_DEFAULT_TEST_GROUP
 60  				   , otap_util.CFG_DEFAULT_TEST_NAME
 61  				   , otap_util.CFG_DEFAULT_TEST_SET
 62  				   , otap_util.CFG_DEFAULT_LANGUAGE
 63  				   , otap_util.CFG_DELETE_BATCH_SIZE
 64  				   , otap_util.CFG_DELETE_DELAY
 65  				   , otap_util.CFG_FORMAT_GROUP_CHAR
 66  				   , otap_util.CFG_FORMAT_HEADER_CHAR
 67  				   , otap_util.CFG_FORMAT_NAME_CHAR
 68  				   , otap_util.CFG_FORMAT_SET_CHAR
 69  				   , otap_util.CFG_PRESERVE_DAYS
 70  				   , otap_util.CFG_TEMPLATE_COUNT_DESC
 71  				   , otap_util.CFG_TEMPLATE_ERRORS
 72  				   , otap_util.CFG_TEMPLATE_ERROR_DETAILS
 73  				   , otap_util.CFG_TEMPLATE_EXISTS
 74  				   , otap_util.CFG_TEMPLATE_EXISTSX
 75  				   , otap_util.CFG_TEMPLATE_EXISTS_C
 76  				   , otap_util.CFG_TEMPLATE_EXISTS_CX
 77  				   , otap_util.CFG_TEMPLATE_EXISTS_F
 78  				   , otap_util.CFG_TEMPLATE_EXISTS_FX
 79  				   , otap_util.CFG_TEMPLATE_GROUP
 80  				   , otap_util.CFG_TEMPLATE_MATCH
 81  				   , otap_util.CFG_TEMPLATE_NO_DATA
 82  				   , otap_util.CFG_TEMPLATE_REPORT_TOTAL
 83  				   , otap_util.CFG_TEMPLATE_RESULT_LINE
 84  				   , otap_util.CFG_TEMPLATE_SESSION_ID
 85  				   , otap_util.CFG_TEMPLATE_SET
 86  				   , otap_util.CFG_TEMPLATE_SUMMARY
 87  				   , otap_util.CFG_TEMPLATE_TEST_NAME
 88  				   , otap_util.CFG_TEXT_FALSE
 89  				   , otap_util.CFG_TEXT_FALSE_NO
 90  				   , otap_util.CFG_TEXT_REPORT_END
 91  				   , otap_util.CFG_TEXT_REPORT_START
 92  				   , otap_util.CFG_TEXT_REPORT_TOTAL
 93  				   , otap_util.CFG_TEXT_RESULT_HEADER
 94  				   , otap_util.CFG_TEXT_RESULT_LINE
 95  				   , otap_util.CFG_TEXT_SUMMARY_HEADER
 96  				   , otap_util.CFG_TEXT_TEST_SETUP_SET
 97  				   , otap_util.CFG_TEXT_TEST_SETUP_GROUP
 98  				   , otap_util.CFG_TEXT_TEST_SETUP_NAME
 99  				   , otap_util.CFG_TEXT_TEST_FAILED
100  				   , otap_util.CFG_TEXT_TEST_PASSED
101  				   , otap_util.CFG_TEXT_TEST_UNDEFINED
102  				   , otap_util.CFG_TEXT_TRUE
103  				   , otap_util.CFG_TEXT_TRUE_YES
104  				   )
105  	   THEN
106  	     -- log the error
107  	     otap_log.log('-20001 The configuration name: ' || NVL(p_config_name, 'NULL') || ' is not supported', l_script);
108  	     -- only direct testing could call this currently as table has a NOT NULL constraint
109  	     RAISE_APPLICATION_ERROR(-20001, 'The configuration name: ' || NVL(p_config_name, 'NULL') || ' is not supported.');
110  	   END IF;
111  	 ELSE
112  	   -- check name against a fixed list
113  	   IF p_config_name IN ( otap_constants.OTAP_CFG_DEBUG_MODE
114  			       , otap_util.CFG_DEFAULT_BORDER
115  			       , otap_util.CFG_DEFAULT_LABEL_COLUMN
116  			       , otap_util.CFG_DEFAULT_LAYOUT
117  			       , otap_util.CFG_DEFAULT_PREFIX
118  			       , otap_util.CFG_DEFAULT_RESULT_LAYOUT
119  			       , otap_util.CFG_DEFAULT_TEST_GROUP
120  			       , otap_util.CFG_DEFAULT_TEST_NAME
121  			       , otap_util.CFG_DEFAULT_TEST_SET
122  			       , otap_util.CFG_DEFAULT_LANGUAGE
123  			       , otap_util.CFG_DELETE_BATCH_SIZE
124  			       , otap_util.CFG_DELETE_DELAY
125  			       , otap_util.CFG_FORMAT_GROUP_CHAR
126  			       , otap_util.CFG_FORMAT_HEADER_CHAR
127  			       , otap_util.CFG_FORMAT_NAME_CHAR
128  			       , otap_util.CFG_FORMAT_SET_CHAR
129  			       , otap_util.CFG_PRESERVE_DAYS
130  			       , otap_util.CFG_TEMPLATE_COUNT_DESC
131  			       , otap_util.CFG_TEMPLATE_ERRORS
132  			       , otap_util.CFG_TEMPLATE_ERROR_DETAILS
133  			       , otap_util.CFG_TEMPLATE_EXISTS
134  			       , otap_util.CFG_TEMPLATE_EXISTSX
135  			       , otap_util.CFG_TEMPLATE_EXISTS_C
136  			       , otap_util.CFG_TEMPLATE_EXISTS_CX
137  			       , otap_util.CFG_TEMPLATE_EXISTS_F
138  			       , otap_util.CFG_TEMPLATE_EXISTS_FX
139  			       , otap_util.CFG_TEMPLATE_GROUP
140  			       , otap_util.CFG_TEMPLATE_MATCH
141  			       , otap_util.CFG_TEMPLATE_NO_DATA
142  			       , otap_util.CFG_TEMPLATE_REPORT_TOTAL
143  			       , otap_util.CFG_TEMPLATE_RESULT_LINE
144  			       , otap_util.CFG_TEMPLATE_SESSION_ID
145  			       , otap_util.CFG_TEMPLATE_SET
146  			       , otap_util.CFG_TEMPLATE_SUMMARY
147  			       , otap_util.CFG_TEMPLATE_TEST_NAME
148  			       , otap_util.CFG_TEXT_FALSE
149  			       , otap_util.CFG_TEXT_FALSE_NO
150  			       , otap_util.CFG_TEXT_REPORT_END
151  			       , otap_util.CFG_TEXT_REPORT_START
152  			       , otap_util.CFG_TEXT_REPORT_TOTAL
153  			       , otap_util.CFG_TEXT_RESULT_HEADER
154  			       , otap_util.CFG_TEXT_RESULT_LINE
155  			       , otap_util.CFG_TEXT_SUMMARY_HEADER
156  			       , otap_util.CFG_TEXT_TEST_SETUP_SET
157  			       , otap_util.CFG_TEXT_TEST_SETUP_GROUP
158  			       , otap_util.CFG_TEXT_TEST_SETUP_NAME
159  			       , otap_util.CFG_TEXT_TEST_FAILED
160  			       , otap_util.CFG_TEXT_TEST_PASSED
161  			       , otap_util.CFG_TEXT_TEST_UNDEFINED
162  			       , otap_util.CFG_TEXT_TRUE
163  			       , otap_util.CFG_TEXT_TRUE_YES
164  			       )
165  	   THEN
166  	     -- log the error
167  	     otap_log.log('-20006 The configuration name: ' || NVL(p_config_name, 'NULL') || ' cannot be deleted.', l_script);
168  	     -- only direct testing could call this currently as table has a NOT NULL constraint
169  	     RAISE_APPLICATION_ERROR(-20006, 'The configuration name: ' || NVL(p_config_name, 'NULL') || ' cannot be deleted.');
170  	   END IF;
171  	 END IF;
172    END validate_config_name;
173  
174    FUNCTION validate_config_value( p_config_name   IN	     VARCHAR2
175  				     , p_config_value  IN	     VARCHAR2
176  				     , p_config_type   IN	     VARCHAR2
177  				     , p_translatable  IN OUT NOCOPY NUMBER
178  				     , p_max_length    IN	     NUMBER
179  				     , p_raise	       IN	     BOOLEAN  DEFAULT TRUE
180  				     )
181  	 RETURN VARCHAR2
182    IS
183  	 l_script	VARCHAR2(1024 CHAR)  := 'otap_util.validate_config_value';
184  	 l_config_value VARCHAR2(32767 CHAR);
185  	 l_config_name	VARCHAR2(128 CHAR);
186  	 l_integer	INTEGER;
187    BEGIN
188  	 l_config_value := TRIM(p_config_value);
189  	 l_config_name	:= otap_string.reduce(p_config_name, 128);
190  	 -- we must check against NULL as we are in a before trigger
191  	 IF    l_config_value	     IS NULL
192  	    OR LENGTH(l_config_value) = 0
193  	 THEN
194  	   -- no defaults for NULL values, always raise
195  	   otap_log.log('-20002 The given config_value is not supported. Empty or only spaces.', l_script);
196  	   RAISE_APPLICATION_ERROR(-20002, 'The given config_value is not supported. Empty or only spaces.');
197  	 END IF;
198  	 -- check type also mandatory, no default
199  	 IF NVL(p_config_type, otap_constants.OTAP_INTERNAL_NA) NOT IN (otap_constants.OTAP_CONFIG_TYPE_CHAR, otap_constants.OTAP_CONFIG_TYPE_NUMBER)
200  	 THEN
201  	   otap_log.log('-20003 The given config_type: ' || NVL(p_config_type, 'NULL') || ' is not supported. Only CHAR or NUMBER supported.', l_script);
202  	   RAISE_APPLICATION_ERROR(-20003, 'The given config_type: ' || NVL(p_config_type, 'NULL') || ' is not supported. Only CHAR or NUMBER supported.');
203  	 END IF;
204  	 -- check length if given
205  	 IF	NVL(p_max_length, 0)   > 0
206  	    AND LENGTH(l_config_value) > NVL(p_max_length, 0)
207  	 THEN
208  	   -- we do not cut numbers, raise
209  	   IF	 p_config_type = 'NUMBER'
210  	      OR p_raise
211  	   THEN
212  	     otap_log.log('-20004 The given config_value: ' || l_config_value || ' exceeds the maximum length allowed: ' || p_max_length || '.', l_script);
213  	     RAISE_APPLICATION_ERROR(-20004, 'The given config_value: ' || l_config_value || ' exceeds the maximum length allowed: ' || p_max_length || '.');
214  	   ELSE
215  	     -- cut the string if not raise
216  	     l_config_value := otap_string.reduce(l_config_value, p_max_length);
217  	   END IF;
218  	 ELSIF LENGTH(l_config_value) > 4000
219  	 THEN
220  	   -- OTAP_CONFIG supports only 4000 chars
221  	   -- we do not cut numbers, raise
222  	   IF	 p_config_type = 'NUMBER'
223  	      OR p_raise
224  	   THEN
225  	     otap_log.log('-20004 The given config_value: ' || l_config_value || ' exceeds the maximum length allowed: 4000.', l_script);
226  	     RAISE_APPLICATION_ERROR(-20004, 'The given config_value: ' || l_config_value || ' exceeds the maximum length allowed: 4000.');
227  	   ELSE
228  	     -- cut the string if not raise
229  	     l_config_value := otap_string.reduce(l_config_value, 4000);
230  	   END IF;
231  	 END IF;
232  	 -- check number, always raise
233  	 IF	p_config_type = 'NUMBER'
234  	    AND NOT is_number(l_config_value)
235  	 THEN
236  	   otap_log.log('-20005 The given config_value: ' || l_config_value || ' cannot be converted to a number.', l_script);
237  	   RAISE_APPLICATION_ERROR(-20005, 'The given config_value: ' || l_config_value || ' cannot be converted to a number.');
238  	 END IF;
239  	 -- check translatable and correct it if needed
240  	 IF p_translatable NOT IN (otap_constants.OTAP_NUM_TRUE, otap_constants.OTAP_NUM_FALSE)
241  	 THEN
242  	   otap_log.log('Invalid value for TRANSLATABLE: ' || p_translatable || ' use default.', l_script);
243  	   p_translatable := otap_constants.OTAP_NUM_FALSE;
244  	 END IF;
245  	 IF	(   p_config_type = 'NUMBER'
246  		 OR l_config_name IN (otap_util.CFG_DEFAULT_PREFIX, otap_util.CFG_DEFAULT_LAYOUT, otap_util.CFG_DEFAULT_RESULT_LAYOUT)
247  		)
248  	    AND p_translatable = otap_constants.OTAP_NUM_TRUE
249  	 THEN
250  	   otap_log.log('Invalid config_name: ' || l_config_name || ' for TRANSLATABLE: ' || p_translatable || ' use default.', l_script);
251  	   p_translatable := otap_constants.OTAP_NUM_FALSE;
252  	 END IF;
253  	 -- now check constraints on specific config values not managed by other constraints
254  	 IF l_config_name = otap_util.CFG_PRESERVE_DAYS
255  	 THEN
256  	   IF is_integer(l_config_value)
257  	   THEN
258  	     l_integer := TO_NUMBER(l_config_value);
259  	     -- check range
260  	     IF l_config_value NOT BETWEEN otap_constants.OTAP_FALLBACK_PRESERVE_DAYS_MIN AND otap_constants.OTAP_FALLBACK_PRESERVE_DAYS_MAX
261  	     THEN
262  		 otap_log.log('Invalid value for PRESERVE_DAYS: ' || l_config_value || ' use default.', l_script);
263  		 l_config_value := TRIM(TO_CHAR(otap_constants.OTAP_FALLBACK_PRESERVE_DAYS));
264  	     END IF;
265  	   ELSE
266  	     -- set default
267  	     otap_log.log('Invalid value for PRESERVE_DAYS: ' || l_config_value || ' use default.', l_script);
268  	     l_config_value := TRIM(TO_CHAR(otap_constants.OTAP_FALLBACK_PRESERVE_DAYS));
269  	   END IF;
270  	 END IF;
271  	 IF l_config_name = otap_util.CFG_DELETE_DELAY
272  	 THEN
273  	   IF is_integer(l_config_value)
274  	   THEN
275  	     l_integer := TO_NUMBER(l_config_value);
276  	     -- check range
277  	     IF l_integer NOT BETWEEN otap_constants.OTAP_FALLBACK_DELETE_DELAY_MIN AND otap_constants.OTAP_FALLBACK_DELETE_DELAY_MAX
278  	     THEN
279  	       otap_log.log('Invalid value for DELETE_DELAY: ' || l_config_value || ' use default.', l_script);
280  	       l_config_value := TRIM(TO_CHAR(otap_constants.OTAP_FALLBACK_DELETE_DELAY));
281  	     END IF;
282  	   ELSE
283  	     -- set default
284  	     otap_log.log('Invalid value for DELETE_DELAY: ' || l_config_value || ' use default.', l_script);
285  	     l_config_value := TRIM(TO_CHAR(otap_constants.OTAP_FALLBACK_DELETE_DELAY));
286  	   END IF;
287  	 END IF;
288  	 IF l_config_name = otap_util.CFG_DELETE_BATCH_SIZE
289  	 THEN
290  	   IF is_integer(l_config_value)
291  	   THEN
292  	     l_integer := TO_NUMBER(l_config_value);
293  	     -- check range
294  	     IF l_integer NOT BETWEEN otap_constants.OTAP_FALLBACK_DELETE_BATCH_SIZE_MIN AND otap_constants.OTAP_FALLBACK_DELETE_BATCH_SIZE_MAX
295  	     THEN
296  	       otap_log.log('Invalid value for DELETE_BATCH_SIZE: ' || l_config_value || ' use default.', l_script);
297  	       l_config_value := TRIM(TO_CHAR(otap_constants.OTAP_FALLBACK_DELETE_BATCH_SIZE));
298  	     END IF;
299  	   ELSE
300  	     -- set default
301  	     otap_log.log('Invalid value for DELETE_BATCH_SIZE: ' || l_config_value || ' use default.', l_script);
302  	     l_config_value := TRIM(TO_CHAR(otap_constants.OTAP_FALLBACK_DELETE_BATCH_SIZE));
303  	   END IF;
304  	 END IF;
305  	 IF l_config_name = otap_util.CFG_DEFAULT_BORDER
306  	 THEN
307  	   IF is_integer(l_config_value)
308  	   THEN
309  	     l_integer := TO_NUMBER(l_config_value);
310  	     -- check range
311  	     IF l_integer NOT BETWEEN otap_constants.OTAP_FALLBACK_BORDER_MIN AND otap_constants.OTAP_FALLBACK_BORDER_MAX
312  	     THEN
313  	       otap_log.log('Invalid value for DEFAULT_BORDER: ' || l_config_value || ' use default.', l_script);
314  	       l_config_value := TRIM(TO_CHAR(otap_constants.OTAP_FALLBACK_BORDER));
315  	     END IF;
316  	   ELSE
317  	     -- set default
318  	     otap_log.log('Invalid value for DEFAULT_BORDER: ' || l_config_value || ' use default.', l_script);
319  	     l_config_value := TRIM(TO_CHAR(otap_constants.OTAP_FALLBACK_BORDER));
320  	   END IF;
321  	 END IF;
322  	 IF l_config_name = otap_constants.OTAP_CFG_DEBUG_MODE
323  	 THEN
324  	   -- hardcoded minimal check, this is highly internal
325  	   IF l_config_value NOT IN ('0', '1')
326  	   THEN
327  	     otap_log.log('Invalid value for DEBUG_MODE: ' || l_config_value || ' use default.', l_script);
328  	     l_config_value := '0';
329  	   END IF;
330  	 END IF;
331  	 IF l_config_name = otap_util.CFG_DEFAULT_LAYOUT
332  	 THEN
333  	   IF l_config_value NOT IN (otap_constants.OTAP_LAYOUT_LEFT, otap_constants.OTAP_LAYOUT_MIDDLE, otap_constants.OTAP_LAYOUT_RIGHT)
334  	   THEN
335  	     otap_log.log('Invalid value for DEFAULT_LAYOUT: ' || l_config_value || ' use default.', l_script);
336  	     l_config_value := otap_constants.OTAP_LAYOUT_MIDDLE;
337  	   END IF;
338  	 END IF;
339  	 IF l_config_name = otap_util.CFG_DEFAULT_RESULT_LAYOUT
340  	 THEN
341  	   IF l_config_value NOT IN (otap_constants.OTAP_LAYOUT_LEFT, otap_constants.OTAP_LAYOUT_RIGHT)
342  	   THEN
343  	     otap_log.log('Invalid value for DEFAULT_RESULT_LAYOUT: ' || l_config_value || ' use default.', l_script);
344  	     l_config_value := otap_constants.OTAP_LAYOUT_LEFT;
345  	   END IF;
346  	 END IF;
347  	 IF l_config_name = otap_util.CFG_DEFAULT_LABEL_COLUMN
348  	 THEN
349  	   IF l_config_value NOT IN (otap_constants.OTAP_LABEL_LOWER, otap_constants.OTAP_LABEL_INIT_CAP, otap_constants.OTAP_LABEL_UPPER)
350  	   THEN
351  	     otap_log.log('Invalid value for DEFAULT_LABEL_LAYOUT: ' || l_config_value || ' use default.', l_script);
352  	     l_config_value := otap_constants.OTAP_LABEL_LOWER;
353  	   END IF;
354  	 END IF;
355  	 RETURN l_config_value;
356    END validate_config_value;
357  
358    PROCEDURE validate_translatable(p_otap_identifier IN VARCHAR2)
359    IS
360  	 l_script	   VARCHAR2(1024 CHAR) := 'otap_util.validate_translatable';
361  	 l_is_translatable INTEGER;
362  	 l_exists	   INTEGER;
363    BEGIN
364  	 SELECT COUNT(*)
365  	   INTO l_exists
366  	   FROM otap_config
367  	  WHERE config_name = TRIM(UPPER(p_otap_identifier))
368  	 ;
369  	 IF l_exists > 0
370  	 THEN
371  	   SELECT COUNT(*)
372  	     INTO l_is_translatable
373  	     FROM otap_config
374  	   WHERE config_name   = TRIM(UPPER(p_otap_identifier))
375  	     AND translatable  = otap_constants.OTAP_NUM_TRUE
376  	   ;
377  	   IF l_is_translatable = 0
378  	   THEN
379  	     -- log the error
380  	     otap_log.log('-20020 The given identifier: ' || NVL(p_otap_identifier, 'NULL') || ' cannot be translated. Ask your admin to adjust this configuration item if possible.', l_script);
381  	     -- only direct testing could call this currently as table has a NOT NULL constraint
382  	     RAISE_APPLICATION_ERROR(-20020, 'The given identifier: ' || NVL(p_otap_identifier, 'NULL') || ' cannot be translated. Ask your admin to adjust this configuration item if possible.');
383  	   END IF;
384  	 END IF;
385    END validate_translatable;
386  
387    PROCEDURE validate_translation( p_otap_identifier IN VARCHAR2
388  				     , p_label_text	 IN VARCHAR2
389  				     )
390    IS
391  	 l_script	 VARCHAR2(1024 CHAR) := 'otap_util.validate_translatable';
392  	 l_is_config	 INTEGER;
393  	 l_length_limit  INTEGER;
394    BEGIN
395  	 SELECT COUNT(*)
396  	   INTO l_is_config
397  	   FROM otap_config
398  	  WHERE config_name	  = p_otap_identifier
399  	    AND translatable	  = otap_constants.OTAP_NUM_TRUE
400  	    AND config_max_length > 0
401  	 ;
402  	 IF l_is_config = 1
403  	 THEN
404  	   SELECT config_max_length
405  	     INTO l_length_limit
406  	     FROM otap_config
407  	    WHERE config_name = p_otap_identifier
408  	   ;
409  	   IF LENGTH(p_label_text) > l_length_limit
410  	   THEN
411  	     -- log the error
412  	     otap_log.log('-20021 The given translation: ' || p_label_text || ' exceeds the length limits (' || l_length_limit || ') for ' || p_otap_identifier, l_script);
413  	     -- only direct testing could call this currently as table has a NOT NULL constraint
414  	     RAISE_APPLICATION_ERROR(-20021, 'The given translation: ' || p_label_text || ' exceeds the length limits (' || l_length_limit || ') for ' || p_otap_identifier);
415  	   END IF;
416  	 END IF;
417    END validate_translation;
418  
419    FUNCTION get_config_value( p_config_name IN VARCHAR2
420  				, p_language_id IN VARCHAR2 DEFAULT otap_constants.OTAP_INTERNAL_NA
421  				)
422  	 RETURN VARCHAR2
423    IS
424  	 l_script      VARCHAR2(1024 CHAR)	      := 'otap_util.get_config_value';
425  	 l_return      otap_config.config_value%TYPE;
426  	 l_has_config  INTEGER;
427  	 l_has_label   INTEGER;
428  	 l_label_col   VARCHAR2(1 CHAR);
429  	 l_language    VARCHAR2(3);
430    BEGIN
431  	 l_return := otap_constants.OTAP_INTERNAL_ERROR;
432  	 SELECT COUNT(*)
433  	   INTO l_has_config
434  	   FROM otap_identifiers_v
435  	  WHERE otap_identifier = UPPER(p_config_name)
436  	    AND language_id	= UPPER(NVL(p_language_id, otap_constants.OTAP_INTERNAL_NA))
437  	 ;
438  	 -- we need a fallback if given language does not match
439  	 IF l_has_config = 0
440  	 THEN
441  	   SELECT COUNT(*)
442  	     INTO l_has_config
443  	     FROM otap_identifiers_v
444  	   WHERE otap_identifier = UPPER(p_config_name)
445  	     AND language_id	 = otap_constants.OTAP_INTERNAL_NA
446  	   ;
447  	   l_language := otap_constants.OTAP_INTERNAL_NA;
448  	 ELSE
449  	   l_language := UPPER(NVL(p_language_id, otap_constants.OTAP_INTERNAL_NA));
450  	 END IF;
451  	 SELECT COUNT(*)
452  	   INTO l_has_label
453  	   FROM otap_config
454  	  WHERE config_name = otap_util.CFG_DEFAULT_LABEL_COLUMN
455  	 ;
456  	 IF l_has_label = 1
457  	 THEN
458  	   SELECT config_value
459  	     INTO l_label_col
460  	     FROM otap_config
461  	    WHERE config_name = otap_util.CFG_DEFAULT_LABEL_COLUMN
462  	   ;
463  	   l_label_col := NVL(l_label_col, otap_constants.OTAP_LABEL_LOWER);
464  	 ELSE
465  	   l_label_col := otap_constants.OTAP_LABEL_LOWER;
466  	 END IF;
467  	 IF l_has_config = 1
468  	 THEN
469  	   SELECT CASE l_label_col
470  		    WHEN otap_constants.OTAP_LABEL_LOWER
471  		    THEN label_text_lower
472  		    WHEN otap_constants.OTAP_LABEL_INIT_CAP
473  		    THEN label_text_cap
474  		    WHEN otap_constants.OTAP_LABEL_UPPER
475  		    THEN label_text_upper
476  		    ELSE label_text_lower
477  		  END
478  	     INTO l_return
479  	     FROM otap_identifiers_v
480  	    WHERE otap_identifier = UPPER(p_config_name)
481  	      AND language_id	  = l_language
482  	   ;
483  	 ELSE
484  	   l_return := otap_constants.OTAP_INTERNAL_ERROR;
485  	   otap_log.log('Invalid config_name: ' || UPPER(p_config_name) || ' return error identifier. Count result: ' || l_has_config, l_script, 'SELECT COUNT(*) INTO l_has_config FROM otap_config WHERE config_name = UPPER(p_config_name)');
486  	 END IF;
487  	 RETURN l_return;
488    EXCEPTION
489  	 WHEN OTHERS THEN
490  	   otap_log.log(SQLERRM, l_script, 'SELECT config_value INTO l_return FROM otap_config WHERE config_name = UPPER(p_config_name) AND language_id = UPPER(NVL(p_language_id, otap_constants.OTAP_INTERNAL_NA))');
491  	   RAISE;
492    END get_config_value;
493  
494    PROCEDURE set_config_value( p_config_name  IN VARCHAR2
495  				 , p_config_value IN VARCHAR2
496  				 )
497    IS
498  	 PRAGMA AUTONOMOUS_TRANSACTION;
499  	 l_script      VARCHAR2(1024 CHAR)	      := 'otap_util.set_config_value';
500  	 l_exists      INTEGER;
501    BEGIN
502  	 SELECT COUNT(*)
503  	   INTO l_exists
504  	   FROM otap_config
505  	  WHERE config_name  = p_config_name
506  	    AND translatable = otap_constants.OTAP_NUM_FALSE
507  	 ;
508  	 IF l_exists = 1
509  	 THEN
510  	   UPDATE otap_config
511  	      SET config_value = p_config_value
512  	    WHERE config_name  = p_config_name
513  	   ;
514  	   COMMIT;
515  	 ELSE
516  	   otap_log.log('-20007 The given config_name ' || p_config_name || ' does not exist or is translatable.', l_script);
517  	   RAISE_APPLICATION_ERROR(-20007, 'The given config_name ' || p_config_name || ' does not exist or is translatable.');
518  	 END IF;
519    -- do not catch exceptions, pass them to caller as happening
520    END set_config_value;
521  
522    FUNCTION get_config_number(p_config_name IN VARCHAR2)
523  	 RETURN NUMBER
524    IS
525  	 l_script      VARCHAR2(1024 CHAR)	       := 'otap_util.get_config_number';
526  	 l_varchar     otap_config.config_value%TYPE;
527  	 l_return      INTEGER; -- only integer in configuration
528  	 l_has_config  INTEGER;
529    BEGIN
530  	 l_return := NULL;
531  	 SELECT COUNT(*)
532  	   INTO l_has_config
533  	   FROM otap_config
534  	  WHERE config_name = UPPER(p_config_name)
535  	    AND config_type = 'NUMBER'
536  	 ;
537  	 IF l_has_config = 1
538  	 THEN
539  	   l_varchar := otap_util.get_config_value(p_config_name);
540  	   IF otap_util.is_integer(l_varchar)
541  	   THEN
542  	     l_return := TO_NUMBER(l_varchar);
543  	   ELSE
544  	     l_return := NULL;
545  	     otap_log.log('Invalid numeric value for config_name: ' || UPPER(p_config_name) || ' return NULL. Value: ' || l_varchar, l_script, 'otap_util.is_integer(l_varchar)');
546  	   END IF;
547  	 ELSE
548  	   l_return := NULL;
549  	   otap_log.log('Invalid numeric config_name: ' || UPPER(p_config_name) || ' return NULL. Count result: ' || l_has_config, l_script, 'SELECT COUNT(*) INTO l_has_config FROM otap_config WHERE config_name = UPPER(p_config_name) AND config_type = ''NUMBER''');
550  	 END IF;
551  	 RETURN l_return;
552    EXCEPTION
553  	 WHEN OTHERS THEN
554  	   otap_log.log(SQLERRM, l_script);
555  	   RAISE;
556    END get_config_number;
557  
558    FUNCTION get_label_id(p_object_type IN VARCHAR2)
559  	 RETURN VARCHAR2
560    IS
561  	 l_script VARCHAR2(1024 CHAR) := 'otap_util.get_label_id';
562  	 l_return VARCHAR2(256 CHAR);
563  	 l_count  INTEGER;
564    BEGIN
565  	 SELECT COUNT(*)
566  	   INTO l_count
567  	   FROM otap_labels_mv
568  	  WHERE otap_label_source = UPPER(p_object_type)
569  	 ;
570  	 IF l_count = 1
571  	 THEN
572  	   SELECT otap_string.reduce(otap_identifier, 256)
573  	     INTO l_return
574  	     FROM otap_labels_mv
575  	    WHERE otap_label_source = UPPER(p_object_type)
576  	   ;
577  	 ELSE
578  	   otap_log.log('Invalid object type: ' || p_object_type, l_script);
579  	   l_return := otap_util.CFG_LABEL_UNDEFINED;
580  	 END IF;
581  	 RETURN l_return;
582    EXCEPTION
583  	 WHEN OTHERS THEN
584  	   otap_log.log(SQLERRM, l_script);
585  	   RAISE;
586    END get_label_id;
587  
588    FUNCTION get_length_test_state(p_language_id IN VARCHAR2 DEFAULT otap_constants.OTAP_INTERNAL_NA)
589  	 RETURN NUMBER
590    IS
591  	 l_return INTEGER;
592    BEGIN
593  	 -- consider possible translations, fetch from otap_identifiers_v
594  	 -- length does not change on upper, lower or init capitals
595  	 SELECT MAX(LENGTH(label_text_lower))
596  	   INTO l_return
597  	   FROM otap_identifiers_v
598  	  WHERE otap_identifier IN ( otap_util.CFG_TEXT_TEST_UNDEFINED
599  				   , otap_util.CFG_TEXT_TEST_PASSED
600  				   , otap_util.CFG_TEXT_TEST_FAILED
601  				   )
602  				   -- language fallback included
603  	    AND language_id	IN (UPPER(NVL(p_language_id, otap_constants.OTAP_INTERNAL_NA)), otap_constants.OTAP_INTERNAL_NA)
604  	 ;
605  	 RETURN l_return;
606    EXCEPTION
607  	 WHEN OTHERS THEN
608  	   otap_log.log(SQLERRM, 'otap_util.get_length_test_state', 'Get MAX length for config values');
609  	   RAISE;
610    END get_length_test_state;
611  
612    FUNCTION get_length_headers(p_language_id IN VARCHAR2 DEFAULT otap_constants.OTAP_INTERNAL_NA)
613  	 RETURN NUMBER
614    IS
615  	 l_return INTEGER;
616    BEGIN
617  	 -- consider possible translations, fetch from otap_identifiers_v
618  	 -- length does not change on upper, lower or init capitals
619  	 SELECT MAX(LENGTH(label_text_lower))
620  	   INTO l_return
621  	   FROM otap_identifiers_v
622  	  WHERE otap_identifier IN ( otap_util.CFG_TEXT_REPORT_START
623  				   , otap_util.CFG_TEXT_REPORT_END
624  				   , otap_util.CFG_TEXT_REPORT_TOTAL
625  				   )
626  				   -- language fallback included
627  	    AND language_id	IN (UPPER(NVL(p_language_id, otap_constants.OTAP_INTERNAL_NA)), otap_constants.OTAP_INTERNAL_NA)
628  	 ;
629  	 RETURN l_return;
630    EXCEPTION
631  	 WHEN OTHERS THEN
632  	   otap_log.log(SQLERRM, 'otap_util.get_length_headers', 'Get MAX length for config values');
633  	   RAISE;
634    END get_length_headers;
635  
636    FUNCTION get_length_result_headers(p_language_id IN VARCHAR2 DEFAULT otap_constants.OTAP_INTERNAL_NA)
637  	 RETURN NUMBER
638    IS
639  	 l_return INTEGER;
640    BEGIN
641  	 -- consider possible translations, fetch from otap_identifiers_v
642  	 -- length does not change on upper, lower or init capitals
643  	 SELECT MAX(LENGTH(label_text_lower))
644  	   INTO l_return
645  	   FROM otap_identifiers_v
646  	  WHERE otap_identifier IN ( otap_util.CFG_TEXT_RESULT_HEADER
647  				   , otap_util.CFG_TEXT_RESULT_LINE
648  				   , otap_util.CFG_TEXT_SUMMARY_HEADER
649  				   )
650  				   -- language fallback included
651  	    AND language_id	IN (UPPER(NVL(p_language_id, otap_constants.OTAP_INTERNAL_NA)), otap_constants.OTAP_INTERNAL_NA)
652  	 ;
653  	 RETURN l_return;
654    EXCEPTION
655  	 WHEN OTHERS THEN
656  	   otap_log.log(SQLERRM, 'otap_util.get_length_result_headers', 'Get MAX length for config values');
657  	   RAISE;
658    END get_length_result_headers;
659  
660    FUNCTION test_result_to_text( p_test_passed IN NUMBER
661  				   , p_language_id IN VARCHAR2 DEFAULT otap_constants.OTAP_INTERNAL_NA
662  				   )
663  	 RETURN VARCHAR
664    IS
665  	 l_translation otap_config.config_value%TYPE;
666    BEGIN
667  	 l_translation := CASE p_test_passed
668  			    WHEN otap_constants.OTAP_NUM_TEST_PASSED
669  			    THEN otap_util.get_config_value(otap_util.CFG_TEXT_TEST_PASSED, p_language_id)
670  			    WHEN otap_constants.OTAP_NUM_TEST_FAILED
671  			    THEN otap_util.get_config_value(otap_util.CFG_TEXT_TEST_FAILED, p_language_id)
672  			    WHEN otap_constants.OTAP_NUM_TEST_UNDEFINED
673  			    THEN otap_util.get_config_value(otap_util.CFG_TEXT_TEST_UNDEFINED, p_language_id)
674  			    ELSE otap_constants.OTAP_INTERNAL_ERROR
675  			  END
676  	 ;
677  	 RETURN l_translation;
678    EXCEPTION
679  	 WHEN OTHERS THEN
680  	   otap_log.log(SQLERRM, 'otap_util.test_result_to_text', 'Translate test state to text');
681  	   RAISE;
682    END test_result_to_text;
683  
684    FUNCTION constraint_type_to_label(p_constraint_type IN VARCHAR2 DEFAULT 'C')
685  	 RETURN VARCHAR2
686    IS
687  	 l_label VARCHAR2(128 CHAR);
688    BEGIN
689  	 l_label := CASE UPPER(p_constraint_type)
690  		      WHEN 'P'
691  		      THEN otap_util.CFG_LABEL_PRIMARY_KEY
692  		      WHEN 'U'
693  		      THEN otap_util.CFG_LABEL_UNIQUE_KEY
694  		      WHEN 'R'
695  		      THEN otap_util.CFG_LABEL_FOREIGN_KEY
696  		      WHEN 'V'
697  		      THEN otap_util.CFG_LABEL_VIEW_CHECK
698  		      WHEN 'O'
699  		      THEN otap_util.CFG_LABEL_VIEW_READONLY
700  		      WHEN 'F'
701  		      THEN otap_util.CFG_LABEL_REF_COLUMN
702  		      WHEN 'H'
703  		      THEN otap_util.CFG_LABEL_HASH
704  		      WHEN 'S'
705  		      THEN otap_util.CFG_LABEL_SUPPLEMENTAL_LOGGGING
706  		      WHEN 'C'
707  		      THEN otap_util.CFG_LABEL_CHECK
708  		      ELSE NULL
709  		    END
710  	 ;
711  	 IF l_label IS NULL
712  	 THEN
713  	   -- log error
714  	   otap_log.log('Invalid constraint type: ' || NVL(p_constraint_type, 'NULL'), 'otap_util.constraint_type_to_label');
715  	   l_label := otap_util.CFG_LABEL_INVALID_CONSTRAINT_TYPE;
716  	 END IF;
717  	 RETURN l_label;
718    EXCEPTION
719  	 WHEN OTHERS THEN
720  	   otap_log.log(SQLERRM, 'otap_util.constraint_type_to_label', 'Translate constraint type to label id');
721  	   RAISE;
722    END constraint_type_to_label;
723  
724    FUNCTION build_msg( p_cfg_template  IN VARCHAR2
725  			 , p_type_label    IN VARCHAR2 DEFAULT NULL
726  			 , p_param1	   IN VARCHAR2 DEFAULT NULL
727  			 , p_param1_value  IN VARCHAR2 DEFAULT NULL
728  			 , p_param2	   IN VARCHAR2 DEFAULT NULL
729  			 , p_param2_value  IN VARCHAR2 DEFAULT NULL
730  			 , p_param3	   IN VARCHAR2 DEFAULT NULL
731  			 , p_param3_value  IN VARCHAR2 DEFAULT NULL
732  			 , p_param4	   IN VARCHAR2 DEFAULT NULL
733  			 , p_param4_value  IN VARCHAR2 DEFAULT NULL
734  			 , p_param5	   IN VARCHAR2 DEFAULT NULL
735  			 , p_param5_value  IN VARCHAR2 DEFAULT NULL
736  			 , p_param6n	   IN VARCHAR2 DEFAULT NULL
737  			 , p_param6n_value IN VARCHAR2 DEFAULT NULL
738  			 , p_description   IN VARCHAR2 DEFAULT NULL
739  			 , p_language_id   IN VARCHAR2 DEFAULT otap_constants.OTAP_INTERNAL_NA
740  			 )
741  	 RETURN VARCHAR2
742    IS
743  	 l_script	 VARCHAR2(256 CHAR) := 'otap_util.build_msg';
744  	 l_text_result	 VARCHAR2(4000 CHAR);
745  	 l_label	 VARCHAR2(256 CHAR);
746  	 l_var_count	 INTEGER;
747    BEGIN
748  	 IF TRIM(p_description) IS NOT NULL
749  	 THEN
750  	   l_text_result := otap_string.reduce(p_description, 4000);
751  	 ELSE
752  	   IF p_cfg_template IS NULL
753  	   THEN
754  	     l_text_result := otap_constants.OTAP_INTERNAL_ERROR || ' ' || l_script || ' missing description and template identifier';
755  	     otap_log.log(l_text_result, l_script);
756  	   ELSE
757  	     l_text_result := otap_util.get_config_value(p_cfg_template, p_language_id);
758  	     IF l_text_result = otap_constants.OTAP_INTERNAL_ERROR
759  	     THEN
760  	       l_text_result := otap_constants.OTAP_INTERNAL_ERROR || ' ' || l_script || ' invalid template identifier ' || p_cfg_template;
761  	       otap_log.log(l_text_result, l_script);
762  	     ELSE
763  	       -- check variables, only modify if present, otherwise text is delivered as is
764  	       l_var_count := REGEXP_COUNT(l_text_result, '@');
765  	       -- check also that @@ comes in pairs like valid variables
766  	       IF l_var_count != 0 AND MOD(l_var_count, 2) = 0
767  	       THEN
768  		 -- check type present
769  		 IF	p_type_label					  IS NOT NULL
770  		    AND INSTR(l_text_result, otap_constants.OTAP_TYPE_VAR) > 0
771  		 THEN
772  		   l_label := otap_util.get_config_value(p_type_label, p_language_id);
773  		   -- do nothing on errors
774  		   IF l_label != otap_constants.OTAP_INTERNAL_ERROR
775  		   THEN
776  		     -- replace if exists in template
777  		     l_text_result := REPLACE(l_text_result, otap_constants.OTAP_TYPE_VAR, l_label);
778  		   ELSE
779  		     otap_log.log('Type ignored, Invalid label used: ' || p_type_label, l_script);
780  		   END IF;
781  		 END IF;
782  		 -- check vars and replace if condition met
783  		 IF p_param1_value IS NOT NULL
784  		 THEN
785  		   IF	  p_param1		     IS NOT NULL
786  		      AND REGEXP_COUNT(p_param1, '@') = 2
787  		   THEN
788  		     -- replace, may work, may not
789  		     l_text_result := REPLACE(l_text_result, p_param1, p_param1_value);
790  		   ELSE
791  		     -- ignore, log error
792  		     otap_log.log('Value without variable name: ' || p_param1_value || ' or invalid parameter: ' || NVL(p_param1, 'NULL'), l_script);
793  		   END IF;
794  		 END IF;
795  		 IF p_param2_value IS NOT NULL
796  		 THEN
797  		   IF	  p_param2		     IS NOT NULL
798  		      AND REGEXP_COUNT(p_param2, '@') = 2
799  		   THEN
800  		     -- replace, may work, may not
801  		     l_text_result := REPLACE(l_text_result, p_param2, p_param2_value);
802  		   ELSE
803  		     -- ignore, log error
804  		     otap_log.log('Value without variable name: ' || p_param2_value || ' or invalid parameter: ' || NVL(p_param2, 'NULL'), l_script);
805  		   END IF;
806  		 END IF;
807  		 IF p_param3_value IS NOT NULL
808  		 THEN
809  		   IF	  p_param3		     IS NOT NULL
810  		      AND REGEXP_COUNT(p_param3, '@') = 2
811  		   THEN
812  		     -- replace, may work, may not
813  		     l_text_result := REPLACE(l_text_result, p_param3, p_param3_value);
814  		   ELSE
815  		     -- ignore, log error
816  		     otap_log.log('Value without variable name: ' || p_param3_value || ' or invalid parameter: ' || NVL(p_param3, 'NULL'), l_script);
817  		   END IF;
818  		 END IF;
819  		 IF p_param4_value IS NOT NULL
820  		 THEN
821  		   IF	  p_param4		     IS NOT NULL
822  		      AND REGEXP_COUNT(p_param4, '@') = 2
823  		   THEN
824  		     -- replace, may work, may not
825  		     l_text_result := REPLACE(l_text_result, p_param4, p_param4_value);
826  		   ELSE
827  		     -- ignore, log error
828  		     otap_log.log('Value without variable name: ' || p_param4_value || ' or invalid parameter: ' || NVL(p_param4, 'NULL'), l_script);
829  		   END IF;
830  		 END IF;
831  		 IF p_param5_value IS NOT NULL
832  		 THEN
833  		   IF	  p_param5		     IS NOT NULL
834  		      AND REGEXP_COUNT(p_param5, '@') = 2
835  		   THEN
836  		     -- replace, may work, may not
837  		     l_text_result := REPLACE(l_text_result, p_param5, p_param5_value);
838  		   ELSE
839  		     -- ignore, log error
840  		     otap_log.log('Value without variable name: ' || p_param5_value || ' or invalid parameter: ' || NVL(p_param5, 'NULL'), l_script);
841  		   END IF;
842  		 END IF;
843  		 -- allow NULL value for replace
844  		 IF p_param6n IS NOT NULL
845  		 THEN
846  		   IF REGEXP_COUNT(p_param6n, '@') = 2
847  		   THEN
848  		     -- replace, may work, may not
849  		     l_text_result := REPLACE(l_text_result, p_param6n, p_param6n_value);
850  		   ELSE
851  		     -- ignore, log error
852  		     otap_log.log('Invalid parameter p_param6n: ' || p_param6n, l_script);
853  		   END IF;
854  		 END IF;
855  	       END IF;
856  	     END IF;
857  	   END IF;
858  	 END IF;
859  	 -- remove duplicate space chars
860  	 l_text_result := otap_string.flatten(l_text_result, 4000);
861  	 RETURN l_text_result;
862    EXCEPTION
863  	 WHEN OTHERS THEN
864  	   otap_log.log(SQLERRM, l_script, 'Prepare message from template');
865  	   RAISE;
866  	 RETURN l_text_result;
867    END build_msg;
868  
869    PROCEDURE write_test_result( p_to_delete 	IN NUMBER
870  				  , p_test_passed	IN NUMBER
871  				  , p_test_session_id	IN NUMBER
872  				  , p_test_executor	IN VARCHAR2
873  				  , p_test_set		IN VARCHAR2
874  				  , p_db_user		IN VARCHAR2
875  				  , p_db_schema 	IN VARCHAR2
876  				  , p_test_group	IN VARCHAR2
877  				  , p_test_start	IN TIMESTAMP
878  				  , p_test_end		IN TIMESTAMP
879  				  , p_test_name 	IN VARCHAR2
880  				  , p_test_desc 	IN VARCHAR2
881  				  , p_test_errors	IN VARCHAR2 DEFAULT NULL
882  				  )
883    IS
884  	 PRAGMA AUTONOMOUS_TRANSACTION;
885  	 l_script      VARCHAR2(256 CHAR) := 'otap_util.write_test_result';
886  	 l_to_delete   NUMBER;
887  	 l_test_passed NUMBER;
888  	 l_errors      otap_results.test_errors%TYPE;
889    BEGIN
890  	 l_to_delete   := CASE
891  			    WHEN p_to_delete IN (otap_constants.OTAP_NUM_TRUE, otap_constants.OTAP_NUM_FALSE)
892  			    THEN p_to_delete
893  			    ELSE otap_constants.OTAP_NUM_TRUE
894  			  END
895  	 ;
896  	 -- this is an error and must be handled
897  	 IF p_test_passed NOT IN (otap_constants.OTAP_NUM_TEST_PASSED, otap_constants.OTAP_NUM_TEST_FAILED, otap_constants.OTAP_NUM_TEST_UNDEFINED)
898  	 THEN
899  	   l_errors := otap_string.reduce('Invalid test result: ' || p_test_passed || ' ' || p_test_errors, 4000);
900  	   l_test_passed := otap_constants.OTAP_NUM_TEST_UNDEFINED;
901  	 ELSE
902  	   l_test_passed := p_test_passed;
903  	   l_errors := p_test_errors;
904  	 END IF;
905  	 INSERT INTO otap_results
906  	   ( to_delete
907  	   , test_passed
908  	   , test_session_id
909  	   , test_executor
910  	   , test_set
911  	   , db_user
912  	   , db_schema
913  	   , test_group
914  	   , test_start
915  	   , test_end
916  	   , test_name
917  	   , test_desc
918  	   , test_errors
919  	   ) VALUES ( l_to_delete
920  		    , l_test_passed
921  		    , p_test_session_id
922  		    , p_test_executor
923  		    , p_test_set
924  		    , p_db_user
925  		    , p_db_schema
926  		    , p_test_group
927  		    , p_test_start
928  		    , p_test_end
929  		    , p_test_name
930  		    , p_test_desc
931  		    , l_errors
932  		    )
933  	 ;
934  	 COMMIT;
935    EXCEPTION
936  	 WHEN OTHERS THEN
937  	   otap_log.log(SQLERRM, l_script, 'INSERT into otap_results');
938  	   ROLLBACK;
939  	   RAISE;
940    END write_test_result;
941  
942    PROCEDURE result_cleanup
943    IS
944  	 PRAGMA AUTONOMOUS_TRANSACTION;
945  	 l_script	     VARCHAR2(256 CHAR) := 'otap_util.result_cleanup';
946  	 l_delete_before     DATE;
947  	 l_delete_start      DATE;
948  	 l_delete_batch_size NUMBER;
949  	 l_delete_delay      NUMBER;
950  	 l_row_counter	     NUMBER;
951  	 l_processed	     NUMBER;
952  	 l_delete_msg	     VARCHAR2(32767 CHAR);
953  	 CURSOR cur_delete_tests(cp_delete_before IN DATE)
954  	 IS
955  	   SELECT *
956  	     FROM otap_results
957  	    WHERE test_run_date < cp_delete_before
958  	      AND to_delete	= otap_constants.OTAP_NUM_TRUE
959  	 ;
960    BEGIN
961  	 -- read config values before starting, values will not change until finished
962  	 l_delete_start      := SYSDATE;
963  	 l_delete_before     := TRUNC(SYSDATE - otap_util.get_config_number(otap_util.CFG_PRESERVE_DAYS));
964  	 l_delete_batch_size := otap_util.get_config_number(otap_util.CFG_DELETE_BATCH_SIZE);
965  	 l_delete_delay      := otap_util.get_config_number(otap_util.CFG_DELETE_DELAY);
966  	 l_row_counter	     := 0;
967  	 l_processed	     := 0;
968  	 l_delete_msg	     := 'Start delete with batch size ' || l_delete_batch_size || ', delay ' || l_delete_delay || ' seconds. Delete all marked records older than ' || TO_CHAR(l_delete_before, 'YYYY-MM-DD HH24:MI:SS') || '.';
969  	 otap_log.log(l_delete_msg, l_script, 'Procedure start', 'OTAP_DEBUG');
970  	 FOR rec IN cur_delete_tests(l_delete_before)
971  	 LOOP
972  	   IF l_row_counter >= l_delete_batch_size
973  	   THEN
974  	     l_delete_msg := 'Batch size reached, commit and wait. Processed records ' || l_processed || '.';
975  	     otap_log.log(l_delete_msg, l_script, 'Batch size reached and wait', 'OTAP_DEBUG');
976  	     -- commit the batch
977  	     COMMIT;
978  	     -- reset counter
979  	     l_row_counter := 0;
980  	     -- wait defined time
981  	     DBMS_SESSION.SLEEP(l_delete_delay);
982  	   END IF;
983  	   DELETE FROM otap_results WHERE test_run_id = rec.test_run_id AND test_run_date = rec.test_run_date;
984  	   l_row_counter := l_row_counter + 1;
985  	   l_processed	 := l_processed + 1;
986  	 END LOOP;
987  	 -- commit any pending deletes
988  	 COMMIT;
989  	 l_delete_msg := 'Processed ' || l_processed || ' records for delete. Started at ' || TO_CHAR(l_delete_start, 'YYYY-MM-DD HH24:MI:SS') || ' finished at ' || TO_CHAR(SYSDATE, 'YYYY-MM-DD HH24:MI:SS');
990  	 otap_log.log(l_delete_msg, l_script, 'Procedure end', 'OTAP_DEBUG');
991  	 DBMS_OUTPUT.PUT_LINE(l_delete_msg);
992    EXCEPTION
993  	 WHEN OTHERS THEN
994  	   otap_log.log(SQLERRM, l_script, 'DELETE FROM otap_results');
995    END result_cleanup;
996  
997    FUNCTION max_text_size(p_session_id IN NUMBER)
998  	 RETURN NUMBER
999    IS
1000  	  l_result NUMBER;
1001  	BEGIN
1002  	  -- use UNION not GREATEST to get a result in any case
1003  	  SELECT MAX(str_length) AS max_length
1004  	    INTO l_result
1005  	    FROM (SELECT otap_constants.get_otap_num_min_fill_length AS str_length FROM dual
1006  		   UNION ALL
1007  		  SELECT MAX(LENGTH(test_set)) FROM otap_results WHERE test_session_id = p_session_id
1008  		   UNION ALL
1009  		  SELECT MAX(LENGTH(test_group)) FROM otap_results WHERE test_session_id = p_session_id
1010  		   UNION ALL
1011  		  SELECT MAX(LENGTH(test_name)) FROM otap_results WHERE test_session_id = p_session_id
1012  		   UNION ALL
1013  		  SELECT MAX(LENGTH(test_desc)) FROM otap_results WHERE test_session_id = p_session_id
1014  		 )
1015  	  ;
1016  	  RETURN l_result;
1017  	EXCEPTION
1018  	  WHEN OTHERS THEN
1019  	    otap_log.log(SQLERRM, 'otap_util.max_text_size', 'Get max text size for a given session id');
1020  	    RAISE;
1021  	END max_text_size;
1022  
1023  	FUNCTION interval_size
1024  	  RETURN NUMBER
1025  	IS
1026  	  l_interval_size NUMBER;
1027  	BEGIN
1028  	  SELECT LENGTH(TRIM((SYSTIMESTAMP - SYSTIMESTAMP) DAY TO SECOND)) INTO l_interval_size FROM dual;
1029  	  RETURN l_interval_size;
1030  	EXCEPTION
1031  	  WHEN OTHERS THEN
1032  	    otap_log.log(SQLERRM, 'otap_util.interval_size', 'Get interval text size as displayed in SQL');
1033  	    RAISE;
1034  	END interval_size;
1035  
1036  END;
1037  /

Package body created.

SQL> @@../otap_ddl/packages/otap_report.pks
SQL> -- (C) 2024 Michael Lindenau licensed via https://www.gnu.org/licenses/agpl-3.0.txt
SQL> -- and https://toent.ch/licenses/AI_DISCLOSURE_LICENSE_V1
SQL> -- Not allowed to be used as AI training material without explicite permission.
SQL> -- provides functionality for formatting test report
SQL> CREATE OR REPLACE PACKAGE otap_report
  2  AS
  3  
  4    /** FUNCTION otap_report.decorate
  5    * Main functionality to create a decorated output using the defined defaults in OTAP_CONFIG.
  6    *
  7    * @param p_string The string to display borderless in a report line using left or right layout.
  8    * @param p_min_fill Allows overwrite of minimum length for reports. Only considered if greater than current header maximum size.
  9    * @param p_decoration The decoration char to use, which will surround the given string.
 10    * @param p_language_id A valid or existing language id.
 11    *
 12    * @return The decorated string according to the configured layout orientation.
 13    */
 14    FUNCTION decorate( p_string	IN VARCHAR2
 15  			, p_min_fill	IN INTEGER  DEFAULT otap_constants.OTAP_NUM_MIN_FILL_LENGTH
 16  			, p_decoration	IN VARCHAR2 DEFAULT otap_constants.OTAP_FALLBACK_FORMAT_NAME_CHAR
 17  			, p_language_id IN VARCHAR2 DEFAULT otap_constants.OTAP_INTERNAL_NA
 18  			)
 19  	 RETURN VARCHAR2
 20    ;
 21  
 22    /** FUNCTION otap_report.borderless
 23    * Main functionality to create a borderless output using the defined defaults in OTAP_CONFIG.
 24    * Limited to layout orientation left and right. See also otap_constants.OTAP_FALLBACK_LAYOUT_RESULT_DEFAULT.
 25    *
 26    * @param p_string The string to display borderless in a report line using left or right layout. If NULL or empty string, a space char is used.
 27    * @param p_min_fill Allows overwrite of minimum length for reports. Only considered if greater than current header maximum size.
 28    * @param p_language_id A valid or existing language id.
 29    *
 30    * @return The formatted string according to the configured layout orientation.
 31    */
 32    FUNCTION borderless( p_string	  IN VARCHAR2
 33  			  , p_min_fill	  IN INTEGER  DEFAULT otap_constants.OTAP_NUM_MIN_FILL_LENGTH
 34  			  , p_language_id IN VARCHAR2 DEFAULT otap_constants.OTAP_INTERNAL_NA
 35  			  )
 36  	 RETURN VARCHAR2
 37    ;
 38  
 39    /** FUNCTION otap_report.get_report_header
 40    * Build a decorated report header using the configured defaults in OTAP_CONFIG for text, layout
 41    * and border.
 42    *
 43    * @param p_min_fill Allows overwrite of minimum length for reports. Only considered if greater than current header maximum size.
 44    * @param p_language_id A valid or existing language id.
 45    *
 46    * @return The configured and decorated report header.
 47    */
 48    FUNCTION get_report_header( p_min_fill	 IN INTEGER  DEFAULT otap_constants.OTAP_NUM_MIN_FILL_LENGTH
 49  				 , p_language_id IN VARCHAR2 DEFAULT otap_constants.OTAP_INTERNAL_NA
 50  				 )
 51  	 RETURN VARCHAR2
 52    ;
 53  
 54    /** FUNCTION otap_report.get_report_total
 55    * Build a decorated report totals header using the configured defaults in OTAP_CONFIG for text, layout
 56    * and border.
 57    *
 58    * @param p_min_fill Allows overwrite of minimum length for reports. Only considered if greater than current header maximum size.
 59    * @param p_language_id A valid or existing language id.
 60    *
 61    * @return The configured and decorated report totals header.
 62    */
 63    FUNCTION get_report_total( p_min_fill	IN INTEGER  DEFAULT otap_constants.OTAP_NUM_MIN_FILL_LENGTH
 64  				, p_language_id IN VARCHAR2 DEFAULT otap_constants.OTAP_INTERNAL_NA
 65  				)
 66  	 RETURN VARCHAR2
 67    ;
 68  
 69    /** FUNCTION otap_report.get_report_total_details
 70    * Build a decorated report total details header using the configured defaults in OTAP_CONFIG for text, layout
 71    * and border.
 72    *
 73    * @param p_sets The number of unique test sets processed in the test session.
 74    * @param p_groups The number of unique test groups processed in the test session.
 75    * @param p_names The number of unique test names processed in the test session.
 76    * @param p_descriptions The number of unique test descriptions processed in the test session. May differ from runs.
 77    * @param p_min_fill Allows overwrite of minimum length for reports. Only considered if greater than current header maximum size.
 78    * @param p_language_id A valid or existing language id.
 79    *
 80    * @return The configured and decorated report totals header.
 81    */
 82    FUNCTION get_report_total_details( p_sets	 IN INTEGER  DEFAULT 0
 83  					, p_groups	 IN INTEGER  DEFAULT 0
 84  					, p_names	 IN INTEGER  DEFAULT 0
 85  					, p_descriptions IN INTEGER  DEFAULT 0
 86  					, p_min_fill	 IN INTEGER  DEFAULT otap_constants.OTAP_NUM_MIN_FILL_LENGTH
 87  					, p_language_id  IN VARCHAR2 DEFAULT otap_constants.OTAP_INTERNAL_NA
 88  					)
 89  	 RETURN VARCHAR2
 90    ;
 91  
 92    /** FUNCTION otap_report.get_report_footer
 93    * Build a decorated report footer using the configured defaults in OTAP_CONFIG for text, layout
 94    * and border.
 95    *
 96    * @param p_min_fill Allows overwrite of minimum length for reports. Only considered if greater than current header maximum size.
 97    * @param p_language_id A valid or existing language id.
 98    *
 99    * @return The configured and decorated report footer as defined in OTAP_CONFIG.
100    */
101    FUNCTION get_report_footer( p_min_fill	 IN INTEGER  DEFAULT otap_constants.OTAP_NUM_MIN_FILL_LENGTH
102  				 , p_language_id IN VARCHAR2 DEFAULT otap_constants.OTAP_INTERNAL_NA
103  				 )
104  	 RETURN VARCHAR2
105    ;
106  
107    /** FUNCTION otap_report.get_result_header
108    * Build a padded result header using the configured defaults in OTAP_CONFIG for text, layout
109    * and border. Padding char is space for result header.
110    *
111    * @param p_min_fill Allows overwrite of minimum length for reports. Only considered if greater than current header maximum size.
112    * @param p_language_id A valid or existing language id.
113    *
114    * @return The configured result header as defined in OTAP_CONFIG.
115    */
116    FUNCTION get_result_header( p_min_fill	 IN INTEGER  DEFAULT otap_constants.OTAP_NUM_MIN_FILL_LENGTH
117  				 , p_language_id IN VARCHAR2 DEFAULT otap_constants.OTAP_INTERNAL_NA
118  				 )
119  	 RETURN VARCHAR2
120    ;
121  
122    /** FUNCTION otap_report.get_result_underline
123    * Build a padded result header underline using the configured defaults in OTAP_CONFIG for text, layout
124    * and border. Padding char is space for result header underline. Currently not in use. Adjust otap_api
125    * package if needed.
126    *
127    * @param p_min_fill Allows overwrite of minimum length for reports. Only considered if greater than current header maximum size.
128    * @param p_language_id A valid or existing language id.
129    *
130    * @return The configured result header underline as defined in OTAP_CONFIG.
131    */
132    FUNCTION get_result_underline( p_min_fill    IN INTEGER	DEFAULT otap_constants.OTAP_NUM_MIN_FILL_LENGTH
133  				    , p_language_id IN VARCHAR2 DEFAULT otap_constants.OTAP_INTERNAL_NA
134  				    )
135  	 RETURN VARCHAR2
136    ;
137  
138    /** FUNCTION otap_report.get_test_count_header
139    * Build a decorated test count header using the configured defaults in OTAP_CONFIG for text, layout
140    * and border. Uses report level formatting as count is only for a complete session.
141    *
142    * @param p_min_fill Allows overwrite of minimum length for reports. Only considered if greater than current header maximum size.
143    * @param p_language_id A valid or existing language id.
144    *
145    * @return The decorated count header as defined in OTAP_CONFIG.
146    */
147    FUNCTION get_test_count_header( p_min_fill    IN INTEGER  DEFAULT otap_constants.OTAP_NUM_MIN_FILL_LENGTH
148  				     , p_language_id IN VARCHAR2 DEFAULT otap_constants.OTAP_INTERNAL_NA
149  				     )
150  	 RETURN VARCHAR2
151    ;
152  
153    /** FUNCTION otap_report.get_summary_header
154    * The defined header line for summary reports.
155    *
156    * @param p_min_fill Allows overwrite of minimum length for reports. Only considered if greater than current header maximum size.
157    * @param p_language_id A valid or existing language id.
158    *
159    * @return The summary header as defined in OTAP_CONFIG.
160    */
161    FUNCTION get_summary_header( p_min_fill	  IN INTEGER  DEFAULT otap_constants.OTAP_NUM_MIN_FILL_LENGTH
162  				  , p_language_id IN VARCHAR2 DEFAULT otap_constants.OTAP_INTERNAL_NA
163  				  )
164  	 RETURN VARCHAR2
165    ;
166  
167    /** FUNCTION otap_report.get_summary
168    * Does minor NVL handling, if status is NULL will result in ERROR, other NULLS
169    * result in N/A.
170    *
171    * @param p_status A valid summary status as configured in OTAP_CONFIG.
172    * @param p_runtime The runtime of set, group or test name as string. The time from start of tests to end of tests.
173    * @param p_exectime The execution time of the tests in a set, group or test name as string. The pure test functions execution time.
174    * @param p_runs The amount of executed test runs for set, group or test name.
175    * @param p_errors The amount test runs with errors for set, group or test name.
176    * @param p_issues The amount internal issues for set, group or test name.
177    * @param p_min_fill Allows overwrite of minimum length for reports. Only considered if greater than current header maximum size.
178    * @param p_language_id A valid or existing language id.
179    *
180    * @return The configured summary template in OTAP_CONFIG enriched with data.
181    */
182    FUNCTION get_summary( p_status	   IN VARCHAR2 DEFAULT otap_constants.OTAP_FALLBACK_TEXT_TEST_UNDEFINED
183  			   , p_runtime	   IN VARCHAR2 DEFAULT otap_constants.OTAP_INTERNAL_NA
184  			   , p_exectime    IN VARCHAR2 DEFAULT otap_constants.OTAP_INTERNAL_NA
185  			   , p_runs	   IN NUMBER   DEFAULT 0
186  			   , p_errors	   IN NUMBER   DEFAULT 0
187  			   , p_issues	   IN NUMBER   DEFAULT 0
188  			   , p_min_fill    IN INTEGER  DEFAULT otap_constants.OTAP_NUM_MIN_FILL_LENGTH
189  			   , p_language_id IN VARCHAR2 DEFAULT otap_constants.OTAP_INTERNAL_NA
190  			   )
191  	 RETURN VARCHAR2
192    ;
193  
194    /** FUNCTION otap_report.get_error_result_header
195    * Builds the error result header from template for current test name. Does minor NVL handling,
196    * N/A for NULL.
197    *
198    * @param p_test_name The test name for the error section.
199    * @param p_min_fill Allows overwrite of minimum length for reports. Only considered if greater than current header maximum size.
200    * @param p_language_id A valid or existing language id.
201    *
202    * @return The decorated error result header for the given test name.
203    */
204    FUNCTION get_error_result_header( p_test_name   IN VARCHAR2
205  				       , p_min_fill    IN INTEGER  DEFAULT otap_constants.OTAP_NUM_MIN_FILL_LENGTH
206  				       , p_language_id IN VARCHAR2 DEFAULT otap_constants.OTAP_INTERNAL_NA
207  				       )
208  	 RETURN VARCHAR2
209    ;
210  
211    /** FUNCTION otap_report.get_error_details
212    * Builds the error detail info from template for current test description. Does minor NVL handling,
213    * N/A for NULL.
214    *
215    * @param p_test_desc The test description of the test with errors.
216    * @param p_error_info The error information for the test.
217    * @param p_min_fill Allows overwrite of minimum length for reports. Only considered if greater than current header maximum size.
218    * @param p_language_id A valid or existing language id.
219    *
220    * @return The formatted error details for the given test description.
221    */
222    FUNCTION get_error_details( p_test_desc	 IN VARCHAR2 DEFAULT otap_constants.OTAP_INTERNAL_NA
223  				 , p_error_info  IN VARCHAR2 DEFAULT otap_constants.OTAP_INTERNAL_NA
224  				 , p_min_fill	 IN INTEGER  DEFAULT otap_constants.OTAP_NUM_MIN_FILL_LENGTH
225  				 , p_language_id IN VARCHAR2 DEFAULT otap_constants.OTAP_INTERNAL_NA
226  				 )
227  	 RETURN VARCHAR2
228    ;
229  
230    /** FUNCTION otap_report.get_no_data_text
231    * Builds the no data message from template. Does minor NVL handling, N/A for NULL.
232    *
233    * @param p_session_id The session id that has been requested for a test result report.
234    * @param p_min_fill Allows overwrite of minimum length for reports. Only considered if greater than current header maximum size.
235    * @param p_language_id A valid or existing language id.
236    *
237    * @return The formatted no data text for the given session id.
238    */
239    FUNCTION get_no_data_text( p_session_id	IN NUMBER
240  				, p_min_fill	IN INTEGER  DEFAULT otap_constants.OTAP_NUM_MIN_FILL_LENGTH
241  				, p_language_id IN VARCHAR2 DEFAULT otap_constants.OTAP_INTERNAL_NA
242  				)
243  	 RETURN VARCHAR2
244    ;
245  
246    /** FUNCTION otap_report.get_session_id_text
247    * Builds the session id message from template. Does minor NVL handling, N/A for NULL.
248    *
249    * @param p_session_id The session id that has been requested for a test result report.
250    * @param p_min_fill Allows overwrite of minimum length for reports. Only considered if greater than current header maximum size.
251    * @param p_language_id A valid or existing language id.
252    *
253    * @return The formatted session id text for the given session id.
254    */
255    FUNCTION get_session_id_text( p_session_id  IN NUMBER
256  				   , p_min_fill    IN INTEGER  DEFAULT otap_constants.OTAP_NUM_MIN_FILL_LENGTH
257  				   , p_language_id IN VARCHAR2 DEFAULT otap_constants.OTAP_INTERNAL_NA
258  				   )
259  	 RETURN VARCHAR2
260    ;
261  
262    /** FUNCTION otap_report.get_set_text
263    * Builds the decorated test set message from template. Does minor NVL handling, N/A for NULL.
264    *
265    * @param p_test_set The current test set for a test result report.
266    * @param p_min_fill Allows overwrite of minimum length for reports. Only considered if greater than current header maximum size.
267    * @param p_language_id A valid or existing language id.
268    *
269    * @return The decorated test set text for the given test set.
270    */
271    FUNCTION get_set_text( p_test_set    IN VARCHAR2
272  			    , p_min_fill    IN INTEGER	DEFAULT otap_constants.OTAP_NUM_MIN_FILL_LENGTH
273  			    , p_language_id IN VARCHAR2 DEFAULT otap_constants.OTAP_INTERNAL_NA
274  			    )
275  	 RETURN VARCHAR2
276    ;
277  
278    /** FUNCTION otap_report.get_group_text
279    * Builds the decorated test group message from template. Does minor NVL handling, N/A for NULL.
280    *
281    * @param p_test_group The current test group for a test result report.
282    * @param p_min_fill Allows overwrite of minimum length for reports. Only considered if greater than current header maximum size.
283    * @param p_language_id A valid or existing language id.
284    *
285    * @return The decorated test group text for the given test group.
286    */
287    FUNCTION get_group_text( p_test_group  IN VARCHAR2
288  			      , p_min_fill    IN INTEGER  DEFAULT otap_constants.OTAP_NUM_MIN_FILL_LENGTH
289  			      , p_language_id IN VARCHAR2 DEFAULT otap_constants.OTAP_INTERNAL_NA
290  			      )
291  	 RETURN VARCHAR2
292    ;
293  
294    /** FUNCTION otap_report.get_test_name_text
295    * Builds the test name message from template. Does minor NVL handling, N/A for NULL.
296    *
297    * @param p_test_name The current test name for a test result report.
298    * @param p_min_fill Allows overwrite of minimum length for reports. Only considered if greater than current header maximum size.
299    * @param p_language_id A valid or existing language id.
300    *
301    * @return The test name text for the given test name.
302    */
303    FUNCTION get_test_name_text( p_test_name   IN VARCHAR2
304  				  , p_min_fill	  IN INTEGER  DEFAULT otap_constants.OTAP_NUM_MIN_FILL_LENGTH
305  				  , p_language_id IN VARCHAR2 DEFAULT otap_constants.OTAP_INTERNAL_NA
306  				  )
307  	 RETURN VARCHAR2
308    ;
309  
310    /** FUNCTION otap_report.get_result_line
311    * Builds the test result line from template. Does minor NVL handling, N/A for NULL.
312    *
313    * @param p_test_state The test state as text representation for a test result report, e.g. passed, failed or undefined.
314    * @param p_issue_state The issue state as text representation for a test result report, e.g. passed, failed or undefined.
315    * @param p_runtime The runtime of the test as string.
316    * @param p_test_desc The test description of the related test if any.
317    * @param p_min_fill Allows overwrite of minimum length for reports. Only considered if greater than current header maximum size.
318    * @param p_language_id A valid or existing language id.
319    *
320    * @return The result line for a given test.
321    */
322    FUNCTION get_result_line( p_test_state  IN VARCHAR2 DEFAULT otap_constants.OTAP_FALLBACK_TEXT_TEST_UNDEFINED
323  			       , p_issue_state IN VARCHAR2 DEFAULT otap_constants.OTAP_FALLBACK_TEXT_TEST_UNDEFINED
324  			       , p_runtime     IN VARCHAR2 DEFAULT otap_constants.OTAP_INTERNAL_NA
325  			       , p_test_desc   IN VARCHAR2 DEFAULT otap_constants.OTAP_INTERNAL_NA
326  			       , p_min_fill    IN INTEGER  DEFAULT otap_constants.OTAP_NUM_MIN_FILL_LENGTH
327  			       , p_language_id IN VARCHAR2 DEFAULT otap_constants.OTAP_INTERNAL_NA
328  			       )
329  	 RETURN VARCHAR2
330    ;
331  
332    /** FUNCTION otap_report.get_count_desc
333    * Builds the test count result string from template. Does minor NVL handling, N/A for NULL char, 0 for NULL number parameter.
334    * Used as test description when writing the count result.
335    *
336    * @param p_tests_run The issue state as text representation for a test result report, e.g. passed, failed or undefined.
337    * @param p_tests_expected The runtime of the test as string.
338    * @param p_language_id A valid or existing language id.
339    *
340    * @return The count test result string for the given values.
341    */
342    FUNCTION get_count_desc( p_tests_run	  IN INTEGER  DEFAULT 0
343  			      , p_tests_expected  IN INTEGER  DEFAULT 0
344  			      , p_language_id	  IN VARCHAR2 DEFAULT otap_constants.OTAP_INTERNAL_NA
345  			      )
346  	 RETURN VARCHAR2
347    ;
348  
349    /** FUNCTION otap_report.get_separator_line
350    * Builds a separator line from the given char. Only the first not space char is considered.
351    * otap_util provides functions for current configuration access.
352    *
353    * @param p_char The char to build a line from. Default is the default char "-" for format test name.
354    * @param p_min_fill Allows overwrite of minimum length for reports. Only considered if greater than current header maximum size.
355    * @param p_language_id A valid or existing language id.
356    *
357    * @return The separator line. Length is calculated from configured headers or minimum fill.
358    */
359    FUNCTION get_separator_line( p_char	  IN VARCHAR2 DEFAULT otap_constants.OTAP_FALLBACK_FORMAT_NAME_CHAR
360  				  , p_min_fill	  IN INTEGER  DEFAULT otap_constants.OTAP_NUM_MIN_FILL_LENGTH
361  				  , p_language_id IN VARCHAR2 DEFAULT otap_constants.OTAP_INTERNAL_NA
362  				  )
363  	 RETURN VARCHAR2
364    ;
365  
366    /** FUNCTION otap_report.get_exists_msg
367    * Builds a user message for the schema exist test function based on given values from template. Will always
368    * reduce the string. No report formatting options only template handling.
369    *
370    * @param p_object_name The name of the object tested for existance.
371    * @param p_schema_name The schema of the object tested.
372    * @param p_object_type The object type as label of the object that was tested. See otap_util.CFG_LABEL constants.
373    * @param p_sub_object Optional sub object, like functions of a package or columns of a table. If set, TEMPLATE_XEXISTS is used.
374    * @param p_test_desc The test description of the related test if any.
375    * @param p_language_id A valid or existing language id.
376    *
377    * @return The formatted and reduced exists test message. Restricted to 4000 chars.
378    */
379    FUNCTION get_exists_msg( p_object_name IN VARCHAR2 DEFAULT otap_constants.OTAP_INTERNAL_NA
380  			      , p_schema_name IN VARCHAR2 DEFAULT otap_constants.OTAP_INTERNAL_NA
381  			      , p_object_type IN VARCHAR2 DEFAULT NULL
382  			      , p_sub_object  IN VARCHAR2 DEFAULT NULL
383  			      , p_test_desc   IN VARCHAR2 DEFAULT NULL
384  			      , p_language_id IN VARCHAR2 DEFAULT otap_constants.OTAP_INTERNAL_NA
385  			      )
386  	 RETURN VARCHAR2
387    ;
388  
389    /** FUNCTION otap_report.get_exists_c_msg
390    * Builds a user message for the schema constraint exist test function based on given values from template. Will always
391    * reduce the string. No report formatting options only template handling.
392    *
393    * @param p_table_name The name of the table tested for constraint existance.
394    * @param p_schema_name The schema of the object tested.
395    * @param p_cons_type The constraint type as label of the constraint that was tested. See otap_util.CFG_LABEL constants.
396    * @param p_column Optional column specification for the constraint. If set, TEMPLATE_CXEXISTS is used.
397    * @param p_constraint Optional constraint name.
398    * @param p_test_desc The test description of the related test if any.
399    * @param p_language_id A valid or existing language id.
400    *
401    * @return The formatted and reduced exists test message. Restricted to 4000 chars.
402    */
403    FUNCTION get_exists_c_msg( p_table_name	IN VARCHAR2 DEFAULT otap_constants.OTAP_INTERNAL_NA
404  				, p_schema_name IN VARCHAR2 DEFAULT otap_constants.OTAP_INTERNAL_NA
405  				, p_cons_type	IN VARCHAR2 DEFAULT NULL
406  				, p_column	IN VARCHAR2 DEFAULT NULL
407  				, p_constraint	IN VARCHAR2 DEFAULT NULL
408  				, p_test_desc	IN VARCHAR2 DEFAULT NULL
409  				, p_language_id IN VARCHAR2 DEFAULT otap_constants.OTAP_INTERNAL_NA
410  				)
411  	 RETURN VARCHAR2
412    ;
413  
414    /** FUNCTION otap_report.get_exists_f_msg
415    * Builds a user message for the schema exist test functions with a related object, based on given values from template. Will always
416    * reduce the string. No report formatting options only template handling.
417    *
418    * @param p_schema_name The schema of the object tested.
419    * @param p_check_object The name of the object tested for existance.
420    * @param p_check_type The object type as label of the object that was tested. See otap_util.CFG_LABEL constants.
421    * @param p_rel_object_type The object type as label of the related object. See otap_util.CFG_LABEL constants.
422    * @param p_rel_object The related object name.
423    * @param p_rel_subobject Optional related subobject. If set, TEMPLATE_EXISTS_FX is used.
424    * @param p_test_desc The test description of the related test if any.
425    * @param p_language_id A valid or existing language id.
426    *
427    * @return The formatted and reduced exists test message. Restricted to 4000 chars.
428    */
429    FUNCTION get_exists_f_msg( p_schema_name     IN VARCHAR2 DEFAULT otap_constants.OTAP_INTERNAL_NA
430  				, p_check_object    IN VARCHAR2 DEFAULT NULL
431  				, p_check_type	    IN VARCHAR2 DEFAULT NULL
432  				, p_rel_object_type IN VARCHAR2 DEFAULT NULL
433  				, p_rel_object	    IN VARCHAR2 DEFAULT NULL
434  				, p_rel_subobject   IN VARCHAR2 DEFAULT NULL
435  				, p_test_desc	    IN VARCHAR2 DEFAULT NULL
436  				, p_language_id     IN VARCHAR2 DEFAULT otap_constants.OTAP_INTERNAL_NA
437  				)
438  	 RETURN VARCHAR2
439    ;
440  
441    /** FUNCTION otap_report.get_match_msg
442    * Builds a user message for the logic compare test function based on given values from template. Will always
443    * reduce the string. No report formatting options only template handling.
444    *
445    * @param p_match_type The object type as label that was compared as defined by matching function (BOOLEAN, VARCHAR2, NUMBER, DATE). See otap_util.CFG_LABEL constants.
446    * @param p_match_data The data of the compare as string, e.g. 'my string to compare', 2, TRUE ...
447    * @param p_test_desc The test description of the related test if any.
448    * @param p_language_id A valid or existing language id.
449    *
450    * @return The formatted and reduced matches test message. Restricted to 4000 chars.
451    */
452    FUNCTION get_match_msg( p_match_type  IN VARCHAR2 DEFAULT otap_constants.OTAP_INTERNAL_NA
453  			     , p_match_data  IN VARCHAR2 DEFAULT otap_constants.OTAP_INTERNAL_NA
454  			     , p_test_desc   IN VARCHAR2 DEFAULT NULL
455  			     , p_language_id IN VARCHAR2 DEFAULT otap_constants.OTAP_INTERNAL_NA
456  			     )
457  	 RETURN VARCHAR2
458    ;
459  
460  END;
461  /

Package created.

SQL> @@../otap_ddl/packages/otap_report.pkb
SQL> -- (C) 2024 Michael Lindenau licensed via https://www.gnu.org/licenses/agpl-3.0.txt
SQL> -- and https://toent.ch/licenses/AI_DISCLOSURE_LICENSE_V1
SQL> -- Not allowed to be used as AI training material without explicite permission.
SQL> CREATE OR REPLACE PACKAGE BODY otap_report
  2  AS
  3  
  4    -- for description see header file
  5    FUNCTION decorate( p_string	IN VARCHAR2
  6  			, p_min_fill	IN INTEGER  DEFAULT otap_constants.OTAP_NUM_MIN_FILL_LENGTH
  7  			, p_decoration	IN VARCHAR2 DEFAULT otap_constants.OTAP_FALLBACK_FORMAT_NAME_CHAR
  8  			, p_language_id IN VARCHAR2 DEFAULT otap_constants.OTAP_INTERNAL_NA
  9  			)
 10  	 RETURN VARCHAR2
 11    IS
 12  	 l_border	    INTEGER;
 13  	 l_layout	    VARCHAR2(1 CHAR);
 14  	 l_decoration	    VARCHAR2(1 CHAR);
 15  	 l_string_size	    INTEGER;
 16  	 l_max_title_length INTEGER;
 17  	 l_min_fill	    INTEGER;
 18  	 l_min_length	    INTEGER;
 19  	 l_string	    VARCHAR2(32767 CHAR);
 20  	 l_return_text	    VARCHAR2(32767 CHAR);
 21    BEGIN
 22  	 l_border	    := otap_util.get_config_number(otap_util.CFG_DEFAULT_BORDER);
 23  	 l_layout	    := otap_string.check_layout(otap_util.get_config_value(otap_util.CFG_DEFAULT_LAYOUT, p_language_id));
 24  	 l_decoration	    := otap_string.check_decoration(p_decoration);
 25  	 l_string_size	    := otap_string.check_string_size(NVL(LENGTH(p_string), 0));
 26  	 -- limit the string if necessary
 27  	 l_string	    := otap_string.reduce(p_string, l_string_size);
 28  	 -- get final title length
 29  	 l_string_size	    := NVL(LENGTH(l_string), 0);
 30  	 l_max_title_length := otap_string.check_title_size(l_string_size, l_border);
 31  	 l_min_fill	    := GREATEST(NVL(p_min_fill, otap_constants.OTAP_NUM_MIN_FILL_LENGTH), l_max_title_length);
 32  	 l_min_length	    := GREATEST(otap_string.line_size(l_max_title_length, l_border), l_min_fill);
 33  	 l_return_text	    := otap_string.decorate(l_string, l_decoration, l_min_length, l_layout, l_border);
 34  	 RETURN l_return_text;
 35    EXCEPTION
 36  	 WHEN OTHERS THEN
 37  	   otap_log.log(SQLERRM, 'otap_report.decorate', 'Create decorated report line');
 38  	   RAISE;
 39    END decorate;
 40  
 41    FUNCTION borderless( p_string	  IN VARCHAR2
 42  			  , p_min_fill	  IN INTEGER  DEFAULT otap_constants.OTAP_NUM_MIN_FILL_LENGTH
 43  			  , p_language_id IN VARCHAR2 DEFAULT otap_constants.OTAP_INTERNAL_NA
 44  			  )
 45  	 RETURN VARCHAR2
 46    IS
 47  	 l_border      INTEGER;
 48  	 l_layout      VARCHAR2(1 CHAR);
 49  	 l_string_size INTEGER;
 50  	 l_min_fill    INTEGER;
 51  	 l_string      VARCHAR2(32767 CHAR);
 52  	 l_return_text VARCHAR2(32767 CHAR);
 53    BEGIN
 54  	 l_border      := otap_util.get_config_number(otap_util.CFG_DEFAULT_BORDER);
 55  	 l_layout      := otap_string.check_layout(otap_util.get_config_value(otap_util.CFG_DEFAULT_LAYOUT, p_language_id));
 56  	 l_string      := NVL(p_string, ' ');
 57  	 l_string_size := otap_string.check_string_size(LENGTH(l_string));
 58  	 -- limit the string if necessary
 59  	 l_string      := otap_string.reduce(l_string, l_string_size);
 60  	 -- get final title length
 61  	 l_string_size := NVL(LENGTH(l_string), 0);
 62  	 l_min_fill    := GREATEST(NVL(p_min_fill, otap_constants.OTAP_NUM_MIN_FILL_LENGTH), l_string_size);
 63  	 l_return_text := otap_string.borderless(l_string, l_min_fill, l_layout);
 64  	 RETURN l_return_text;
 65    EXCEPTION
 66  	 WHEN OTHERS THEN
 67  	   otap_log.log(SQLERRM, 'otap_report.borderless', 'Create borderless report line');
 68  	   RAISE;
 69    END borderless;
 70  
 71    FUNCTION get_report_header( p_min_fill	 IN INTEGER  DEFAULT otap_constants.OTAP_NUM_MIN_FILL_LENGTH
 72  				 , p_language_id IN VARCHAR2 DEFAULT otap_constants.OTAP_INTERNAL_NA
 73  				 )
 74  	 RETURN VARCHAR2
 75    IS
 76  	 l_return_text VARCHAR2(32767 CHAR);
 77    BEGIN
 78  	 l_return_text := otap_report.decorate( otap_util.get_config_value(otap_util.CFG_TEXT_REPORT_START, p_language_id)
 79  					      , GREATEST(NVL(p_min_fill, otap_constants.OTAP_NUM_MIN_FILL_LENGTH), otap_util.get_length_headers(p_language_id))
 80  					      , otap_util.get_config_value(otap_util.CFG_FORMAT_HEADER_CHAR, p_language_id)
 81  					      , p_language_id
 82  					      )
 83  	 ;
 84  	 RETURN l_return_text;
 85    EXCEPTION
 86  	 WHEN OTHERS THEN
 87  	   otap_log.log(SQLERRM, 'otap_report.get_report_header', 'Create report header');
 88  	   RAISE;
 89    END get_report_header;
 90  
 91    FUNCTION get_report_total( p_min_fill	IN INTEGER  DEFAULT otap_constants.OTAP_NUM_MIN_FILL_LENGTH
 92  				, p_language_id IN VARCHAR2 DEFAULT otap_constants.OTAP_INTERNAL_NA
 93  				)
 94  	 RETURN VARCHAR2
 95    IS
 96  	 l_return_text VARCHAR2(32767 CHAR);
 97    BEGIN
 98  	 l_return_text := otap_report.decorate( otap_util.get_config_value(otap_util.CFG_TEXT_REPORT_TOTAL, p_language_id)
 99  					      , GREATEST(NVL(p_min_fill, otap_constants.OTAP_NUM_MIN_FILL_LENGTH), otap_util.get_length_headers(p_language_id))
100  					      , otap_util.get_config_value(otap_util.CFG_FORMAT_HEADER_CHAR, p_language_id)
101  					      , p_language_id
102  					      )
103  	 ;
104  	 RETURN l_return_text;
105    EXCEPTION
106  	 WHEN OTHERS THEN
107  	   otap_log.log(SQLERRM, 'otap_report.get_report_total', 'Create report totals header');
108  	   RAISE;
109    END get_report_total;
110  
111    FUNCTION get_report_total_details( p_sets	 IN INTEGER  DEFAULT 0
112  					, p_groups	 IN INTEGER  DEFAULT 0
113  					, p_names	 IN INTEGER  DEFAULT 0
114  					, p_descriptions IN INTEGER  DEFAULT 0
115  					, p_min_fill	 IN INTEGER  DEFAULT otap_constants.OTAP_NUM_MIN_FILL_LENGTH
116  					, p_language_id  IN VARCHAR2 DEFAULT otap_constants.OTAP_INTERNAL_NA
117  					)
118  	 RETURN VARCHAR2
119    IS
120  	 l_return_text	 VARCHAR2(32767 CHAR);
121  	 l_template_text VARCHAR2(32767 CHAR);
122    BEGIN
123  	 -- fetch template: 'sets: @sets@ groups: @groups@ names: @names@ descriptions: @descs@'
124  	 l_template_text := otap_util.get_config_value(otap_util.CFG_TEMPLATE_REPORT_TOTAL);
125  	 -- replace variables
126  	 l_template_text := REPLACE(l_template_text, '@sets@', TRIM(TO_CHAR(NVL(p_sets, 0))));
127  	 l_template_text := REPLACE(l_template_text, '@groups@', TRIM(TO_CHAR(NVL(p_groups, 0))));
128  	 l_template_text := REPLACE(l_template_text, '@names@', TRIM(TO_CHAR(NVL(p_names, 0))));
129  	 l_template_text := REPLACE(l_template_text, '@descs@', TRIM(TO_CHAR(NVL(p_descriptions, 0))));
130  	 -- get borderless
131  	 l_return_text := otap_report.borderless( l_template_text
132  						, GREATEST(NVL(p_min_fill, otap_constants.OTAP_NUM_MIN_FILL_LENGTH), NVL(LENGTH(l_template_text), 0), otap_util.get_length_headers(p_language_id))
133  						, p_language_id
134  						)
135  	 ;
136  	 RETURN l_return_text;
137    EXCEPTION
138  	 WHEN OTHERS THEN
139  	   otap_log.log(SQLERRM, 'otap_report.get_report_total_details', 'Report totals template replacement');
140  	   RAISE;
141    END get_report_total_details;
142  
143    FUNCTION get_report_footer( p_min_fill	 IN INTEGER  DEFAULT otap_constants.OTAP_NUM_MIN_FILL_LENGTH
144  				 , p_language_id IN VARCHAR2 DEFAULT otap_constants.OTAP_INTERNAL_NA
145  				 )
146  	 RETURN VARCHAR2
147    IS
148  	 l_return_text VARCHAR2(32767 CHAR);
149    BEGIN
150  	 l_return_text := otap_report.decorate( otap_util.get_config_value(otap_util.CFG_TEXT_REPORT_END, p_language_id)
151  					      , GREATEST(NVL(p_min_fill, otap_constants.OTAP_NUM_MIN_FILL_LENGTH), otap_util.get_length_headers(p_language_id))
152  					      , otap_util.get_config_value(otap_util.CFG_FORMAT_HEADER_CHAR, p_language_id)
153  					      , p_language_id
154  					      )
155  	 ;
156  	 RETURN l_return_text;
157    EXCEPTION
158  	 WHEN OTHERS THEN
159  	   otap_log.log(SQLERRM, 'otap_report.get_report_footer', 'Create report footer');
160  	   RAISE;
161    END get_report_footer;
162  
163    FUNCTION get_result_header( p_min_fill	 IN INTEGER  DEFAULT otap_constants.OTAP_NUM_MIN_FILL_LENGTH
164  				 , p_language_id IN VARCHAR2 DEFAULT otap_constants.OTAP_INTERNAL_NA
165  				 )
166  	 RETURN VARCHAR2
167    IS
168  	 l_return_text VARCHAR2(32767 CHAR);
169    BEGIN
170  	 l_return_text := otap_report.borderless( otap_util.get_config_value(otap_util.CFG_TEXT_RESULT_HEADER, p_language_id)
171  						, GREATEST(NVL(p_min_fill, otap_constants.OTAP_NUM_MIN_FILL_LENGTH), otap_util.get_length_result_headers(p_language_id))
172  						, p_language_id
173  						)
174  	 ;
175  	 RETURN l_return_text;
176    EXCEPTION
177  	 WHEN OTHERS THEN
178  	   otap_log.log(SQLERRM, 'otap_report.get_result_header', 'Create result header');
179  	   RAISE;
180    END get_result_header;
181  
182    FUNCTION get_result_underline( p_min_fill    IN INTEGER	DEFAULT otap_constants.OTAP_NUM_MIN_FILL_LENGTH
183  				    , p_language_id IN VARCHAR2 DEFAULT otap_constants.OTAP_INTERNAL_NA
184  				    )
185  	 RETURN VARCHAR2
186    IS
187  	 l_return_text VARCHAR2(32767 CHAR);
188    BEGIN
189  	 l_return_text := otap_report.borderless( otap_util.get_config_value(otap_util.CFG_TEXT_RESULT_LINE, p_language_id)
190  						, GREATEST(NVL(p_min_fill, otap_constants.OTAP_NUM_MIN_FILL_LENGTH), otap_util.get_length_result_headers(p_language_id))
191  						, p_language_id
192  						)
193  	 ;
194  	 RETURN l_return_text;
195    EXCEPTION
196  	 WHEN OTHERS THEN
197  	   otap_log.log(SQLERRM, 'otap_report.get_result_underline', 'otap_util.get_config_value(otap_util.CFG_TEXT_RESULT_LINE)');
198  	   RAISE;
199    END get_result_underline;
200  
201    FUNCTION get_test_count_header( p_min_fill    IN INTEGER  DEFAULT otap_constants.OTAP_NUM_MIN_FILL_LENGTH
202  				     , p_language_id IN VARCHAR2 DEFAULT otap_constants.OTAP_INTERNAL_NA
203  				     )
204  	 RETURN VARCHAR2
205    IS
206  	 l_return_text VARCHAR2(32767 CHAR);
207    BEGIN
208  	 l_return_text := otap_report.decorate( otap_util.get_config_value(otap_util.CFG_TEXT_TEST_SETUP_SET, p_language_id)
209  					      , GREATEST(NVL(p_min_fill, otap_constants.OTAP_NUM_MIN_FILL_LENGTH), otap_util.get_length_headers(p_language_id))
210  					      , otap_util.get_config_value(otap_util.CFG_FORMAT_HEADER_CHAR, p_language_id)
211  					      , p_language_id
212  					      )
213  	 ;
214  	 RETURN l_return_text;
215    EXCEPTION
216  	 WHEN OTHERS THEN
217  	   otap_log.log(SQLERRM, 'otap_report.get_test_count_header', 'Create test count header');
218  	   RAISE;
219    END get_test_count_header;
220  
221    FUNCTION get_summary_header( p_min_fill	  IN INTEGER  DEFAULT otap_constants.OTAP_NUM_MIN_FILL_LENGTH
222  				  , p_language_id IN VARCHAR2 DEFAULT otap_constants.OTAP_INTERNAL_NA
223  				  )
224  	 RETURN VARCHAR2
225    IS
226  	 l_return_text VARCHAR2(32767 CHAR);
227    BEGIN
228  	 l_return_text := otap_report.borderless( otap_util.get_config_value(otap_util.CFG_TEXT_SUMMARY_HEADER, p_language_id)
229  						, GREATEST(NVL(p_min_fill, otap_constants.OTAP_NUM_MIN_FILL_LENGTH), otap_util.get_length_result_headers(p_language_id))
230  						, p_language_id
231  						)
232  	 ;
233  	 RETURN l_return_text;
234    EXCEPTION
235  	 WHEN OTHERS THEN
236  	   otap_log.log(SQLERRM, 'otap_report.get_summary_header', 'otap_util.get_config_value(otap_util.CFG_TEXT_SUMMARY_HEADER)');
237  	   RAISE;
238    END get_summary_header;
239  
240    FUNCTION get_summary( p_status	   IN VARCHAR2 DEFAULT otap_constants.OTAP_FALLBACK_TEXT_TEST_UNDEFINED
241  			   , p_runtime	   IN VARCHAR2 DEFAULT otap_constants.OTAP_INTERNAL_NA
242  			   , p_exectime    IN VARCHAR2 DEFAULT otap_constants.OTAP_INTERNAL_NA
243  			   , p_runs	   IN NUMBER   DEFAULT 0
244  			   , p_errors	   IN NUMBER   DEFAULT 0
245  			   , p_issues	   IN NUMBER   DEFAULT 0
246  			   , p_min_fill    IN INTEGER  DEFAULT otap_constants.OTAP_NUM_MIN_FILL_LENGTH
247  			   , p_language_id IN VARCHAR2 DEFAULT otap_constants.OTAP_INTERNAL_NA
248  			   )
249  	 RETURN VARCHAR2
250    IS
251  	 l_return_text	 VARCHAR2(32767 CHAR);
252  	 l_template_text VARCHAR2(32767 CHAR);
253  	 l_fallback	 VARCHAR2(4000 CHAR);
254  	 l_fmt_text	 VARCHAR2(4000 CHAR);
255  	 l_runtime	 VARCHAR2(128 CHAR);
256  	 l_exectime	 VARCHAR2(128 CHAR);
257  	 l_layout	 VARCHAR2(1 CHAR);
258  	 l_fmt_len	 INTEGER;
259  	 l_time_len	 INTEGER;
260    BEGIN
261  	 -- fetch template
262  	 l_template_text := otap_util.get_config_value(otap_util.CFG_TEMPLATE_SUMMARY, p_language_id);
263  	 -- replace variables and format them before USE TEST_PASSED (also undefined) delete SUMMARY text
264  	 l_fallback := otap_util.get_config_value(otap_util.CFG_TEXT_TEST_UNDEFINED, p_language_id);
265  	 l_layout   := otap_util.get_config_value(otap_util.CFG_DEFAULT_LAYOUT, p_language_id);
266  	 l_fmt_len  := otap_util.get_length_test_state(p_language_id);
267  	 l_fmt_text := NVL(p_status, l_fallback);
268  	 l_time_len := otap_util.interval_size;
269  	 IF l_layout = otap_constants.OTAP_LAYOUT_RIGHT
270  	 THEN
271  	   l_fmt_text := LPAD(l_fmt_text, l_fmt_len, ' ');
272  	   l_runtime  := LPAD(NVL(p_runtime, otap_constants.OTAP_INTERNAL_NA), l_time_len, ' ');
273  	   l_exectime := LPAD(NVL(p_exectime, otap_constants.OTAP_INTERNAL_NA), l_time_len, ' ');
274  	 ELSE
275  	   l_fmt_text := RPAD(l_fmt_text, l_fmt_len, ' ');
276  	   l_runtime  := RPAD(NVL(p_runtime, otap_constants.OTAP_INTERNAL_NA), l_time_len, ' ');
277  	   l_exectime := RPAD(NVL(p_exectime, otap_constants.OTAP_INTERNAL_NA), l_time_len, ' ');
278  	 END IF;
279  	 l_template_text := REPLACE(l_template_text, '@status@', l_fmt_text);
280  	 l_template_text := REPLACE(l_template_text, '@runtime@', l_runtime);
281  	 l_template_text := REPLACE(l_template_text, '@exectime@', l_exectime);
282  	 l_template_text := REPLACE(l_template_text, '@runs@', NVL(TRIM(TO_CHAR(p_runs)), otap_constants.OTAP_INTERNAL_NA) );
283  	 l_template_text := REPLACE(l_template_text, '@errors@', NVL(TRIM(TO_CHAR(p_errors)), otap_constants.OTAP_INTERNAL_NA));
284  	 l_template_text := REPLACE(l_template_text, '@issues@', NVL(TRIM(TO_CHAR(p_issues)), otap_constants.OTAP_INTERNAL_NA));
285  	 -- get borderless
286  	 l_return_text := otap_report.borderless( l_template_text
287  						, GREATEST(NVL(p_min_fill, otap_constants.OTAP_NUM_MIN_FILL_LENGTH), NVL(LENGTH(l_template_text), 0), otap_util.get_length_headers(p_language_id))
288  						, p_language_id
289  						)
290  	 ;
291  	 RETURN l_return_text;
292    EXCEPTION
293  	 WHEN OTHERS THEN
294  	   otap_log.log(SQLERRM, 'otap_report.get_summary', 'Summary template replacement');
295  	   RAISE;
296    END get_summary;
297  
298    FUNCTION get_error_result_header( p_test_name   IN VARCHAR2
299  				       , p_min_fill    IN INTEGER  DEFAULT otap_constants.OTAP_NUM_MIN_FILL_LENGTH
300  				       , p_language_id IN VARCHAR2 DEFAULT otap_constants.OTAP_INTERNAL_NA
301  				       )
302  	 RETURN VARCHAR2
303    IS
304  	 l_return_text	 VARCHAR2(32767 CHAR);
305  	 l_template_text VARCHAR2(32767 CHAR);
306    BEGIN
307  	 -- get and fill template
308  	 l_template_text := otap_util.get_config_value(otap_util.CFG_TEMPLATE_ERRORS, p_language_id);
309  	 l_template_text := REPLACE(l_template_text, '@testname@', NVL(p_test_name, otap_constants.OTAP_INTERNAL_NA));
310  	 -- get decorated
311  	 l_return_text := otap_report.decorate( l_template_text
312  					      , GREATEST(NVL(p_min_fill, otap_constants.OTAP_NUM_MIN_FILL_LENGTH), NVL(LENGTH(l_template_text), 0), otap_util.get_length_headers(p_language_id))
313  					      , otap_util.get_config_value(otap_util.CFG_FORMAT_NAME_CHAR, p_language_id)
314  					      , p_language_id
315  					      )
316  	 ;
317  	 RETURN l_return_text;
318    EXCEPTION
319  	 WHEN OTHERS THEN
320  	   otap_log.log(SQLERRM, 'otap_report.get_error_result_header', 'Build error result header by template');
321  	   RAISE;
322    END get_error_result_header;
323  
324    FUNCTION get_error_details( p_test_desc	 IN VARCHAR2 DEFAULT otap_constants.OTAP_INTERNAL_NA
325  				 , p_error_info  IN VARCHAR2 DEFAULT otap_constants.OTAP_INTERNAL_NA
326  				 , p_min_fill	 IN INTEGER  DEFAULT otap_constants.OTAP_NUM_MIN_FILL_LENGTH
327  				 , p_language_id IN VARCHAR2 DEFAULT otap_constants.OTAP_INTERNAL_NA
328  				 )
329  	 RETURN VARCHAR2
330    IS
331  	 l_return_text	 VARCHAR2(32767 CHAR);
332  	 l_template_text VARCHAR2(32767 CHAR);
333    BEGIN
334  	 -- get and fill template
335  	 l_template_text := otap_util.get_config_value(otap_util.CFG_TEMPLATE_ERROR_DETAILS, p_language_id);
336  	 l_template_text := REPLACE(l_template_text, '@testdesc@', NVL(p_test_desc, otap_constants.OTAP_INTERNAL_NA));
337  	 l_template_text := REPLACE(l_template_text, '@errorinfo@', NVL(p_error_info, otap_constants.OTAP_INTERNAL_NA));
338  	 -- get borderless
339  	 l_return_text := otap_report.borderless( l_template_text
340  						, GREATEST(NVL(p_min_fill, otap_constants.OTAP_NUM_MIN_FILL_LENGTH), NVL(LENGTH(l_template_text), 0), otap_util.get_length_headers(p_language_id))
341  						, p_language_id
342  						)
343  	 ;
344  	 RETURN l_return_text;
345    EXCEPTION
346  	 WHEN OTHERS THEN
347  	   otap_log.log(SQLERRM, 'otap_report.get_error_details', 'Build error detail row by template');
348  	   RAISE;
349    END get_error_details;
350  
351    FUNCTION get_no_data_text( p_session_id	IN NUMBER
352  				, p_min_fill	IN INTEGER  DEFAULT otap_constants.OTAP_NUM_MIN_FILL_LENGTH
353  				, p_language_id IN VARCHAR2 DEFAULT otap_constants.OTAP_INTERNAL_NA
354  				)
355  	 RETURN VARCHAR2
356    IS
357  	 l_return_text	 VARCHAR2(32767 CHAR);
358  	 l_template_text VARCHAR2(32767 CHAR);
359    BEGIN
360  	 -- get and fill template
361  	 l_template_text    := otap_util.get_config_value(otap_util.CFG_TEMPLATE_NO_DATA, p_language_id);
362  	 l_template_text    := REPLACE(l_template_text, '@sessionid@', NVL(TRIM(TO_CHAR(p_session_id)), otap_constants.OTAP_INTERNAL_NA));
363  	 -- get borderless
364  	 l_return_text := otap_report.borderless( l_template_text
365  						, GREATEST(NVL(p_min_fill, otap_constants.OTAP_NUM_MIN_FILL_LENGTH), NVL(LENGTH(l_template_text), 0), otap_util.get_length_headers(p_language_id))
366  						, p_language_id
367  						)
368  	 ;
369  	 RETURN l_return_text;
370    EXCEPTION
371  	 WHEN OTHERS THEN
372  	   otap_log.log(SQLERRM, 'otap_report.get_no_data_text', 'Build no data message by template');
373  	   RAISE;
374    END get_no_data_text;
375  
376    FUNCTION get_session_id_text( p_session_id  IN NUMBER
377  				   , p_min_fill    IN INTEGER  DEFAULT otap_constants.OTAP_NUM_MIN_FILL_LENGTH
378  				   , p_language_id IN VARCHAR2 DEFAULT otap_constants.OTAP_INTERNAL_NA
379  				   )
380  	 RETURN VARCHAR2
381    IS
382  	 l_return_text	 VARCHAR2(32767 CHAR);
383  	 l_template_text VARCHAR2(32767 CHAR);
384    BEGIN
385  	 -- get and fill template
386  	 l_template_text    := otap_util.get_config_value(otap_util.CFG_TEMPLATE_SESSION_ID, p_language_id);
387  	 l_template_text    := REPLACE(l_template_text, '@sessionid@', NVL(TRIM(TO_CHAR(p_session_id)), otap_constants.OTAP_INTERNAL_NA));
388  	 -- get borderless
389  	 l_return_text := otap_report.borderless( l_template_text
390  						, GREATEST(NVL(p_min_fill, otap_constants.OTAP_NUM_MIN_FILL_LENGTH), NVL(LENGTH(l_template_text), 0), otap_util.get_length_headers(p_language_id))
391  						, p_language_id
392  						)
393  	 ;
394  	 RETURN l_return_text;
395    EXCEPTION
396  	 WHEN OTHERS THEN
397  	   otap_log.log(SQLERRM, 'otap_report.get_session_id_text', 'Build session id message by template');
398  	   RAISE;
399    END get_session_id_text;
400  
401    FUNCTION get_set_text( p_test_set    IN VARCHAR2
402  			    , p_min_fill    IN INTEGER	DEFAULT otap_constants.OTAP_NUM_MIN_FILL_LENGTH
403  			    , p_language_id IN VARCHAR2 DEFAULT otap_constants.OTAP_INTERNAL_NA
404  			    )
405  	 RETURN VARCHAR2
406    IS
407  	 l_return_text	 VARCHAR2(32767 CHAR);
408  	 l_template_text VARCHAR2(32767 CHAR);
409    BEGIN
410  	 -- get and fill template
411  	 l_template_text := otap_util.get_config_value(otap_util.CFG_TEMPLATE_SET, p_language_id);
412  	 l_template_text := REPLACE(l_template_text, '@testset@', NVL(TRIM(p_test_set), otap_constants.OTAP_INTERNAL_NA));
413  	 -- get decorated
414  	 l_return_text := otap_report.decorate( l_template_text
415  					      , GREATEST(NVL(p_min_fill, otap_constants.OTAP_NUM_MIN_FILL_LENGTH), NVL(LENGTH(l_template_text), 0), otap_util.get_length_headers(p_language_id))
416  					      , otap_util.get_config_value(otap_util.CFG_FORMAT_SET_CHAR, p_language_id)
417  					      , p_language_id
418  					      )
419  	 ;
420  	 RETURN l_return_text;
421    EXCEPTION
422  	 WHEN OTHERS THEN
423  	   otap_log.log(SQLERRM, 'otap_report.get_set_text', 'Build test set message by template');
424  	   RAISE;
425    END get_set_text;
426  
427    FUNCTION get_group_text( p_test_group  IN VARCHAR2
428  			      , p_min_fill    IN INTEGER  DEFAULT otap_constants.OTAP_NUM_MIN_FILL_LENGTH
429  			      , p_language_id IN VARCHAR2 DEFAULT otap_constants.OTAP_INTERNAL_NA
430  			      )
431  	 RETURN VARCHAR2
432    IS
433  	 l_return_text	 VARCHAR2(32767 CHAR);
434  	 l_template_text VARCHAR2(32767 CHAR);
435    BEGIN
436  	 -- get and fill template
437  	 l_template_text := otap_util.get_config_value(otap_util.CFG_TEMPLATE_GROUP, p_language_id);
438  	 l_template_text := REPLACE(l_template_text, '@testgroup@', NVL(TRIM(p_test_group), otap_constants.OTAP_INTERNAL_NA));
439  	 -- get decorated
440  	 l_return_text := otap_report.decorate( l_template_text
441  					      , GREATEST(NVL(p_min_fill, otap_constants.OTAP_NUM_MIN_FILL_LENGTH), NVL(LENGTH(l_template_text), 0), otap_util.get_length_headers(p_language_id))
442  					      , otap_util.get_config_value(otap_util.CFG_FORMAT_GROUP_CHAR, p_language_id)
443  					      , p_language_id
444  					      )
445  	 ;
446  	 RETURN l_return_text;
447    EXCEPTION
448  	 WHEN OTHERS THEN
449  	   otap_log.log(SQLERRM, 'otap_report.get_group_text', 'Build test group message by template');
450  	   RAISE;
451    END get_group_text;
452  
453    FUNCTION get_test_name_text( p_test_name   IN VARCHAR2
454  				  , p_min_fill	  IN INTEGER  DEFAULT otap_constants.OTAP_NUM_MIN_FILL_LENGTH
455  				  , p_language_id IN VARCHAR2 DEFAULT otap_constants.OTAP_INTERNAL_NA
456  				  )
457  	 RETURN VARCHAR2
458    IS
459  	 l_return_text	 VARCHAR2(32767 CHAR);
460  	 l_template_text VARCHAR2(32767 CHAR);
461    BEGIN
462  	 -- get and fill template
463  	 l_template_text := otap_util.get_config_value(otap_util.CFG_TEMPLATE_TEST_NAME, p_language_id);
464  	 l_template_text := REPLACE(l_template_text, '@testname@', NVL(TRIM(p_test_name), otap_constants.OTAP_INTERNAL_NA));
465  	 -- get decorated
466  	 l_return_text := otap_report.decorate( l_template_text
467  					      , GREATEST(NVL(p_min_fill, otap_constants.OTAP_NUM_MIN_FILL_LENGTH), NVL(LENGTH(l_template_text), 0), otap_util.get_length_headers(p_language_id))
468  					      , otap_util.get_config_value(otap_util.CFG_FORMAT_NAME_CHAR, p_language_id)
469  					      , p_language_id
470  					      )
471  	 ;
472  	 RETURN l_return_text;
473    EXCEPTION
474  	 WHEN OTHERS THEN
475  	   otap_log.log(SQLERRM, 'otap_report.get_test_name_text', 'Build test name message by template');
476  	   RAISE;
477    END get_test_name_text;
478  
479    FUNCTION get_result_line( p_test_state  IN VARCHAR2 DEFAULT otap_constants.OTAP_FALLBACK_TEXT_TEST_UNDEFINED
480  			       , p_issue_state IN VARCHAR2 DEFAULT otap_constants.OTAP_FALLBACK_TEXT_TEST_UNDEFINED
481  			       , p_runtime     IN VARCHAR2 DEFAULT otap_constants.OTAP_INTERNAL_NA
482  			       , p_test_desc   IN VARCHAR2 DEFAULT otap_constants.OTAP_INTERNAL_NA
483  			       , p_min_fill    IN INTEGER  DEFAULT otap_constants.OTAP_NUM_MIN_FILL_LENGTH
484  			       , p_language_id IN VARCHAR2 DEFAULT otap_constants.OTAP_INTERNAL_NA
485  			       )
486  	 RETURN VARCHAR2
487    IS
488  	 l_return_text	 VARCHAR2(32767 CHAR);
489  	 l_template_text VARCHAR2(32767 CHAR);
490  	 l_test_state	 VARCHAR2(32767 CHAR);
491  	 l_issue_state	 VARCHAR2(32767 CHAR);
492  	 l_runtime	 VARCHAR2(32767 CHAR);
493  	 l_desc 	 VARCHAR2(32767 CHAR);
494  	 l_runtime_len	 INTEGER;
495  	 l_desc_len	 INTEGER;
496    BEGIN
497  	 -- get and prepare template
498  	 l_runtime_len := otap_util.interval_size;
499  	 l_desc_len    := NVL(p_min_fill, otap_constants.OTAP_NUM_MIN_FILL_LENGTH) - ((2 * otap_util.get_length_test_state(p_language_id)) + l_runtime_len + 3);
500  	 IF l_desc_len <= 0
501  	 THEN
502  	   -- wrong configuration, use a default, display will be not correct but possible
503  	   l_desc_len := otap_constants.OTAP_NUM_MIN_FILL_LENGTH;
504  	 END IF;
505  	 -- states must be padded to max state size for correct formatting and consider the layout
506  	 IF otap_util.get_config_value(otap_util.CFG_DEFAULT_LAYOUT) = otap_constants.OTAP_LAYOUT_RIGHT
507  	 THEN
508  	   l_test_state  := otap_string.cut(LPAD(NVL(p_test_state, otap_constants.OTAP_INTERNAL_NA), otap_util.get_length_test_state(p_language_id), ' '), otap_util.get_length_test_state(p_language_id));
509  	   l_issue_state := otap_string.cut(LPAD(NVL(p_issue_state, otap_constants.OTAP_INTERNAL_NA), otap_util.get_length_test_state(p_language_id), ' '), otap_util.get_length_test_state(p_language_id));
510  	   l_runtime	 := otap_string.cut(LPAD(NVL(p_runtime, otap_constants.OTAP_INTERNAL_NA), l_runtime_len, ' '), l_runtime_len);
511  	   l_desc	 := otap_string.cut(LPAD(NVL(p_test_desc, otap_constants.OTAP_INTERNAL_NA), l_desc_len, ' '), l_desc_len);
512  	 ELSE
513  	   -- treat middle and left the same way
514  	   l_test_state  := otap_string.cut(RPAD(NVL(p_test_state, otap_constants.OTAP_INTERNAL_NA), otap_util.get_length_test_state(p_language_id), ' '), otap_util.get_length_test_state(p_language_id));
515  	   l_issue_state := otap_string.cut(RPAD(NVL(p_issue_state, otap_constants.OTAP_INTERNAL_NA), otap_util.get_length_test_state(p_language_id), ' '), otap_util.get_length_test_state(p_language_id));
516  	   l_runtime	 := otap_string.cut(RPAD(NVL(p_runtime, otap_constants.OTAP_INTERNAL_NA), l_runtime_len, ' '), l_runtime_len);
517  	   l_desc	 := otap_string.cut(RPAD(NVL(p_test_desc, otap_constants.OTAP_INTERNAL_NA), l_desc_len, ' '), l_desc_len);
518  	 END IF;
519  	 l_template_text := otap_util.get_config_value(otap_util.CFG_TEMPLATE_RESULT_LINE, p_language_id);
520  	 l_template_text := REPLACE(l_template_text, '@teststate@', l_test_state);
521  	 l_template_text := REPLACE(l_template_text, '@issuestate@', l_issue_state);
522  	 l_template_text := REPLACE(l_template_text, '@runtime@', l_runtime);
523  	 l_template_text := REPLACE(l_template_text, '@testdesc@', l_desc);
524  	 -- get borderless
525  	 l_return_text := otap_report.borderless( l_template_text
526  						, GREATEST(NVL(p_min_fill, otap_constants.OTAP_NUM_MIN_FILL_LENGTH), NVL(LENGTH(l_template_text), 0), otap_util.get_length_headers(p_language_id))
527  						, p_language_id
528  						)
529  	 ;
530  	 RETURN l_return_text;
531    EXCEPTION
532  	 WHEN OTHERS THEN
533  	   otap_log.log(SQLERRM, 'otap_report.get_result_line', 'Build result line by template');
534  	   RAISE;
535    END get_result_line;
536  
537    FUNCTION get_count_desc( p_tests_run	  IN INTEGER  DEFAULT 0
538  			      , p_tests_expected  IN INTEGER  DEFAULT 0
539  			      , p_language_id	  IN VARCHAR2 DEFAULT otap_constants.OTAP_INTERNAL_NA
540  			      )
541  	 RETURN VARCHAR2
542    IS
543  	 l_return_text	 VARCHAR2(32767 CHAR);
544    BEGIN
545  	 -- get and fill template
546  	 l_return_text := otap_util.get_config_value(otap_util.CFG_TEMPLATE_COUNT_DESC, p_language_id);
547  	 l_return_text := REPLACE(l_return_text, '@testsrun@', TRIM(TO_CHAR(NVL(p_tests_run, 0))));
548  	 l_return_text := REPLACE(l_return_text, '@testsexpected@', TRIM(TO_CHAR(NVL(p_tests_expected, 0))));
549  	 RETURN l_return_text;
550    EXCEPTION
551  	 WHEN OTHERS THEN
552  	   otap_log.log(SQLERRM, 'otap_report.get_count_desc', 'Build test count result by template');
553  	   RAISE;
554    END get_count_desc;
555  
556    FUNCTION get_separator_line( p_char	  IN VARCHAR2 DEFAULT otap_constants.OTAP_FALLBACK_FORMAT_NAME_CHAR
557  				  , p_min_fill	  IN INTEGER  DEFAULT otap_constants.OTAP_NUM_MIN_FILL_LENGTH
558  				  , p_language_id IN VARCHAR2 DEFAULT otap_constants.OTAP_INTERNAL_NA
559  				  )
560  	 RETURN VARCHAR2
561    IS
562  	 l_char        VARCHAR2(1 CHAR);
563  	 l_return_text VARCHAR2(32767 CHAR);
564  	 l_line        otap_config.config_value%TYPE;
565    BEGIN
566  	 l_char := otap_string.check_decoration(p_char);
567  	 l_return_text := otap_report.decorate( NULL
568  					      , GREATEST(NVL(p_min_fill, otap_constants.OTAP_NUM_MIN_FILL_LENGTH), otap_util.get_length_headers(p_language_id))
569  					      , l_char
570  					      , p_language_id
571  					      )
572  	 ;
573  	 RETURN l_return_text;
574    EXCEPTION
575  	 WHEN OTHERS THEN
576  	   otap_log.log(SQLERRM, 'otap_report.get_separator_line', 'Build separator line');
577  	   RAISE;
578    END get_separator_line;
579  
580    FUNCTION get_exists_msg( p_object_name IN VARCHAR2 DEFAULT otap_constants.OTAP_INTERNAL_NA
581  			      , p_schema_name IN VARCHAR2 DEFAULT otap_constants.OTAP_INTERNAL_NA
582  			      , p_object_type IN VARCHAR2 DEFAULT NULL
583  			      , p_sub_object  IN VARCHAR2 DEFAULT NULL
584  			      , p_test_desc   IN VARCHAR2 DEFAULT NULL
585  			      , p_language_id IN VARCHAR2 DEFAULT otap_constants.OTAP_INTERNAL_NA
586  			      )
587  	 RETURN VARCHAR2
588    IS
589  	 l_template_text VARCHAR2(32767 CHAR); -- '@type@ @object@ exists check (@schema@)'
590    BEGIN
591  	 IF p_sub_object IS NOT NULL
592  	 THEN
593  	   l_template_text := otap_util.build_msg( p_cfg_template => otap_util.CFG_TEMPLATE_EXISTSX
594  						 , p_type_label => p_object_type
595  						 , p_param1 => '@object@'
596  						 , p_param1_value => p_object_name
597  						 , p_param2 => '@schema@'
598  						 , p_param2_value => p_schema_name
599  						 , p_param3 => '@subobject@'
600  						 , p_param3_value => p_sub_object
601  						 , p_description => p_test_desc
602  						 , p_language_id => p_language_id
603  						 )
604  	   ;
605  	 ELSE
606  	   l_template_text := otap_util.build_msg( p_cfg_template => otap_util.CFG_TEMPLATE_EXISTS
607  						 , p_type_label => p_object_type
608  						 , p_param1 => '@object@'
609  						 , p_param1_value => p_object_name
610  						 , p_param2 => '@schema@'
611  						 , p_param2_value => p_schema_name
612  						 , p_description => p_test_desc
613  						 , p_language_id => p_language_id
614  						 )
615  	   ;
616  	 END IF;
617  	 RETURN l_template_text;
618    EXCEPTION
619  	 WHEN OTHERS THEN
620  	   otap_log.log(SQLERRM, 'otap_report.get_exists_msg', 'Build exists result message');
621  	   RAISE;
622    END get_exists_msg;
623  
624    FUNCTION get_exists_c_msg( p_table_name	IN VARCHAR2 DEFAULT otap_constants.OTAP_INTERNAL_NA
625  				, p_schema_name IN VARCHAR2 DEFAULT otap_constants.OTAP_INTERNAL_NA
626  				, p_cons_type	IN VARCHAR2 DEFAULT NULL
627  				, p_column	IN VARCHAR2 DEFAULT NULL
628  				, p_constraint	IN VARCHAR2 DEFAULT NULL
629  				, p_test_desc	IN VARCHAR2 DEFAULT NULL
630  				, p_language_id IN VARCHAR2 DEFAULT otap_constants.OTAP_INTERNAL_NA
631  				)
632  	 RETURN VARCHAR2
633    IS
634  	 l_template_text VARCHAR2(32767 CHAR);
635  	 -- '@ctype@ @type@ @cname@ for @otype@ @object@ exists check (@schema@)'
636  	 -- '@ctype@ @type@ @cname@ for @otype@ @object@.@subobject@ exists check (@schema@)'
637    BEGIN
638  	 IF p_column IS NOT NULL
639  	 THEN
640  	   l_template_text := otap_util.build_msg( p_cfg_template => otap_util.CFG_TEMPLATE_EXISTS_CX
641  						 , p_type_label => otap_util.CFG_LABEL_CONSTRAINT
642  						 , p_param1 => '@object@'
643  						 , p_param1_value => p_table_name
644  						 , p_param2 => '@schema@'
645  						 , p_param2_value => p_schema_name
646  						 , p_param3 => '@subobject@'
647  						 , p_param3_value => p_column
648  						 , p_param4 => '@ctype@'
649  						 , p_param4_value => otap_util.get_config_value(p_cons_type)
650  						 , p_param5 => '@otype@'
651  						 , p_param5_value => otap_util.get_config_value(otap_util.CFG_LABEL_COLUMN)
652  						 , p_param6n => '@cname@'
653  						 , p_param6n_value => p_constraint
654  						 , p_description => p_test_desc
655  						 , p_language_id => p_language_id
656  						 )
657  	   ;
658  	 ELSE
659  	   l_template_text := otap_util.build_msg( p_cfg_template => otap_util.CFG_TEMPLATE_EXISTS_C
660  						 , p_type_label => otap_util.CFG_LABEL_CONSTRAINT
661  						 , p_param1 => '@object@'
662  						 , p_param1_value => p_table_name
663  						 , p_param2 => '@schema@'
664  						 , p_param2_value => p_schema_name
665  						 , p_param3 => '@ctype@'
666  						 , p_param3_value => otap_util.get_config_value(p_cons_type)
667  						 , p_param4 => '@otype@'
668  						 , p_param4_value => otap_util.get_config_value(otap_util.CFG_LABEL_TABLE)
669  						 , p_param6n => '@cname@'
670  						 , p_param6n_value => p_constraint
671  						 , p_description => p_test_desc
672  						 , p_language_id => p_language_id
673  						 )
674  	   ;
675  	 END IF;
676  	 RETURN l_template_text;
677    EXCEPTION
678  	 WHEN OTHERS THEN
679  	   otap_log.log(SQLERRM, 'otap_report.get_exists_c_msg', 'Build constraint exists result message');
680  	   RAISE;
681    END get_exists_c_msg;
682  
683    FUNCTION get_exists_f_msg( p_schema_name     IN VARCHAR2 DEFAULT otap_constants.OTAP_INTERNAL_NA
684  				, p_check_object    IN VARCHAR2 DEFAULT NULL
685  				, p_check_type	    IN VARCHAR2 DEFAULT NULL
686  				, p_rel_object_type IN VARCHAR2 DEFAULT NULL
687  				, p_rel_object	    IN VARCHAR2 DEFAULT NULL
688  				, p_rel_subobject   IN VARCHAR2 DEFAULT NULL
689  				, p_test_desc	    IN VARCHAR2 DEFAULT NULL
690  				, p_language_id     IN VARCHAR2 DEFAULT otap_constants.OTAP_INTERNAL_NA
691  				)
692  	 RETURN VARCHAR2
693    IS
694  	 l_template_text VARCHAR2(32767 CHAR);
695  	 -- '@type@ @name@ for @otype@ @object@.@subobject@ exists check (@schema@)'
696    BEGIN
697  	 IF	p_rel_object	IS NOT NULL
698  	    AND p_rel_subobject IS NOT NULL
699  	 THEN
700  	   l_template_text := otap_util.build_msg( p_cfg_template => otap_util.CFG_TEMPLATE_EXISTS_FX
701  						 , p_type_label => p_check_type
702  						 , p_param1 => '@otype@'
703  						 , p_param1_value => otap_util.get_config_value(p_rel_object_type)
704  						 , p_param2 => '@schema@'
705  						 , p_param2_value => p_schema_name
706  						 , p_param3 => '@object@'
707  						 , p_param3_value => p_rel_object
708  						 , p_param4 => '@subobject@'
709  						 , p_param4_value => p_rel_subobject
710  						 , p_param6n => '@name@'
711  						 , p_param6n_value => p_check_object
712  						 , p_description => p_test_desc
713  						 , p_language_id => p_language_id
714  						 )
715  	   ;
716  	 ELSE
717  	   IF p_rel_object IS NOT NULL
718  	   THEN
719  	     l_template_text := otap_util.build_msg( p_cfg_template => otap_util.CFG_TEMPLATE_EXISTS_F
720  						   , p_type_label => p_check_type
721  						   , p_param1 => '@otype@'
722  						   , p_param1_value => otap_util.get_config_value(p_rel_object_type)
723  						   , p_param2 => '@schema@'
724  						   , p_param2_value => p_schema_name
725  						   , p_param3 => '@object@'
726  						   , p_param3_value => p_rel_object
727  						   , p_param6n => '@name@'
728  						   , p_param6n_value => p_check_object
729  						   , p_description => p_test_desc
730  						   , p_language_id => p_language_id
731  						   )
732  	     ;
733  	   ELSE
734  	     l_template_text := otap_util.build_msg( p_cfg_template => otap_util.CFG_TEMPLATE_EXISTS
735  						   , p_type_label => p_check_type
736  						   , p_param1 => '@object@'
737  						   , p_param1_value => p_check_object
738  						   , p_param2 => '@schema@'
739  						   , p_param2_value => p_schema_name
740  						   , p_description => p_test_desc
741  						   , p_language_id => p_language_id
742  						   )
743  	     ;
744  	   END IF;
745  	 END IF;
746  	 RETURN l_template_text;
747    EXCEPTION
748  	 WHEN OTHERS THEN
749  	   otap_log.log(SQLERRM, 'otap_report.get_exists_f_msg', 'Build related object exists result message');
750  	   RAISE;
751    END get_exists_f_msg;
752  
753    FUNCTION get_match_msg( p_match_type  IN VARCHAR2 DEFAULT otap_constants.OTAP_INTERNAL_NA
754  			     , p_match_data  IN VARCHAR2 DEFAULT otap_constants.OTAP_INTERNAL_NA
755  			     , p_test_desc   IN VARCHAR2 DEFAULT NULL
756  			     , p_language_id IN VARCHAR2 DEFAULT otap_constants.OTAP_INTERNAL_NA
757  			     )
758  	 RETURN VARCHAR2
759    IS
760  	 l_template_text VARCHAR2(32767 CHAR); -- '@type@ match (@data@)'
761    BEGIN
762  	 l_template_text := otap_util.build_msg( p_cfg_template => otap_util.CFG_TEMPLATE_MATCH
763  					       , p_type_label => p_match_type
764  					       , p_param1 => '@data@'
765  					       , p_param1_value => p_match_data
766  					       , p_description => p_test_desc
767  					       , p_language_id => p_language_id
768  					       )
769  	 ;
770  	 RETURN l_template_text;
771    EXCEPTION
772  	 WHEN OTHERS THEN
773  	   otap_log.log(SQLERRM, 'otap_report.get_match_msg', 'Build match compare result message');
774  	   RAISE;
775    END get_match_msg;
776  
777  END;
778  /

Package body created.

SQL> @@../otap_ddl/packages/otap_objects.pks
SQL> -- (C) 2024 Michael Lindenau licensed via https://www.gnu.org/licenses/agpl-3.0.txt
SQL> -- and https://toent.ch/licenses/AI_DISCLOSURE_LICENSE_V1
SQL> -- Not allowed to be used as AI training material without explicite permission.
SQL> -- Basic package that provides management functions and procedures for otap object types.
SQL> CREATE OR REPLACE PACKAGE otap_objects
  2  AS
  3    /**
  4    * This package provides utility functions and procedures to handle OTAP_SESSION object.
  5    * Member functions do not work as expected and are far too limited.
  6    * This is no standalone package, it requires to be called by OTAP_TEST and other packages
  7    * which have a session_record from OTAP_TEST available.
  8    *
  9    * All procedures and functions verify the OTAP_SESSION object. No NULL allowed for any field.
 10    * They will throw the exception "-20099 Invalid OTAP_SESSION object" if the object is not valid.
 11    */
 12  
 13    /** PROCEDURE otap_objects.otap_session_verify
 14    * Verifies the OTAP_SESSION object and checks for NULL or 0 string length, no NULL values allowed.
 15    * Does NOT verify if given test_executor, db_user and db_schema exist for runtime reasons. You may
 16    * want to extend this, if having security issues. The user assignment is capsulated and should be
 17    * stable.
 18    *
 19    * @param p_otap_session The OTAP_SESSION object to verify.
 20    *
 21    * @exception -20099 Internal error, invalid OTAP_SESSION object.
 22    */
 23    PROCEDURE otap_session_verify(p_otap_session IN OTAP_SESSION);
 24  
 25    /** FUNCTION otap_objects.otap_session_show
 26    * Return the current package variables of OTAP_TEST as LF delimited text.
 27    *
 28    * @param p_otap_session The otap_session object from package OTAP_TEST.
 29    *
 30    * @return A text message, LF delimited, listing current settings of OTAP_SESSION object.
 31    *
 32    * @exception -20099 Internal error, invalid OTAP_SESSION object.
 33    */
 34    FUNCTION otap_session_show(p_otap_session IN OTAP_SESSION)
 35  	 RETURN VARCHAR2
 36    ;
 37  
 38    /** FUNCTION otap_objects.otap_session_set
 39    * Sets the package session variables of a valid OTAP_SESSION object. Errors will get logged.
 40    *
 41    * @param p_test_count The amount of tests expected to be executed when called. Negative values ignored.
 42    * @param p_test_set The name of the test set applied if the name of the executed test procedure or function does not provide a test set name or name precendence is disabled.
 43    * @param p_test_group The name of the test group applied if the name of the executed test procedure or function does not provide a test group name or name precendence is disabled.
 44    * @param p_test_name The name of the test name applied if the name of the executed test procedure or function does not provide a test name or name precendence is disabled.
 45    * @param p_prefix The prefix to use for identifying test functions and procedures. Limited to 4 chars. Test functions and procedures must have a trailing delimiter _ after the prefix to be identified.
 46    * @param p_language_id The session language id to use for test reports and results. Limited to 3 chars. If language has no translation, default is used.
 47    * @param p_name_precedence Can disable the naming conventions for otap. If set to otap_constants.OTAP_NUM_FALSE, all tests will run under the defined test set and group, set by init_test.
 48    * @param p_include_pkg Can enable to search also packages and package procedures and functions that fit the naming convention with the given prefix, if set to otap_constants.OTAP_NUM_TRUE.
 49    * @param p_persist Can enable to persist the test results longer than the current default of PRESERVE_DAYS in OTAP_CONFIG, if set to otap_constants.OTAP_NUM_TRUE.
 50    * The following parameters are expected from OTAP_TEST package. Caller should not set this variables.
 51    * @param p_schema The current schema from caller environment as reported from otap_test.
 52    * @param p_user The current user from caller environment as reported from otap_test.
 53    * @param p_executor The session user from caller environment as reported from otap_test.
 54    * @param o_otap_session The OTAP_SESSION object to set.
 55    *
 56    * @return The current test session settings as text LF delimited.
 57    *
 58    * @exception -20099 ERROR otap_objects.otap_session_set. Invalid OTAP_SESSION initialization.
 59    */
 60    FUNCTION otap_session_set( p_test_count		IN	      NUMBER
 61  				, p_test_set		IN	      VARCHAR2
 62  				, p_test_group		IN	      VARCHAR2
 63  				, p_test_name		IN	      VARCHAR2
 64  				, p_prefix		IN	      VARCHAR2
 65  				, p_language_id 	IN	      VARCHAR2
 66  				, p_name_precedence	IN	      NUMBER
 67  				, p_include_pkg 	IN	      NUMBER
 68  				, p_persist		IN	      NUMBER
 69  				, p_schema		IN	      VARCHAR2
 70  				, p_user		IN	      VARCHAR2
 71  				, p_executor		IN	      VARCHAR2
 72  				, o_otap_session	IN OUT NOCOPY OTAP_SESSION
 73  				)
 74  	 RETURN VARCHAR2
 75    ;
 76  
 77    /** FUNCTION otap_objects.otap_session_copy
 78    * Create a copy of the OTAP_SESSION object.
 79    *
 80    * @param p_otap_session The otap_session object from package OTAP_TEST.
 81    *
 82    * @return A copy of the OTAP_SESSION object.
 83    *
 84    * @exception -20099 Internal error, invalid OTAP_SESSION object.
 85    */
 86    FUNCTION otap_session_copy(p_otap_session IN OTAP_SESSION)
 87  	 RETURN OTAP_SESSION
 88    ;
 89  
 90    /** FUNCTION otap_objects.otap_session_set_test_set
 91    * Sets the current active test set. If test set name is longer than 256 chars
 92    * it is cutted to 256 chars. If NULL is given than, otap_constants.OTAP_FALLBACK_DEFAULT_TEST_SET
 93    * is used.
 94    *
 95    * @param p_test_set The test set name to use for the next tests.
 96    * @param o_otap_session The current session_record from otap_test package.
 97    *
 98    * @return The test set currently active as text message.
 99    *
100    * @exception -20099 Internal error, invalid OTAP_SESSION object.
101    */
102    FUNCTION otap_session_set_test_set( p_test_set	  IN		VARCHAR2
103  					 , o_otap_session IN OUT NOCOPY OTAP_SESSION
104  					 )
105  	 RETURN VARCHAR2
106    ;
107  
108    /** FUNCTION otap_objects.otap_session_set_test_group
109    * Sets the current active test group. If test group name is longer than 256 chars
110    * it is cutted to 256 chars. If NULL is given than, otap_constants.OTAP_FALLBACK_DEFAULT_TEST_GROUP
111    * is used.
112    *
113    * @param p_test_group The test group name to use for the next tests.
114    * @param o_otap_session The current session_record from OTAP_TEST package.
115    *
116    * @return The test group currently active as text message.
117    *
118    * @exception -20099 Internal error, invalid OTAP_SESSION object.
119    */
120    FUNCTION otap_session_set_test_group( p_test_group   IN		  VARCHAR2
121  					   , o_otap_session IN OUT NOCOPY OTAP_SESSION
122  					   )
123  	 RETURN VARCHAR2
124    ;
125  
126    /** FUNCTION otap_objects.otap_session_set_test_name
127    * Sets the current active test. If test name is longer than 256 chars
128    * it is cutted to 256 chars. If NULL is given than, otap_constants.OTAP_FALLBACK_DEFAULT_TEST_NAME
129    * is used.
130    *
131    * @param p_test_name The test name to use for the next tests.
132    * @param o_otap_session The current session_record from OTAP_TEST package.
133    *
134    * @return The test name currently active as text message.
135    *
136    * @exception -20099 Internal error, invalid OTAP_SESSION object.
137    */
138    FUNCTION otap_session_set_test_name( p_test_name    IN		 VARCHAR2
139  					  , o_otap_session IN OUT NOCOPY OTAP_SESSION
140  					  )
141  	 RETURN VARCHAR2
142    ;
143  
144    /** FUNCTION otap_objects.otap_session_set_language
145    * Sets the current session language, limited to 3 chars, always converted to upper case.
146    * Longer values are cutted to 3 chars. If NULL is given than, otap_constants.OTAP_INTERNAL_NA
147    * is used. If the language does not exist in OTAP_TRANSLATE it is ignored and defaults are used.
148    *
149    * @param p_language_id The 3 char language id to use. No effect if OTAP_TRANSLATE is empty.
150    * @param o_otap_session The current session_record from OTAP_TEST package.
151    *
152    * @return The session language id currently active.
153    *
154    * @exception -20099 Internal error, invalid OTAP_SESSION object.
155    */
156    FUNCTION otap_session_set_language( p_language_id  IN		VARCHAR2
157  					 , o_otap_session IN OUT NOCOPY OTAP_SESSION
158  					 )
159  	 RETURN VARCHAR2
160    ;
161  
162    /** FUNCTION otap_objects.otap_session_get_language
163    * Gets the current active session language id from OTAP_SESSION object.
164    *
165    * @param p_otap_session The current session_record from OTAP_TEST package.
166    *
167    * @return The current active session language id.
168    *
169    * @exception -20099 Internal error, invalid OTAP_SESSION object.
170    */
171    FUNCTION otap_session_get_language(p_otap_session IN OTAP_SESSION)
172  	 RETURN VARCHAR2
173    ;
174  
175    /** FUNCTION otap_objects.otap_session_get_schema
176    * Gets the current active session schema to use from OTAP_SESSION object.
177    *
178    * @param p_otap_session The current session_record from OTAP_TEST package.
179    *
180    * @return The current active session schema.
181    *
182    * @exception -20099 Internal error, invalid OTAP_SESSION object.
183    */
184    FUNCTION otap_session_get_schema(p_otap_session IN OTAP_SESSION)
185  	 RETURN VARCHAR2
186    ;
187  
188    /** FUNCTION otap_objects.otap_session_get_prefix
189    * Gets the current active session test prefix to use from OTAP_SESSION object.
190    *
191    * @param p_otap_session The current session_record from OTAP_TEST package.
192    *
193    * @return The current active session test prefix.
194    *
195    * @exception -20099 Internal error, invalid OTAP_SESSION object.
196    */
197    FUNCTION otap_session_get_prefix(p_otap_session IN OTAP_SESSION)
198  	 RETURN VARCHAR2
199    ;
200  
201    /** FUNCTION otap_objects.otap_session_name_precedence
202    * Gets the current active session setting for name precedence from OTAP_SESSION object.
203    *
204    * @param p_otap_session The current session_record from OTAP_TEST package.
205    *
206    * @return The current active session setting for name precedence, TRUE if set otherwise FALSE.
207    *
208    * @exception -20099 Internal error, invalid OTAP_SESSION object.
209    */
210    FUNCTION otap_session_name_precedence(p_otap_session IN OTAP_SESSION)
211  	 RETURN BOOLEAN
212    ;
213  
214    /** FUNCTION otap_objects.otap_session_include_packages
215    * Gets the current active session setting for include packages from OTAP_SESSION object.
216    *
217    * @param p_otap_session The current session_record from OTAP_TEST package.
218    *
219    * @return The current active session setting for include packages, TRUE if set otherwise FALSE.
220    *
221    * @exception -20099 Internal error, invalid OTAP_SESSION object.
222    */
223    FUNCTION otap_session_include_packages(p_otap_session IN OTAP_SESSION)
224  	 RETURN BOOLEAN
225    ;
226  
227    /** FUNCTION otap_objects.otap_session_get_test_id
228    * Gets the current active test session id from OTAP_SESSION object.
229    *
230    * @param p_otap_session The current session_record from OTAP_TEST package.
231    *
232    * @return The current active test session id.
233    *
234    * @exception -20099 Internal error, invalid OTAP_SESSION object.
235    */
236    FUNCTION otap_session_get_test_id(p_otap_session IN OTAP_SESSION)
237  	 RETURN NUMBER
238    ;
239  
240    /** FUNCTION otap_objects.otap_session_get_report_id
241    * Gets the last view id if available or the current active test session id
242    * from OTAP_SESSION object.
243    *
244    * @param p_otap_session The current session_record from OTAP_TEST package.
245    *
246    * @return The last view id if available or the current active test session id.
247    *
248    * @exception -20099 Internal error, invalid OTAP_SESSION object.
249    */
250    FUNCTION otap_session_get_report_id(p_otap_session IN OTAP_SESSION)
251  	 RETURN NUMBER
252    ;
253  
254    /** FUNCTION otap_objects.otap_session_set_session_view_id
255    * Sets the current active session_view_id.
256    *
257    * @param p_session_view_id The session view id as is. No checks if valid.
258    * @param o_otap_session The current session_record from OTAP_TEST package.
259    *
260    * @return The active session_view_id. Unchanged on errors.
261    *
262    * @exception -20099 Internal error, invalid OTAP_SESSION object.
263    */
264    FUNCTION otap_session_set_session_view_id( p_session_view_id IN		  NUMBER
265  						, o_otap_session    IN OUT NOCOPY OTAP_SESSION
266  						)
267  	 RETURN NUMBER
268    ;
269  
270    /** PROCEDURE otap_objects.otap_session_add_test
271    * Adds a test run to the OTAP_SESSION object. If the test is not passed, raises
272    * the error count for this test session.
273    *
274    * @param p_test_passed The test state as defined in otap_constants.OTAP_NUM_TEST_PASSED, otap_constants.OTAP_NUM_TEST_FAILED and otap_constants.OTAP_NUM_TEST_UNDEFINED.
275    * @param o_otap_session The current session_record from OTAP_TEST package.
276    *
277    * @exception -20099 Internal error, invalid OTAP_SESSION object.
278    */
279    PROCEDURE otap_session_add_test( p_test_passed  IN	     NUMBER
280  				      , o_otap_session IN OUT NOCOPY OTAP_SESSION
281  				      )
282    ;
283  
284    /** FUNCTION otap_objects.otap_session_summary
285    * Gets a current summary from OTAP_SESSION object. Lists session id, session start, test runs and errors.
286    *
287    * @param p_otap_session The current session_record from OTAP_TEST package.
288    *
289    * @return The current test session summary as text.
290    *
291    * @exception -20099 Internal error, invalid OTAP_SESSION object.
292    */
293    FUNCTION otap_session_summary(p_otap_session IN OTAP_SESSION)
294  	 RETURN VARCHAR2
295    ;
296  
297    /** FUNCTION otap_objects.otap_session_finish
298    * Resets the OTAP_SESSION object. Will set a new session id, reset the counters and the names
299    * for test set, group and name. When a test session is finished, the test session view will not
300    * longer show the tests from the old session.
301    *
302    * @param o_otap_session The current session_record from OTAP_TEST package.
303    *
304    * @return A summary of the old session and details of the new session as text message LF delimited.
305    *
306    * @exception -20099 Internal error, invalid OTAP_SESSION object.
307    */
308    FUNCTION otap_session_finish(o_otap_session IN OUT NOCOPY OTAP_SESSION)
309  	 RETURN VARCHAR2
310    ;
311  
312    /** FUNCTION otap_objects.otap_session_test_setup
313    * Copies the given session record object and changes set, group and name as given for the returned session object.
314    *
315    * @param p_otap_session The current session_record to get a modified copy from.
316    * @param p_set_name The temporary set name to use in the returned session record copy.
317    * @param p_group_name The temporary group name to use in the returned session record copy.
318    * @param p_test_name The temporary test name to use in the returned session record copy.
319    *
320    * @exception -20099 Internal error, invalid OTAP_SESSION object.
321    */
322    FUNCTION otap_session_test_setup( p_otap_session IN OTAP_SESSION
323  				       , p_set_name	IN VARCHAR2
324  				       , p_group_name	IN VARCHAR2
325  				       , p_test_name	IN VARCHAR2
326  				       )
327  	 RETURN OTAP_SESSION
328    ;
329  
330  END;
331  /

Package created.

SQL> 
SQL> @@../otap_ddl/packages/otap_objects.pkb
SQL> -- (C) 2024 Michael Lindenau licensed via https://www.gnu.org/licenses/agpl-3.0.txt
SQL> -- and https://toent.ch/licenses/AI_DISCLOSURE_LICENSE_V1
SQL> -- Not allowed to be used as AI training material without explicite permission.
SQL> CREATE OR REPLACE PACKAGE BODY otap_objects
  2  AS
  3    -- for description see header file
  4    PROCEDURE otap_session_verify(p_otap_session IN OTAP_SESSION)
  5    IS
  6  	 l_script    VARCHAR2(1024 CHAR) := 'otap_objects.otap_session_verify';
  7  	 l_statement VARCHAR2(32767 CHAR);
  8  	 l_message   VARCHAR2(32767 CHAR);
  9  	 l_delimiter VARCHAR2(1 CHAR);
 10    BEGIN
 11  	 -- we expect all fields to be NOT NULL including empty strings
 12  	 -- the NVL(LENGTH(TRIM)) construct exists for compatibility with older versions
 13  	 -- in current 23ai version TRIM(x) IS NULL would be enough
 14  	 IF    p_otap_session					    IS NULL
 15  	    OR p_otap_session.test_executor			    IS NULL
 16  	    OR NVL(LENGTH(TRIM(p_otap_session.test_executor)), 0)    = 0
 17  	    OR p_otap_session.test_set				    IS NULL
 18  	    OR NVL(LENGTH(TRIM(p_otap_session.test_set)), 0)	     = 0
 19  	    OR p_otap_session.test_group			    IS NULL
 20  	    OR NVL(LENGTH(TRIM(p_otap_session.test_group)), 0)	     = 0
 21  	    OR p_otap_session.test_name 			    IS NULL
 22  	    OR NVL(LENGTH(TRIM(p_otap_session.test_name)), 0)	     = 0
 23  	    OR p_otap_session.db_user				    IS NULL
 24  	    OR NVL(LENGTH(TRIM(p_otap_session.db_user)), 0)	     = 0
 25  	    OR p_otap_session.db_schema 			    IS NULL
 26  	    OR NVL(LENGTH(TRIM(p_otap_session.db_schema)), 0)	     = 0
 27  	    OR p_otap_session.test_prefix			    IS NULL
 28  	    OR NVL(LENGTH(TRIM(p_otap_session.test_prefix)), 0)      = 0
 29  	    OR p_otap_session.session_language			    IS NULL
 30  	    OR NVL(LENGTH(TRIM(p_otap_session.session_language)), 0) = 0
 31  	    OR p_otap_session.test_count			    IS NULL
 32  	    OR p_otap_session.intended_count			    IS NULL
 33  	    OR p_otap_session.persist_test			    IS NULL
 34  	    OR p_otap_session.name_precedence			    IS NULL
 35  	    OR p_otap_session.include_packages			    IS NULL
 36  	    OR p_otap_session.session_start			    IS NULL
 37  	    OR p_otap_session.session_id			    IS NULL
 38  	    OR p_otap_session.error_count			    IS NULL
 39  	    OR p_otap_session.session_view_id			    IS NULL
 40  	 THEN
 41  	   l_delimiter := '';
 42  	   l_statement := q'[p_otap_session					  IS NULL
 43  OR p_otap_session.test_executor			     IS NULL
 44  OR NVL(LENGTH(TRIM(p_otap_session.test_executor)), 0)    = 0
 45  OR p_otap_session.test_set 			     IS NULL
 46  OR NVL(LENGTH(TRIM(p_otap_session.test_set)), 0)	      = 0
 47  OR p_otap_session.test_group			     IS NULL
 48  OR NVL(LENGTH(TRIM(p_otap_session.test_group)), 0)       = 0
 49  OR p_otap_session.test_name			     IS NULL
 50  OR NVL(LENGTH(TRIM(p_otap_session.test_name)), 0)	      = 0
 51  OR p_otap_session.db_user				     IS NULL
 52  OR NVL(LENGTH(TRIM(p_otap_session.db_user)), 0)	      = 0
 53  OR p_otap_session.db_schema			     IS NULL
 54  OR NVL(LENGTH(TRIM(p_otap_session.db_schema)), 0)	      = 0
 55  OR p_otap_session.test_prefix			     IS NULL
 56  OR NVL(LENGTH(TRIM(p_otap_session.test_prefix)), 0)      = 0
 57  OR p_otap_session.session_language 		     IS NULL
 58  OR NVL(LENGTH(TRIM(p_otap_session.session_language)), 0) = 0
 59  OR p_otap_session.test_count			     IS NULL
 60  OR p_otap_session.intended_count			     IS NULL
 61  OR p_otap_session.persist_test			     IS NULL
 62  OR p_otap_session.name_precedence			     IS NULL
 63  OR p_otap_session.include_packages 		     IS NULL
 64  OR p_otap_session.session_start			     IS NULL
 65  OR p_otap_session.session_id			     IS NULL
 66  OR p_otap_session.error_count			     IS NULL
 67  OR p_otap_session.session_view_id			     IS NULL]'
 68  	   ;
 69  	   -- if we fail, find out the columns that are NULL
 70  	   l_message := 'ERROR otap_objects.otap_session_verify. Invalid OTAP_SESSION object. NULL errors: ';
 71  	   IF p_otap_session IS NULL
 72  	   THEN
 73  	     l_message := l_message || 'Complete OTAP_SESSION object NULL';
 74  	   ELSE
 75  	     -- check the fields
 76  	     IF p_otap_session.test_executor IS NULL OR NVL(LENGTH(TRIM(p_otap_session.test_executor)), 0) = 0
 77  	     THEN
 78  	       l_message := l_message || l_delimiter || 'test_executor';
 79  	       l_delimiter := ',';
 80  	     END IF;
 81  	     IF p_otap_session.test_set IS NULL OR NVL(LENGTH(TRIM(p_otap_session.test_set)), 0) = 0
 82  	     THEN
 83  	       l_message := l_message || l_delimiter || 'test_set';
 84  	       l_delimiter := ',';
 85  	     END IF;
 86  	     IF p_otap_session.test_group IS NULL OR NVL(LENGTH(TRIM(p_otap_session.test_group)), 0) = 0
 87  	     THEN
 88  	       l_message := l_message || l_delimiter || 'test_group';
 89  	       l_delimiter := ',';
 90  	     END IF;
 91  	     IF p_otap_session.test_name IS NULL OR NVL(LENGTH(TRIM(p_otap_session.test_name)), 0) = 0
 92  	     THEN
 93  	       l_message := l_message || l_delimiter || 'test_name';
 94  	       l_delimiter := ',';
 95  	     END IF;
 96  	     IF p_otap_session.db_user IS NULL OR NVL(LENGTH(TRIM(p_otap_session.db_user)), 0) = 0
 97  	     THEN
 98  	       l_message := l_message || l_delimiter || 'db_user';
 99  	       l_delimiter := ',';
100  	     END IF;
101  	     IF p_otap_session.db_schema IS NULL OR NVL(LENGTH(TRIM(p_otap_session.db_schema)), 0) = 0
102  	     THEN
103  	       l_message := l_message || l_delimiter || 'db_schema';
104  	       l_delimiter := ',';
105  	     END IF;
106  	     IF p_otap_session.test_prefix IS NULL OR NVL(LENGTH(TRIM(p_otap_session.test_prefix)), 0) = 0
107  	     THEN
108  	       l_message := l_message || l_delimiter || 'test_prefix';
109  	       l_delimiter := ',';
110  	     END IF;
111  	     IF p_otap_session.session_language IS NULL OR NVL(LENGTH(TRIM(p_otap_session.session_language)), 0) = 0
112  	     THEN
113  	       l_message := l_message || l_delimiter || 'session_language';
114  	       l_delimiter := ',';
115  	     END IF;
116  	     IF p_otap_session.test_count IS NULL
117  	     THEN
118  	       l_message := l_message || l_delimiter || 'test_count';
119  	       l_delimiter := ',';
120  	     END IF;
121  	     IF p_otap_session.intended_count IS NULL
122  	     THEN
123  	       l_message := l_message || l_delimiter || 'intended_count';
124  	       l_delimiter := ',';
125  	     END IF;
126  	     IF p_otap_session.persist_test IS NULL
127  	     THEN
128  	       l_message := l_message || l_delimiter || 'persist_test';
129  	       l_delimiter := ',';
130  	     END IF;
131  	     IF p_otap_session.name_precedence IS NULL
132  	     THEN
133  	       l_message := l_message || l_delimiter || 'name_precedence';
134  	       l_delimiter := ',';
135  	     END IF;
136  	     IF p_otap_session.include_packages IS NULL
137  	     THEN
138  	       l_message := l_message || l_delimiter || 'include_packages';
139  	       l_delimiter := ',';
140  	     END IF;
141  	     IF p_otap_session.session_start IS NULL
142  	     THEN
143  	       l_message := l_message || l_delimiter || 'session_start';
144  	       l_delimiter := ',';
145  	     END IF;
146  	     IF p_otap_session.session_id IS NULL
147  	     THEN
148  	       l_message := l_message || l_delimiter || 'session_id';
149  	       l_delimiter := ',';
150  	     END IF;
151  	     IF p_otap_session.error_count IS NULL
152  	     THEN
153  	       l_message := l_message || l_delimiter || 'error_count';
154  	       l_delimiter := ',';
155  	     END IF;
156  	     IF p_otap_session.session_view_id IS NULL
157  	     THEN
158  	       l_message := l_message || l_delimiter || 'session_view_id';
159  	       l_delimiter := ',';
160  	     END IF;
161  	   END IF;
162  	   otap_log.log('EXCEPTION -20099 ' || l_message, 'otap_objects.otap_session_verify', l_statement);
163  	   RAISE_APPLICATION_ERROR(-20099, l_message);
164  	 END IF;
165    EXCEPTION
166  	 WHEN OTHERS THEN
167  	   IF SQLCODE != -20099
168  	   THEN
169  	     -- log unhandled exceptions
170  	     otap_log.log(SQLERRM, l_script, 'Unhandled exception ' || l_script || ' call');
171  	   END IF;
172  	   RAISE;
173    END otap_session_verify;
174  
175    FUNCTION otap_session_show(p_otap_session IN OTAP_SESSION)
176  	 RETURN VARCHAR2
177    IS
178  	 l_script  VARCHAR2(1024 CHAR) := 'otap_objects.otap_session_show';
179  	 l_message VARCHAR2(4000 CHAR);
180    BEGIN
181  	 -- verify the current object
182  	 otap_objects.otap_session_verify(p_otap_session);
183  	 -- build the message
184  	 l_message := 'Current test settings' || otap_constants.OTAP_INTERNAL_LF ||
185  		      'Test session id: ' || p_otap_session.session_id || otap_constants.OTAP_INTERNAL_LF ||
186  		      'Test set: ' || p_otap_session.test_set || otap_constants.OTAP_INTERNAL_LF ||
187  		      'Test group: ' || p_otap_session.test_group || otap_constants.OTAP_INTERNAL_LF ||
188  		      'Test name: ' || p_otap_session.test_name || otap_constants.OTAP_INTERNAL_LF ||
189  		      'Executor: ' || p_otap_session.test_executor || otap_constants.OTAP_INTERNAL_LF ||
190  		      'DB user: ' || p_otap_session.db_user || otap_constants.OTAP_INTERNAL_LF ||
191  		      'DB schema: ' || p_otap_session.db_schema || otap_constants.OTAP_INTERNAL_LF ||
192  		      'Test identifier prefix: ' || p_otap_session.test_prefix || otap_constants.OTAP_INTERNAL_LF ||
193  		      'Session language: ' || p_otap_session.session_language || otap_constants.OTAP_INTERNAL_LF ||
194  		      'Current tests:' || p_otap_session.test_count || otap_constants.OTAP_INTERNAL_LF ||
195  		      'Expected tests: ' || CASE WHEN p_otap_session.intended_count > 0 THEN TO_CHAR(p_otap_session.intended_count) ELSE 'Not set' END || otap_constants.OTAP_INTERNAL_LF ||
196  		      'Name precedence: ' || CASE WHEN p_otap_session.name_precedence THEN otap_constants.OTAP_FALLBACK_TEXT_TRUE_YES ELSE otap_constants.OTAP_FALLBACK_TEXT_FALSE_NO END || otap_constants.OTAP_INTERNAL_LF ||
197  		      'Include packages: ' || CASE WHEN p_otap_session.include_packages THEN otap_constants.OTAP_FALLBACK_TEXT_TRUE_YES ELSE otap_constants.OTAP_FALLBACK_TEXT_FALSE_NO END || otap_constants.OTAP_INTERNAL_LF ||
198  		      'Persist: ' || CASE WHEN p_otap_session.persist_test THEN otap_constants.OTAP_FALLBACK_TEXT_TRUE_YES ELSE otap_constants.OTAP_FALLBACK_TEXT_FALSE_NO END || otap_constants.OTAP_INTERNAL_LF ||
199  		      'Current view id: ' || CASE WHEN p_otap_session.session_view_id = 0 THEN 'Not set' ELSE TO_CHAR(p_otap_session.session_view_id) END || otap_constants.OTAP_INTERNAL_LF ||
200  		      'Test start: ' || TO_CHAR(p_otap_session.session_start, 'YYYY-MM-DD HH24:MI:SS')
201  	 ;
202  	 l_message := otap_string.reduce(l_message, 4000);
203  	 RETURN l_message;
204    EXCEPTION
205  	 WHEN OTHERS THEN
206  	   IF SQLCODE != -20099
207  	   THEN
208  	     -- log unhandled exceptions
209  	     otap_log.log(SQLERRM, l_script, 'Unhandled exception ' || l_script || ' call');
210  	   END IF;
211  	   RAISE;
212    END otap_session_show;
213  
214    FUNCTION otap_session_set( p_test_count		IN	      NUMBER
215  				, p_test_set		IN	      VARCHAR2
216  				, p_test_group		IN	      VARCHAR2
217  				, p_test_name		IN	      VARCHAR2
218  				, p_prefix		IN	      VARCHAR2
219  				, p_language_id 	IN	      VARCHAR2
220  				, p_name_precedence	IN	      NUMBER
221  				, p_include_pkg 	IN	      NUMBER
222  				, p_persist		IN	      NUMBER
223  				, p_schema		IN	      VARCHAR2
224  				, p_user		IN	      VARCHAR2
225  				, p_executor		IN	      VARCHAR2
226  				, o_otap_session	IN OUT NOCOPY OTAP_SESSION
227  				)
228  	 RETURN VARCHAR2
229    IS
230  	 l_script    VARCHAR2(1024 CHAR) := 'otap_objects.otap_session_set';
231  	 l_message   VARCHAR2(32767 CHAR);
232  	 l_delimiter VARCHAR2(1 CHAR);
233    BEGIN
234  	 -- verify the current object
235  	 otap_objects.otap_session_verify(o_otap_session);
236  	 -- now verify the input
237  	 IF    p_schema    IS NULL
238  	    OR p_user	   IS NULL
239  	    OR p_executor  IS NULL
240  	 THEN
241  	   l_message := 'ERROR otap_objects.otap_session_set. Invalid OTAP_SESSION initialization. NULL errors: ';
242  	   l_delimiter := '';
243  	   IF p_schema IS NULL
244  	   THEN
245  	     l_message := l_message || l_delimiter || 'p_schema';
246  	     l_delimiter := ',';
247  	   END IF;
248  	   IF p_user IS NULL
249  	   THEN
250  	     l_message := l_message || l_delimiter || 'p_user';
251  	     l_delimiter := ',';
252  	   END IF;
253  	   IF p_executor IS NULL
254  	   THEN
255  	     l_message := l_message || l_delimiter || 'p_executor';
256  	   END IF;
257  	   l_message := l_message || ' The variable default should never be overwritten by users.';
258  	   otap_log.log('EXCEPTION -20099 ' || l_message, l_script, 'p_schema IS NULL OR p_user IS NULL OR p_executor IS NULL');
259  	   RAISE_APPLICATION_ERROR(-20099, l_message);
260  	 END IF;
261  	 -- check prefix length
262  	 IF	NVL(LENGTH(p_prefix), 0) <= 4
263  	    AND NVL(LENGTH(p_prefix), 0) > 0
264  	 THEN
265  	   -- no delimiter allowed
266  	   IF REGEXP_INSTR(p_prefix, '[_|$|#]') = 0
267  	   THEN
268  	     o_otap_session.test_prefix := UPPER(TRIM(p_prefix));
269  	   ELSE
270  	     o_otap_session.test_prefix := otap_constants.OTAP_FALLBACK_DEFAULT_PREFIX;
271  	     otap_log.log('ERROR checking otap test prefix ' || p_prefix || ' delimiters _, $, # not allowed', l_script, 'REGEXP_INSTR(p_prefix, ''[_|$|#]'') = 0');
272  	   END IF;
273  	 ELSE
274  	   -- leave prefix as defined, log error
275  	   o_otap_session.test_prefix := otap_constants.OTAP_FALLBACK_DEFAULT_PREFIX;
276  	   otap_log.log('ERROR checking otap test prefix ' || p_prefix || ' length, only length 1-4 allowed', l_script, 'LENGTH(p_prefix) <= 4 OR LENGTH(p_prefix) > 0');
277  	 END IF;
278  	 -- check bool values
279  	 IF NVL(p_name_precedence, otap_constants.OTAP_NUM_TRUE) IN (otap_constants.OTAP_NUM_TRUE, otap_constants.OTAP_NUM_FALSE)
280  	 THEN
281  	   o_otap_session.name_precedence := (NVL(p_name_precedence, otap_constants.OTAP_NUM_TRUE) = otap_constants.OTAP_NUM_TRUE);
282  	 END IF;
283  	 IF NVL(p_include_pkg, otap_constants.OTAP_NUM_FALSE) IN (otap_constants.OTAP_NUM_TRUE, otap_constants.OTAP_NUM_FALSE)
284  	 THEN
285  	   o_otap_session.include_packages := (NVL(p_include_pkg, otap_constants.OTAP_NUM_FALSE) = otap_constants.OTAP_NUM_TRUE);
286  	 END IF;
287  	 IF NVL(p_persist, otap_constants.OTAP_NUM_FALSE) IN (otap_constants.OTAP_NUM_TRUE, otap_constants.OTAP_NUM_FALSE)
288  	 THEN
289  	   o_otap_session.persist_test := (NVL(p_persist, otap_constants.OTAP_NUM_FALSE) = otap_constants.OTAP_NUM_TRUE);
290  	 END IF;
291  	 -- check language, must be a 3 char code
292  	 IF LENGTH(NVL(p_language_id, otap_constants.OTAP_INTERNAL_NA)) > 3
293  	 THEN
294  	   o_otap_session.session_language := otap_constants.OTAP_INTERNAL_NA;
295  	 ELSE
296  	   o_otap_session.session_language := UPPER(NVL(p_language_id, otap_constants.OTAP_INTERNAL_NA));
297  	 END IF;
298  	 -- now start setting the new values
299  	 o_otap_session.test_executor	:= p_executor;
300  	 o_otap_session.db_user 	:= p_user;
301  	 o_otap_session.db_schema	:= p_schema;
302  	 IF NVL(p_test_count, 0) > 0
303  	 THEN
304  	   o_otap_session.intended_count  := p_test_count;
305  	 END IF;
306  	 -- keep old values if not specified
307  	 o_otap_session.test_set	:= NVL(p_test_set, o_otap_session.test_set);
308  	 o_otap_session.test_group	:= NVL(p_test_group, o_otap_session.test_group);
309  	 o_otap_session.test_name	:= NVL(p_test_name, o_otap_session.test_name);
310  	 -- reset other session values
311  	 o_otap_session.test_count	:= 0;
312  	 o_otap_session.error_count	:= 0;
313  	 o_otap_session.session_start	:= SYSDATE;
314  	 o_otap_session.session_id	:= otap_test_session_seq.NEXTVAL;
315  	 -- set view id equal to session id
316  	 o_otap_session.session_view_id := o_otap_session.session_id;
317  	 l_message := otap_objects.otap_session_show(o_otap_session);
318  	 RETURN l_message;
319    EXCEPTION
320  	 WHEN OTHERS THEN
321  	   IF SQLCODE != -20099
322  	   THEN
323  	     -- log unhandled exceptions
324  	     otap_log.log(SQLERRM, l_script, 'Unhandled exception ' || l_script || ' call');
325  	   END IF;
326  	   RAISE;
327    END otap_session_set;
328  
329    FUNCTION otap_session_copy(p_otap_session IN OTAP_SESSION)
330  	 RETURN OTAP_SESSION
331    IS
332  	 l_script	 VARCHAR2(1024 CHAR) := 'otap_objects.otap_session_copy';
333  	 l_otap_session  OTAP_SESSION;
334    BEGIN
335  	 -- verify the current object
336  	 otap_objects.otap_session_verify(p_otap_session);
337  	 l_otap_session := otap_session( p_otap_session.test_executor
338  				       , p_otap_session.test_set
339  				       , p_otap_session.test_group
340  				       , p_otap_session.test_name
341  				       , p_otap_session.db_user
342  				       , p_otap_session.db_schema
343  				       , p_otap_session.test_prefix
344  				       , p_otap_session.session_language
345  				       , p_otap_session.test_count
346  				       , p_otap_session.intended_count
347  				       , p_otap_session.persist_test
348  				       , p_otap_session.name_precedence
349  				       , p_otap_session.include_packages
350  				       , p_otap_session.session_start
351  				       , p_otap_session.session_id
352  				       , p_otap_session.error_count
353  				       , p_otap_session.session_view_id
354  				       )
355  	 ;
356  	 RETURN l_otap_session;
357    EXCEPTION
358  	 WHEN OTHERS THEN
359  	   IF SQLCODE != -20099
360  	   THEN
361  	     -- log unhandled exceptions
362  	     otap_log.log(SQLERRM, l_script, 'Unhandled exception ' || l_script || ' call');
363  	   END IF;
364  	   RAISE;
365    END otap_session_copy;
366  
367    FUNCTION otap_session_set_test_set( p_test_set	  IN		VARCHAR2
368  					 , o_otap_session IN OUT NOCOPY OTAP_SESSION
369  					 )
370  	 RETURN VARCHAR2
371    IS
372  	 l_script  VARCHAR2(1024 CHAR) := 'otap_objects.otap_session_set_test_set';
373  	 l_message VARCHAR2(4000 CHAR);
374    BEGIN
375  	 otap_objects.otap_session_verify(o_otap_session);
376  	 IF LENGTH(p_test_set) > 256
377  	 THEN
378  	   o_otap_session.test_set := SUBSTR(p_test_set, 1, 256);
379  	   otap_log.log('ERROR test set name length exceed 256 chars. Test set ' || p_test_set || ' cutted to 256 chars.', l_script, 'LENGTH(p_test_set) > 256');
380  	 ELSE
381  	   o_otap_session.test_set := NVL(p_test_set, otap_constants.OTAP_FALLBACK_DEFAULT_TEST_SET);
382  	 END IF;
383  	 l_message := otap_string.reduce('Current test set: ' || o_otap_session.test_set, 4000);
384  	 RETURN l_message;
385    EXCEPTION
386  	 WHEN OTHERS THEN
387  	   IF SQLCODE != -20099
388  	   THEN
389  	     -- log unhandled exceptions
390  	     otap_log.log(SQLERRM, l_script, 'Unhandled exception ' || l_script || ' call');
391  	   END IF;
392  	   RAISE;
393    END otap_session_set_test_set;
394  
395    FUNCTION otap_session_set_test_group( p_test_group   IN		  VARCHAR2
396  					   , o_otap_session IN OUT NOCOPY OTAP_SESSION
397  					   )
398  	 RETURN VARCHAR2
399    IS
400  	 l_script  VARCHAR2(1024 CHAR) := 'otap_objects.otap_session_set_test_group';
401  	 l_message VARCHAR2(4000 CHAR);
402    BEGIN
403  	 otap_objects.otap_session_verify(o_otap_session);
404  	 IF LENGTH(p_test_group) > 256
405  	 THEN
406  	   o_otap_session.test_group := SUBSTR(p_test_group, 1, 256);
407  	   otap_log.log('ERROR test group name length exceed 256 chars. Test group ' || p_test_group || ' cutted to 256 chars.', l_script, 'LENGTH(p_test_group) > 256');
408  	 ELSE
409  	   o_otap_session.test_group := NVL(p_test_group, otap_constants.OTAP_FALLBACK_DEFAULT_TEST_GROUP);
410  	 END IF;
411  	 l_message := otap_string.reduce('Current test group: ' || o_otap_session.test_group, 4000);
412  	 RETURN l_message;
413    EXCEPTION
414  	 WHEN OTHERS THEN
415  	   IF SQLCODE != -20099
416  	   THEN
417  	     -- log unhandled exceptions
418  	     otap_log.log(SQLERRM, l_script, 'Unhandled exception ' || l_script || ' call');
419  	   END IF;
420  	   RAISE;
421    END otap_session_set_test_group;
422  
423    FUNCTION otap_session_set_test_name( p_test_name    IN		 VARCHAR2
424  					  , o_otap_session IN OUT NOCOPY OTAP_SESSION
425  					  )
426  	 RETURN VARCHAR2
427    IS
428  	 l_script  VARCHAR2(1024 CHAR) := 'otap_objects.otap_session_set_test_name';
429  	 l_message VARCHAR2(4000 CHAR);
430    BEGIN
431  	 otap_objects.otap_session_verify(o_otap_session);
432  	 IF LENGTH(p_test_name) > 256
433  	 THEN
434  	   o_otap_session.test_name := SUBSTR(p_test_name, 1, 256);
435  	   otap_log.log('ERROR test name length exceed 256 chars. Test name ' || p_test_name || ' cutted to 256 chars.', l_script, 'LENGTH(p_test_name) > 256');
436  	 ELSE
437  	   o_otap_session.test_name := NVL(p_test_name, otap_constants.OTAP_FALLBACK_DEFAULT_TEST_NAME);
438  	 END IF;
439  	 l_message := otap_string.reduce('Current test: ' || o_otap_session.test_name, 4000);
440  	 RETURN l_message;
441    EXCEPTION
442  	 WHEN OTHERS THEN
443  	   IF SQLCODE != -20099
444  	   THEN
445  	     -- log unhandled exceptions
446  	     otap_log.log(SQLERRM, l_script, 'Unhandled exception ' || l_script || ' call');
447  	   END IF;
448  	   RAISE;
449    END otap_session_set_test_name;
450  
451    FUNCTION otap_session_set_language( p_language_id  IN		VARCHAR2
452  					 , o_otap_session IN OUT NOCOPY OTAP_SESSION
453  					 )
454  	 RETURN VARCHAR2
455    IS
456  	 l_script  VARCHAR2(1024 CHAR) := 'otap_objects.otap_session_set_language';
457  	 l_message VARCHAR2(4000 CHAR);
458    BEGIN
459  	 otap_objects.otap_session_verify(o_otap_session);
460  	 IF LENGTH(p_language_id) > 3
461  	 THEN
462  	   o_otap_session.session_language := UPPER(SUBSTR(TRIM(p_language_id), 1, 3));
463  	   otap_log.log('ERROR language id length exceed 3 chars. Language id ' || p_language_id || ' cutted to 3 chars.', l_script, 'LENGTH(p_language_id) > 3');
464  	 ELSE
465  	   o_otap_session.session_language := UPPER(NVL(TRIM(p_language_id), otap_constants.OTAP_INTERNAL_NA));
466  	 END IF;
467  	 l_message := otap_string.reduce('Current language: ' || o_otap_session.session_language, 4000);
468  	 RETURN l_message;
469    EXCEPTION
470  	 WHEN OTHERS THEN
471  	   IF SQLCODE != -20099
472  	   THEN
473  	     -- log unhandled exceptions
474  	     otap_log.log(SQLERRM, l_script, 'Unhandled exception ' || l_script || ' call');
475  	   END IF;
476  	   RAISE;
477    END otap_session_set_language;
478  
479    FUNCTION otap_session_get_language(p_otap_session IN OTAP_SESSION)
480  	 RETURN VARCHAR2
481    IS
482  	 l_script  VARCHAR2(1024 CHAR) := 'otap_objects.otap_session_get_language';
483    BEGIN
484  	 otap_objects.otap_session_verify(p_otap_session);
485  	 RETURN p_otap_session.session_language;
486    EXCEPTION
487  	 WHEN OTHERS THEN
488  	   IF SQLCODE != -20099
489  	   THEN
490  	     -- log unhandled exceptions
491  	     otap_log.log(SQLERRM, l_script, 'Unhandled exception ' || l_script || ' call');
492  	   END IF;
493  	   RAISE;
494    END otap_session_get_language;
495  
496    FUNCTION otap_session_get_schema(p_otap_session IN OTAP_SESSION)
497  	 RETURN VARCHAR2
498    IS
499  	 l_script  VARCHAR2(1024 CHAR) := 'otap_objects.otap_session_get_schema';
500    BEGIN
501  	 otap_objects.otap_session_verify(p_otap_session);
502  	 RETURN p_otap_session.db_schema;
503    EXCEPTION
504  	 WHEN OTHERS THEN
505  	   IF SQLCODE != -20099
506  	   THEN
507  	     -- log unhandled exceptions
508  	     otap_log.log(SQLERRM, l_script, 'Unhandled exception ' || l_script || ' call');
509  	   END IF;
510  	   RAISE;
511    END otap_session_get_schema;
512  
513    FUNCTION otap_session_get_prefix(p_otap_session IN OTAP_SESSION)
514  	 RETURN VARCHAR2
515    IS
516  	 l_script  VARCHAR2(1024 CHAR) := 'otap_objects.otap_session_get_prefix';
517    BEGIN
518  	 otap_objects.otap_session_verify(p_otap_session);
519  	 RETURN p_otap_session.test_prefix;
520    EXCEPTION
521  	 WHEN OTHERS THEN
522  	   IF SQLCODE != -20099
523  	   THEN
524  	     -- log unhandled exceptions
525  	     otap_log.log(SQLERRM, l_script, 'Unhandled exception ' || l_script || ' call');
526  	   END IF;
527  	   RAISE;
528    END otap_session_get_prefix;
529  
530    FUNCTION otap_session_name_precedence(p_otap_session IN OTAP_SESSION)
531  	 RETURN BOOLEAN
532    IS
533  	 l_script  VARCHAR2(1024 CHAR) := 'otap_objects.otap_session_name_precedence';
534    BEGIN
535  	 otap_objects.otap_session_verify(p_otap_session);
536  	 RETURN p_otap_session.name_precedence;
537    EXCEPTION
538  	 WHEN OTHERS THEN
539  	   IF SQLCODE != -20099
540  	   THEN
541  	     -- log unhandled exceptions
542  	     otap_log.log(SQLERRM, l_script, 'Unhandled exception ' || l_script || ' call');
543  	   END IF;
544  	   RAISE;
545    END otap_session_name_precedence;
546  
547    FUNCTION otap_session_include_packages(p_otap_session IN OTAP_SESSION)
548  	 RETURN BOOLEAN
549    IS
550  	 l_script  VARCHAR2(1024 CHAR) := 'otap_objects.otap_session_include_packages';
551    BEGIN
552  	 otap_objects.otap_session_verify(p_otap_session);
553  	 RETURN p_otap_session.include_packages;
554    EXCEPTION
555  	 WHEN OTHERS THEN
556  	   IF SQLCODE != -20099
557  	   THEN
558  	     -- log unhandled exceptions
559  	     otap_log.log(SQLERRM, l_script, 'Unhandled exception ' || l_script || ' call');
560  	   END IF;
561  	   RAISE;
562    END otap_session_include_packages;
563  
564    FUNCTION otap_session_get_test_id(p_otap_session IN OTAP_SESSION)
565  	 RETURN NUMBER
566    IS
567  	 l_script  VARCHAR2(1024 CHAR) := 'otap_objects.otap_session_get_test_id';
568    BEGIN
569  	 otap_objects.otap_session_verify(p_otap_session);
570  	 RETURN p_otap_session.session_id;
571    EXCEPTION
572  	 WHEN OTHERS THEN
573  	   IF SQLCODE != -20099
574  	   THEN
575  	     -- log unhandled exceptions
576  	     otap_log.log(SQLERRM, l_script, 'Unhandled exception ' || l_script || ' call');
577  	   END IF;
578  	   RAISE;
579    END otap_session_get_test_id;
580  
581    FUNCTION otap_session_get_report_id(p_otap_session IN OTAP_SESSION)
582  	 RETURN NUMBER
583    IS
584  	 l_script  VARCHAR2(1024 CHAR) := 'otap_objects.otap_session_get_report_id';
585  	 l_view_id NUMBER;
586    BEGIN
587  	 otap_objects.otap_session_verify(p_otap_session);
588  	 l_view_id := CASE WHEN p_otap_session.session_view_id != 0 THEN p_otap_session.session_view_id ELSE p_otap_session.session_id END;
589  	 RETURN l_view_id;
590    EXCEPTION
591  	 WHEN OTHERS THEN
592  	   IF SQLCODE != -20099
593  	   THEN
594  	     -- log unhandled exceptions
595  	     otap_log.log(SQLERRM, l_script, 'Unhandled exception ' || l_script || ' call');
596  	   END IF;
597  	   RAISE;
598    END otap_session_get_report_id;
599  
600    FUNCTION otap_session_set_session_view_id( p_session_view_id IN		  NUMBER
601  						, o_otap_session    IN OUT NOCOPY OTAP_SESSION
602  						)
603  	 RETURN NUMBER
604    IS
605  	 l_script  VARCHAR2(1024 CHAR) := 'otap_objects.otap_session_set_session_view_id';
606    BEGIN
607  	 otap_objects.otap_session_verify(o_otap_session);
608  	 o_otap_session.session_view_id := p_session_view_id;
609  	 RETURN o_otap_session.session_view_id;
610    EXCEPTION
611  	 WHEN OTHERS THEN
612  	   IF SQLCODE != -20099
613  	   THEN
614  	     -- log unhandled exceptions
615  	     otap_log.log(SQLERRM, l_script, 'Unhandled exception ' || l_script || ' call');
616  	   END IF;
617  	   RAISE;
618    END otap_session_set_session_view_id;
619  
620    PROCEDURE otap_session_add_test( p_test_passed  IN NUMBER
621  				      , o_otap_session IN OUT NOCOPY OTAP_SESSION
622  				      )
623    IS
624  	 l_script  VARCHAR2(1024 CHAR) := 'otap_objects.otap_session_add_test';
625    BEGIN
626  	 otap_objects.otap_session_verify(o_otap_session);
627  	 o_otap_session.test_count := o_otap_session.test_count + 1;
628  	 IF p_test_passed != otap_constants.OTAP_NUM_TEST_PASSED
629  	 THEN
630  	   o_otap_session.error_count := o_otap_session.error_count + 1;
631  	 END IF;
632    EXCEPTION
633  	 WHEN OTHERS THEN
634  	   IF SQLCODE != -20099
635  	   THEN
636  	     -- log unhandled exceptions
637  	     otap_log.log(SQLERRM, l_script, 'Unhandled exception ' || l_script || ' call');
638  	   END IF;
639  	   RAISE;
640    END otap_session_add_test;
641  
642    FUNCTION otap_session_summary(p_otap_session IN OTAP_SESSION)
643  	 RETURN VARCHAR2
644    IS
645  	 l_script  VARCHAR2(1024 CHAR) := 'otap_objects.otap_session_summary';
646  	 l_message VARCHAR2(4000 CHAR);
647    BEGIN
648  	 otap_objects.otap_session_verify(p_otap_session);
649  	 l_message := otap_string.reduce( 'Summary id: ' || TRIM(TO_CHAR(p_otap_session.session_id)) ||
650  					  ' tests: ' || TRIM(TO_CHAR(p_otap_session.test_count)) ||
651  					  CASE WHEN p_otap_session.intended_count > 0 THEN ' from ' || TRIM(TO_CHAR(p_otap_session.intended_count)) END ||
652  					  ' errors: ' || TRIM(TO_CHAR(p_otap_session.error_count)) ||
653  					  ' run time: ' || TRIM(TO_CHAR(((SYSDATE - p_otap_session.session_start) DAY TO SECOND))) ||
654  					  ' started: ' || TO_CHAR(p_otap_session.session_start, 'YYYY-MM-DD HH24:MI:SS')
655  					, 4000
656  					)
657  	 ;
658  	 RETURN l_message;
659    EXCEPTION
660  	 WHEN OTHERS THEN
661  	   IF SQLCODE != -20099
662  	   THEN
663  	     -- log unhandled exceptions
664  	     otap_log.log(SQLERRM, l_script, 'Unhandled exception ' || l_script || ' call');
665  	   END IF;
666  	   RAISE;
667    END otap_session_summary;
668  
669    FUNCTION otap_session_finish(o_otap_session IN OUT NOCOPY OTAP_SESSION)
670  	 RETURN VARCHAR2
671    IS
672  	 l_script  VARCHAR2(1024 CHAR) := 'otap_objects.otap_session_finish';
673  	 l_message VARCHAR2(4000 CHAR);
674    BEGIN
675  	 -- object gets verified by summary for old session
676  	 l_message := otap_objects.otap_session_summary(o_otap_session) || otap_constants.OTAP_INTERNAL_LF;
677  	 -- reset values
678  	 o_otap_session.test_count     := 0;
679  	 o_otap_session.error_count    := 0;
680  	 o_otap_session.intended_count := 0;
681  	 o_otap_session.test_set       := otap_constants.OTAP_FALLBACK_DEFAULT_TEST_SET;
682  	 o_otap_session.test_group     := otap_constants.OTAP_FALLBACK_DEFAULT_TEST_GROUP;
683  	 o_otap_session.test_name      := otap_constants.OTAP_FALLBACK_DEFAULT_TEST_NAME;
684  	 o_otap_session.session_start  := SYSDATE;
685  	 o_otap_session.session_id     := otap_test_session_seq.NEXTVAL;
686  	 -- do not update the session_view_id so it will keep the old or any set value
687  	 -- every init will set the session_view_id to the current session id
688  	 l_message := l_message || otap_objects.otap_session_show(o_otap_session);
689  	 RETURN l_message;
690    EXCEPTION
691  	 WHEN OTHERS THEN
692  	   IF SQLCODE != -20099
693  	   THEN
694  	     -- log unhandled exceptions
695  	     otap_log.log(SQLERRM, l_script, 'Unhandled exception ' || l_script || ' call');
696  	   END IF;
697  	   RAISE;
698    END otap_session_finish;
699  
700    FUNCTION otap_session_test_setup( p_otap_session IN OTAP_SESSION
701  				       , p_set_name	IN VARCHAR2
702  				       , p_group_name	IN VARCHAR2
703  				       , p_test_name	IN VARCHAR2
704  				       )
705  	 RETURN OTAP_SESSION
706    IS
707  	 l_script  VARCHAR2(1024 CHAR) := 'otap_objects.otap_session_test_setup';
708  	 l_message VARCHAR2(4000 CHAR);
709  	 l_copy    OTAP_SESSION;
710    BEGIN
711  	 l_copy 	   := otap_objects.otap_session_copy(p_otap_session);
712  	 l_copy.test_set   := otap_string.reduce(NVL(p_set_name, 'Test setup'), 256);
713  	 l_copy.test_group := otap_string.reduce(NVL(p_group_name, 'Session test setup'), 256);
714  	 l_copy.test_name  := otap_string.reduce(NVL(p_test_name, 'Session test setup checks'), 256);
715  	 RETURN l_copy;
716    EXCEPTION
717  	 WHEN OTHERS THEN
718  	   IF SQLCODE != -20099
719  	   THEN
720  	     -- log unhandled exceptions
721  	     otap_log.log(SQLERRM, l_script, 'Unhandled exception ' || l_script || ' call');
722  	   END IF;
723  	   RAISE;
724    END otap_session_test_setup;
725  
726  END;
727  /

Package body created.

SQL> @@../otap_ddl/packages/otap_plan.pks
SQL> -- (C) 2024 Michael Lindenau licensed via https://www.gnu.org/licenses/agpl-3.0.txt
SQL> -- and https://toent.ch/licenses/AI_DISCLOSURE_LICENSE_V1
SQL> -- Not allowed to be used as AI training material without explicite permission.
SQL> -- provides the pgTap plan and finish functionality to otap_test.
SQL> CREATE OR REPLACE PACKAGE otap_plan
  2  AS
  3  
  4    /**
  5    * This package provides the functions used by the wrapper package otap_test for test
  6    * setup, name definitions and test maintenance.
  7    *
  8    * It is a main for package otap_test or packages which have an OTAP_SESSION object
  9    * from otap_test. Otherwise won't work as expected. Exceptions are raised, if not handled.
 10    *
 11    * -20099 Internal error, OTAP_SESSION object not valid. Details see specific error message.
 12    */
 13  
 14    /** FUNCTION otap_plan.write_test_result
 15    * Writes the result of a test to OTAP_RESULTS. If OTAP_SESSION persist_test is set to FALSE
 16    * the TO_DELETE flag is set on insert. Will retrieve most of the details from the current
 17    * session_record given by OTAP_TEST package or the test function using this procedure.
 18    * Will fail the test, if p_test_passed is not valid. Adds a new test to the session variable
 19    * and returns the result as VARCHAR2 message. Defines the test end by being called.
 20    *
 21    * @param p_test_description The test description for a specific test. If missing, will generate Unspecified test x where x is a SCN number.
 22    * @param o_otap_session A valid OTAP_SESSION object to be used for update and the insert with details on the test category and scope.
 23    * @param p_used_schema The schema used for the test. May differ from session object.
 24    * @param p_test_passed A valid test passed ID, allowed values are otap_constants.OTAP_NUM_TEST_FAILED, otap_constants.OTAP_NUM_TEST_PASSED and otap_constants.OTAP_NUM_TEST_UNDEFINED.
 25    * @param p_test_start The timestamp of the test start, must be provided by test functions.
 26    * @param p_test_errors Test error information limited to 4000 chars.
 27    *
 28    * @return The result as message to display, limited to 4000 char.
 29    */
 30    FUNCTION write_test_result( p_test_description IN	    VARCHAR2
 31  				 , o_otap_session     IN OUT NOCOPY OTAP_SESSION
 32  				 , p_schema_used      IN	    VARCHAR2
 33  				 , p_test_passed      IN	    NUMBER
 34  				 , p_test_start       IN	    TIMESTAMP
 35  				 , p_test_errors      IN	    VARCHAR2
 36  				 )
 37  	 RETURN VARCHAR2
 38    ;
 39  
 40    /** PROCEDURE otap_plan.write_count_result
 41    * Checks if intended_count is set and writes a final test record about expected and executed tests.
 42    * Does nothing if OTAP_SESSION intended_count less or equal to 0. This test is not counted within
 43    * the test count.
 44    *
 45    * @param o_otap_session A valid OTAP_SESSION object to be used for test result insert.
 46    */
 47    PROCEDURE write_count_result(o_otap_session IN OUT NOCOPY OTAP_SESSION);
 48  
 49    /** FUNCTION otap_plan.init_test
 50    * Provides the init_test functionality needed by otap_test and setting the package session variables.
 51    * Errors will get logged.
 52    *
 53    * @param p_test_count The amount of tests expected to be executed when called.
 54    * @param p_test_set The name of the test set applied if the name of the executed test procedure or function does not provide a test set name or name precendence is disabled.
 55    * @param p_test_group The name of the test group applied if the name of the executed test procedure or function does not provide a test group name or name precendence is disabled.
 56    * @param p_test_name The name of the test name applied if the name of the executed test procedure or function does not provide a test name or name precendence is disabled.
 57    * @param p_prefix The prefix to use for identifying test functions and procedures. Limited to 4 chars. Test functions and procedures must have a trailing delimiter _ after the prefix to be identified.
 58    * @param p_language_id The session language id to use for test reports and results. Limited to 3 chars. If language has no translation, default is used.
 59    * @param p_name_precedence Can disable the naming conventions for otap. If set to otap_constants.OTAP_NUM_FALSE, all tests will run under the defined test set and group, set by init_test.
 60    * @param p_include_pkg Can enable to search also packages and package procedures and functions that fit the naming convention with the given prefix, if set to otap_constants.OTAP_NUM_TRUE.
 61    * @param p_persist Can enable to persist the test results longer than the current default of PRESERVE_DAYS in OTAP_CONFIG, if set to otap_constants.OTAP_NUM_TRUE.
 62    * The following parameters are expected from OTAP_TEST package. Caller should not set this variables.
 63    * @param p_schema The current schema from caller environment as reported from otap_test.
 64    * @param p_user The current user from caller environment as reported from otap_test.
 65    * @param p_executor The session user from caller environment as reported from otap_test.
 66    * @param o_otap_session The OTAP_SESSION object to set.
 67    *
 68    * @return The current test session settings as text LF delimited.
 69    */
 70    FUNCTION init_test( p_test_count 	 IN	       NUMBER
 71  			 , p_test_set		 IN	       VARCHAR2
 72  			 , p_test_group 	 IN	       VARCHAR2
 73  			 , p_test_name		 IN	       VARCHAR2
 74  			 , p_prefix		 IN	       VARCHAR2
 75  			 , p_language_id	 IN	       VARCHAR2
 76  			 , p_name_precedence	 IN	       NUMBER
 77  			 , p_include_pkg	 IN	       NUMBER
 78  			 , p_persist		 IN	       NUMBER
 79  			 , p_schema		 IN	       VARCHAR2
 80  			 , p_user		 IN	       VARCHAR2
 81  			 , p_executor		 IN	       VARCHAR2
 82  			 , o_otap_session	 IN OUT NOCOPY OTAP_SESSION
 83  			 )
 84  	 RETURN VARCHAR2
 85    ;
 86  
 87    /** FUNCTION otap_plan.finish_test
 88    * Resets the OTAP_SESSION object. Will set a new session id, reset the counters and the names
 89    * for test set, group and name. When a test session is finished, the test session view will not
 90    * longer show the tests from the old session. If intended count is set, a test record about
 91    * executed and expected tests is written.
 92    *
 93    * @param p_write_count_rec The indicator, if record count test should be done and written. Either otap_constants.OTAP_NUM_TRUE or otap_constants.OTAP_NUM_FALSE.
 94    * @param o_otap_session The current session_record from OTAP_TEST package.
 95    *
 96    * @return A summary of the old session and details of the new session as text message LF delimited.
 97    *
 98    * @exception -20099 Internal error, invalid OTAP_SESSION object.
 99    */
100    FUNCTION finish_test( p_write_count_rec IN	     NUMBER
101  			   , o_otap_session    IN OUT NOCOPY OTAP_SESSION
102  			   )
103  	 RETURN VARCHAR2
104    ;
105  
106    /** FUNCTION otap_api.finish_test_with_exit_code
107    * This function is for automation purposes. It translates and returns an exit code that can be uses in CMD and shell scripts
108    * to handle reactions based on the output of a test session, e.g. if test is passed you don't need probably the test report. Or you want
109    * your build to fail, if test is not passed.
110    *
111    * Equal to finish_test apart from the return value check and translation. Undefined overrules failed. If undefined is returned, also
112    * failed tests may be contained in the current test report. If you finish a test session without any test run, the result is UNDEFINED.
113    *
114    * @param p_write_count_rec The indicator, if record count test should be done and written. Either otap_constants.OTAP_NUM_TRUE or otap_constants.OTAP_NUM_FALSE.
115    * @param o_otap_session The current session_record from OTAP_TEST package.
116    *
117    * @return A positive integer as result. 0 = success, all tests passed. 1 = at least one test failed. 2 = at least one test undefined.
118    *
119    * @exception -20099 Internal error, invalid OTAP_SESSION object.
120    */
121    FUNCTION finish_test_with_exit_code( p_write_count_rec IN	    NUMBER
122  					  , o_otap_session    IN OUT NOCOPY OTAP_SESSION
123  					  )
124  	 RETURN NUMBER
125    ;
126  
127  END;
128  /

Package created.

SQL> @@../otap_ddl/packages/otap_plan.pkb
SQL> -- (C) 2024 Michael Lindenau licensed via https://www.gnu.org/licenses/agpl-3.0.txt
SQL> -- and https://toent.ch/licenses/AI_DISCLOSURE_LICENSE_V1
SQL> -- Not allowed to be used as AI training material without explicite permission.
SQL> CREATE OR REPLACE PACKAGE BODY otap_plan
  2  AS
  3    -- for description see header file
  4    FUNCTION write_test_result( p_test_description IN	    VARCHAR2
  5  				 , o_otap_session     IN OUT NOCOPY OTAP_SESSION
  6  				 , p_schema_used      IN	    VARCHAR2
  7  				 , p_test_passed      IN	    NUMBER
  8  				 , p_test_start       IN	    TIMESTAMP
  9  				 , p_test_errors      IN	    VARCHAR2
 10  				 )
 11  	 RETURN VARCHAR2
 12    IS
 13  	 l_script	     VARCHAR2(1024 CHAR) := 'otap_plan.write_test_result';
 14  	 l_test_passed	     INTEGER;
 15  	 l_test_description  VARCHAR2(256 CHAR);
 16  	 l_errors	     VARCHAR2(4000 CHAR);
 17  	 l_to_delete	     INTEGER;
 18  	 l_end		     TIMESTAMP;
 19  	 l_return	     VARCHAR2(4000 CHAR);
 20    BEGIN
 21  	 otap_objects.otap_session_verify(o_otap_session);
 22  	 IF NVL(LENGTH(TRIM(p_test_errors)), 0) > 4000
 23  	 THEN
 24  	   l_errors := otap_string.reduce(p_test_errors, 4000);
 25  	 ELSE
 26  	   l_errors := TRIM(p_test_errors);
 27  	 END IF;
 28  	 IF p_test_passed IN (otap_constants.OTAP_NUM_TEST_FAILED, otap_constants.OTAP_NUM_TEST_PASSED, otap_constants.OTAP_NUM_TEST_UNDEFINED)
 29  	 THEN
 30  	   l_test_passed := p_test_passed;
 31  	 ELSE
 32  	   l_test_passed := otap_constants.OTAP_NUM_TEST_FAILED;
 33  	   l_errors	 := otap_string.reduce('Invalid test passed value: ' || p_test_passed || otap_constants.OTAP_INTERNAL_LF || l_errors, 4000);
 34  	   otap_log.log('ERROR The given value for test passed ' || p_test_passed || ' for test description ' || p_test_description || ' is not valid.', l_script, 'p_test_passed IN (otap_constants.OTAP_NUM_TEST_FAILED, otap_constants.OTAP_NUM_TEST_PASSED, otap_constants.OTAP_NUM_TEST_UNDEFINED)');
 35  	 END IF;
 36  	 IF p_test_description IS NULL
 37  	 THEN
 38  	   l_test_description := 'Unspecified test ' || TIMESTAMP_TO_SCN(SYSTIMESTAMP);
 39  	   l_errors	      := otap_string.reduce('Missing test description' || otap_constants.OTAP_INTERNAL_LF || l_errors, 4000);
 40  	 ELSE
 41  	   IF LENGTH(p_test_description) > 256
 42  	   THEN
 43  	     l_test_description := otap_string.reduce(p_test_description, 256);
 44  	     l_errors		:= otap_string.reduce('Test description too long, cutted' || otap_constants.OTAP_INTERNAL_LF || l_errors, 4000);
 45  	   ELSE
 46  	     l_test_description := TRIM(p_test_description);
 47  	   END IF;
 48  	 END IF;
 49  	 -- set delete flag as stored
 50  	 l_to_delete := CASE WHEN o_otap_session.persist_test THEN otap_constants.OTAP_NUM_FALSE ELSE otap_constants.OTAP_NUM_TRUE END;
 51  	 l_end := SYSTIMESTAMP;
 52  	 -- ready to insert
 53  	 otap_util.write_test_result( l_to_delete
 54  				    , l_test_passed
 55  				    , o_otap_session.session_id
 56  				    , o_otap_session.test_executor
 57  				    , o_otap_session.test_set
 58  				    , o_otap_session.db_user
 59  				    , NVL(p_schema_used, o_otap_session.db_schema)
 60  				    , o_otap_session.test_group
 61  				    , p_test_start
 62  				    , l_end
 63  				    , o_otap_session.test_name
 64  				    , l_test_description
 65  				    , l_errors
 66  				    )
 67  	 ;
 68  	 -- add test to session var
 69  	 otap_objects.otap_session_add_test(l_test_passed, o_otap_session);
 70  	 l_return := otap_string.reduce(otap_util.test_result_to_text(l_test_passed, o_otap_session.session_language) || ' ' || l_test_description, 4000);
 71  	 RETURN l_return;
 72    EXCEPTION
 73  	 WHEN OTHERS THEN
 74  	   IF SQLCODE != -20099
 75  	   THEN
 76  	     -- log unhandled exceptions
 77  	     otap_log.log(SQLERRM, l_script, 'Unhandled exception ' || l_script || ' call');
 78  	   END IF;
 79  	   RAISE;
 80    END write_test_result;
 81  
 82    PROCEDURE write_count_result(o_otap_session IN OUT NOCOPY OTAP_SESSION)
 83    IS
 84  	 l_script	     VARCHAR2(1024 CHAR) := 'otap_plan.write_count_result';
 85  	 l_test_passed	     INTEGER;
 86  	 l_test_count	     INTEGER;
 87  	 l_test_description  VARCHAR2(256 CHAR);
 88  	 l_errors	     VARCHAR2(4000 CHAR);
 89  	 l_start	     TIMESTAMP;
 90  	 l_tmp_otap_session  OTAP_SESSION;
 91  	 l_return	     VARCHAR2(4000 CHAR);
 92    BEGIN
 93  	 l_start := SYSTIMESTAMP;
 94  	 -- only write a record, if intended count is set, do nothing otherwise
 95  	 IF o_otap_session.intended_count > 0
 96  	 THEN
 97  	   -- we have a test pending not counted yet
 98  	   l_test_count       := o_otap_session.test_count + 1;
 99  	   l_test_passed      := CASE WHEN l_test_count = o_otap_session.intended_count THEN otap_constants.OTAP_NUM_TEST_PASSED ELSE otap_constants.OTAP_NUM_TEST_FAILED END;
100  	   l_test_description := otap_string.reduce(otap_report.get_count_desc(l_test_count, o_otap_session.intended_count), 256);
101  	   l_errors	      := NULL;
102  	   l_tmp_otap_session := otap_objects.otap_session_test_setup( o_otap_session
103  								     , otap_util.get_config_value(otap_util.CFG_TEXT_TEST_SETUP_SET, o_otap_session.session_language)
104  								     , otap_util.get_config_value(otap_util.CFG_TEXT_TEST_SETUP_GROUP, o_otap_session.session_language)
105  								     , otap_util.get_config_value(otap_util.CFG_TEXT_TEST_SETUP_NAME, o_otap_session.session_language)
106  								     )
107  	   ;
108  	   l_tmp_otap_session.test_count := l_test_count;
109  	   l_return := otap_plan.write_test_result(l_test_description, l_tmp_otap_session, NULL, l_test_passed, l_start, l_errors);
110  	   -- take over the test and error count changes
111  	   o_otap_session.test_count  := l_tmp_otap_session.test_count;
112  	   o_otap_session.error_count := l_tmp_otap_session.error_count;
113  	 END IF;
114    EXCEPTION
115  	 WHEN OTHERS THEN
116  	   IF SQLCODE != -20099
117  	   THEN
118  	     -- log unhandled exceptions
119  	     otap_log.log(SQLERRM, l_script, 'Unhandled exception ' || l_script || ' call');
120  	   END IF;
121  	   RAISE;
122    END write_count_result;
123  
124    FUNCTION init_test( p_test_count 	 IN	       NUMBER
125  			 , p_test_set		 IN	       VARCHAR2
126  			 , p_test_group 	 IN	       VARCHAR2
127  			 , p_test_name		 IN	       VARCHAR2
128  			 , p_prefix		 IN	       VARCHAR2
129  			 , p_language_id	 IN	       VARCHAR2
130  			 , p_name_precedence	 IN	       NUMBER
131  			 , p_include_pkg	 IN	       NUMBER
132  			 , p_persist		 IN	       NUMBER
133  			 , p_schema		 IN	       VARCHAR2
134  			 , p_user		 IN	       VARCHAR2
135  			 , p_executor		 IN	       VARCHAR2
136  			 , o_otap_session	 IN OUT NOCOPY OTAP_SESSION
137  			 )
138  	 RETURN VARCHAR2
139    IS
140  	 l_script  VARCHAR2(1024 CHAR) := 'otap_plan.init_test';
141  	 l_message VARCHAR2(4000 CHAR);
142    BEGIN
143  	 -- if test count is not 0 this is a reset, write a test count record, if intended count is set
144  	 IF	o_otap_session.test_count      > 0
145  	    AND (   o_otap_session.intended_count  > 0
146  		 OR NVL(p_test_count, 0)	   > 0
147  		)
148  	 THEN
149  	   -- write record with current values
150  	   otap_plan.write_count_result(o_otap_session);
151  	   l_message := 'Closed test session summary' || otap_constants.OTAP_INTERNAL_LF;
152  	   l_message := l_message || otap_objects.otap_session_summary(o_otap_session) || otap_constants.OTAP_INTERNAL_LF;
153  	 END IF;
154  	 -- now start setting the new values
155  	 l_message := l_message || otap_objects.otap_session_set( p_test_count
156  								, p_test_set
157  								, p_test_group
158  								, p_test_name
159  								, p_prefix
160  								, p_language_id
161  								, p_name_precedence
162  								, p_include_pkg
163  								, p_persist
164  								, p_schema
165  								, p_user
166  								, p_executor
167  								, o_otap_session
168  								)
169  	 ;
170  	 RETURN l_message;
171    EXCEPTION
172  	 WHEN OTHERS THEN
173  	   IF SQLCODE != -20099
174  	   THEN
175  	     otap_log.log(SQLERRM, l_script, 'Unhandled exception ' || l_script || ' call');
176  	   END IF;
177  	   RAISE;
178    END init_test;
179  
180    FUNCTION finish_test( p_write_count_rec IN	     NUMBER
181  			   , o_otap_session    IN OUT NOCOPY OTAP_SESSION
182  			   )
183  	 RETURN VARCHAR2
184    IS
185  	 l_script  VARCHAR2(1024 CHAR) := 'otap_plan.finish_test';
186  	 l_message VARCHAR2(4000 CHAR);
187    BEGIN
188  	 IF p_write_count_rec = otap_constants.OTAP_NUM_TRUE
189  	 THEN
190  	   otap_plan.write_count_result(o_otap_session);
191  	 END IF;
192  	 l_message := otap_objects.otap_session_finish(o_otap_session);
193  	 RETURN l_message;
194    EXCEPTION
195  	 WHEN OTHERS THEN
196  	   IF SQLCODE != -20099
197  	   THEN
198  	     otap_log.log(SQLERRM, l_script, 'Unhandled exception ' || l_script || ' call');
199  	   END IF;
200  	   RAISE;
201    END finish_test;
202  
203    FUNCTION finish_test_with_exit_code( p_write_count_rec IN	    NUMBER
204  					  , o_otap_session    IN OUT NOCOPY OTAP_SESSION
205  					  )
206  	 RETURN NUMBER
207    IS
208  	 l_script  VARCHAR2(1024 CHAR) := 'otap_plan.finish_test_with_exit_code';
209  	 l_message VARCHAR2(4000 CHAR);
210  	 l_return  INTEGER;
211    BEGIN
212  	 IF p_write_count_rec = otap_constants.OTAP_NUM_TRUE
213  	 THEN
214  	   otap_plan.write_count_result(o_otap_session);
215  	 END IF;
216  	 -- check the test status of the current session before closing
217  	   WITH trl AS
218  		(SELECT test_session_id
219  		      , CASE test_passed WHEN 1 THEN 0 WHEN -1 THEN 1 ELSE 2 END AS exit_code
220  		   FROM otap_results
221  		  WHERE test_session_id = o_otap_session.session_id
222  		)
223  	 SELECT NVL(MAX(exit_code), 2)
224  	   INTO l_return
225  	   FROM trl
226  	 ;
227  	 -- finish the session
228  	 l_message := otap_objects.otap_session_finish(o_otap_session);
229  	 -- return exit code
230  	 RETURN l_return;
231    EXCEPTION
232  	 WHEN OTHERS THEN
233  	   IF SQLCODE != -20099
234  	   THEN
235  	     otap_log.log(SQLERRM, l_script, 'Unhandled exception ' || l_script || ' call');
236  	   END IF;
237  	   RAISE;
238    END finish_test_with_exit_code;
239  
240  END;
241  /

Package body created.

SQL> @@../otap_ddl/packages/otap_schema.pks
SQL> -- (C) 2024 Michael Lindenau licensed via https://www.gnu.org/licenses/agpl-3.0.txt
SQL> -- and https://toent.ch/licenses/AI_DISCLOSURE_LICENSE_V1
SQL> -- Not allowed to be used as AI training material without explicite permission.
SQL> -- Provides test functions related to schema objects.
SQL> CREATE OR REPLACE PACKAGE otap_schema
  2  AS
  3  
  4    /**
  5    * This package provides the internal available test functions for schema objects which
  6    * are used by OTAP_API. All functions use PLSQL variable types as they are behind OTAP_API.
  7    *
  8    * All functions return a numeric test result as defined in otap_constants.OTAP_NUM_TEST_PASSED,
  9    * otap_constants.OTAP_NUM_TEST_FAILED, otap_constants.OTAP_NUM_TEST_UNDEFINED.
 10    *
 11    * Test functions never manage session variables, but they always provide an error output. Decisions
 12    * based on session objects, e.g. which schema to use, must be managed by OTAP_API.
 13    */
 14  
 15    /** FUNCTION otap_schema.has_table
 16    * Tests if a table exists and returns a numeric test result.
 17    *
 18    * @param p_table_name The name of the table, taken as is. Case sensitive.
 19    * @param o_error Error information, if any, on the test executed.
 20    * @param p_schema The schema to use. If NULL current schema is used. Case sensitive.
 21    * @param p_expected_result The expected test result as number. Default is test passed. See otap_constants.
 22    *
 23    * @return The test result as number, either otap_constants.OTAP_NUM_TEST_PASSED, otap_constants.OTAP_NUM_TEST_FAILED or otap_constants.OTAP_NUM_TEST_UNDEFINED.
 24    */
 25    FUNCTION has_table( p_table_name      IN 	   VARCHAR2
 26  			 , o_errors		OUT NOCOPY VARCHAR2
 27  			 , p_schema	     IN 	   VARCHAR2 DEFAULT SYS_CONTEXT('USERENV', 'CURRENT_SCHEMA')
 28  			 , p_expected_result IN 	   NUMBER   DEFAULT otap_constants.OTAP_NUM_TEST_PASSED
 29  			 )
 30  	 RETURN INTEGER
 31    ;
 32  
 33    /** FUNCTION otap_schema.has_column
 34    * Tests basically if a table column exists. Additional tests on the column can be added by using the additional
 35    * parameters with default NULL. The expected values have to match the content of DBA_TAB_COLUMNS for the given table,
 36    * column and schema.
 37    *
 38    * If checking defaults, it is limited to defaults not longer than 4000 char, using the DATA_DEFAULT_VC column. Expressions
 39    * must match all chars in the default, like quotation. Use q-syntax where possible to define correct strings, e.g.
 40    * SELECT q'[SYS_CONTEXT('USERENV', 'OS_USER')]' FROM dual;
 41    *
 42    * @param p_table_name The name of the table, taken as is. Case sensitive.
 43    * @param p_column_name The column name of the table, taken as is. Case sensitive.
 44    * @param o_error Error information, if any, on the test executed.
 45    * @param p_schema The schema to use. If NULL current schema is used. Case sensitive.
 46    * @param p_data_type Optional check the datatype of the column. Ignored if NULL. NOT case sensitive.
 47    * @param p_data_length Optional check the data length of the column. Ignored if NULL.
 48    * @param p_data_precision Optional check the data precision of the column. Ignored if NULL. Results in test error if datatype is not NUMBER.
 49    * @param p_data_scale Optional check the data scale of the column. Ignored if NULL. Results in test error if datatype is not NUMBER or TIMESTAMP.
 50    * @param p_nullable Optional check if the column is nullable. Ignored if NULL. NOT case sensitive.
 51    * @param p_data_default Optional check the default for the column. Ignored if NULL. Must match all chars, including ' and ". Limited to defaults shorter than 4000 chars.
 52    * @param p_expected_result The expected test result as number. Default is test passed. See otap_constants.
 53    *
 54    * @return The test result as number, either otap_constants.OTAP_NUM_TEST_PASSED, otap_constants.OTAP_NUM_TEST_FAILED or otap_constants.OTAP_NUM_TEST_UNDEFINED.
 55    */
 56    FUNCTION has_column( p_table_name      IN	    VARCHAR2
 57  			  , p_column_name     IN	    VARCHAR2
 58  			  , o_errors		 OUT NOCOPY VARCHAR2
 59  			  , p_schema	      IN	    VARCHAR2 DEFAULT SYS_CONTEXT('USERENV', 'CURRENT_SCHEMA')
 60  			  , p_data_type       IN	    VARCHAR2 DEFAULT NULL
 61  			  , p_data_length     IN	    NUMBER   DEFAULT NULL
 62  			  , p_data_precision  IN	    NUMBER   DEFAULT NULL
 63  			  , p_data_scale      IN	    NUMBER   DEFAULT NULL
 64  			  , p_nullable	      IN	    VARCHAR2 DEFAULT NULL
 65  			  , p_data_default    IN	    VARCHAR2 DEFAULT NULL
 66  			  , p_expected_result IN	    NUMBER   DEFAULT otap_constants.OTAP_NUM_TEST_PASSED
 67  			  )
 68  	 RETURN INTEGER
 69    ;
 70  
 71    /** FUNCTION otap_schema.has_package
 72    * Checks if a given package exists. Check if header and body, if available, are valid by default.
 73    *
 74    * @param p_package_name The name of the package, take as is. Case sensitive.
 75    * @param o_error Error information, if any, on the test executed.
 76    * @param p_schema The schema to use. If NULL current schema is used. Case sensitive.
 77    * @param p_package_type The object type of the package. PACKAGE or PACKAGE BODY. Not case sensitive. Invalid values cause test result undefined.
 78    * @param p_expected_result The expected test result as number. Default is test passed. See otap_constants.
 79    *
 80    * @return The test result as number, either otap_constants.OTAP_NUM_TEST_PASSED, otap_constants.OTAP_NUM_TEST_FAILED or otap_constants.OTAP_NUM_TEST_UNDEFINED.
 81    */
 82    FUNCTION has_package( p_package_name    IN	     VARCHAR2
 83  			   , o_errors		  OUT NOCOPY VARCHAR2
 84  			   , p_schema	       IN	     VARCHAR2 DEFAULT SYS_CONTEXT('USERENV', 'CURRENT_SCHEMA')
 85  			   , p_package_type    IN	     VARCHAR2 DEFAULT 'PACKAGE'
 86  			   , p_expected_result IN	     NUMBER   DEFAULT otap_constants.OTAP_NUM_TEST_PASSED
 87  			   )
 88  	 RETURN INTEGER
 89    ;
 90  
 91    /** FUNCTION otap_schema.has_procedure
 92    * Checks if a given procedure or function exists. If package is given, the package procedure or function
 93    * is checked.
 94    *
 95    * @param p_procedure_name The name of the procedure or function, take as is. Case sensitive.
 96    * @param o_error Error information, if any, on the test executed.
 97    * @param p_schema The schema to use. If NULL current schema is used. Case sensitive.
 98    * @param p_procedure_type Procedure type, mandatory. Either FUNCTION (default) or PROCEDURE. Not case sensitive. Invalid values cause test result undefined.
 99    * @param p_package_name Either NULL (normal functions and procedures) or a package name for package functions and procedures. Case sensitive.
100    * @param p_return_type Either NULL (procedures) or the return data type of a function. Not case sensitive.
101    * @param p_expected_result The expected test result as number. Default is test passed. See otap_constants.
102    *
103    * @return The test result as number, either otap_constants.OTAP_NUM_TEST_PASSED, otap_constants.OTAP_NUM_TEST_FAILED or otap_constants.OTAP_NUM_TEST_UNDEFINED.
104    */
105    FUNCTION has_procedure( p_procedure_name  IN	       VARCHAR2
106  			     , o_errors 	    OUT NOCOPY VARCHAR2
107  			     , p_schema 	 IN	       VARCHAR2 DEFAULT SYS_CONTEXT('USERENV', 'CURRENT_SCHEMA')
108  			     , p_procedure_type  IN	       VARCHAR2 DEFAULT 'FUNCTION'
109  			     , p_package_name	 IN	       VARCHAR2 DEFAULT NULL
110  			     , p_return_type	 IN	       VARCHAR2 DEFAULT NULL
111  			     , p_expected_result IN	       NUMBER	DEFAULT otap_constants.OTAP_NUM_TEST_PASSED
112  			     )
113  	 RETURN INTEGER
114    ;
115  
116    /** FUNCTION otap_schema.has_trigger
117    * Checks if a given trigger exists.
118    *
119    * @param p_trigger_name The name of the trigger, take as is. Case sensitive.
120    * @param o_error Error information, if any, on the test executed.
121    * @param p_schema The schema to use. If NULL current schema is used. Case sensitive.
122    * @param p_trigger_type The trigger type as in USER_TRIGGERS. Optional. Not case sensitive. Invalid values cause test failed.
123    * @param p_trigger_event The triggering event as in USER_TRIGGERS. Optional. Not case sensitive.
124    * @param p_table_owner The table owner as in USER_TRIGGERS. Optional. Case sensitive.
125    * @param p_table_name The table name as in USER_TRIGGERS. Optional. Case sensitive.
126    * @param p_expected_result The expected test result as number. Default is test passed. See otap_constants.
127    *
128    * @return The test result as number, either otap_constants.OTAP_NUM_TEST_PASSED, otap_constants.OTAP_NUM_TEST_FAILED or otap_constants.OTAP_NUM_TEST_UNDEFINED.
129    */
130    FUNCTION has_trigger( p_trigger_name    IN	     VARCHAR2
131  			   , o_errors		  OUT NOCOPY VARCHAR2
132  			   , p_schema	       IN	     VARCHAR2 DEFAULT SYS_CONTEXT('USERENV', 'CURRENT_SCHEMA')
133  			   , p_trigger_type    IN	     VARCHAR2 DEFAULT NULL
134  			   , p_trigger_event   IN	     VARCHAR2 DEFAULT NULL
135  			   , p_table_owner     IN	     VARCHAR2 DEFAULT NULL
136  			   , p_table_name      IN	     VARCHAR2 DEFAULT NULL
137  			   , p_expected_result IN	     NUMBER   DEFAULT otap_constants.OTAP_NUM_TEST_PASSED
138  			   )
139  	 RETURN INTEGER
140    ;
141  
142    /** FUNCTION otap_schema.has_object
143    * Checks if a given database object exists in DBA_OBJECTS.
144    *
145    * @param p_object_name The name of the object, take as is. Case sensitive.
146    * @param p_object_type The object type of the given object. Mandatory. Object must be unique identifiable, otherwise test will result in undefined. Not case sensitive.
147    * @param o_error Error information, if any, on the test executed.
148    * @param p_schema The schema to use. If NULL current schema is used. Case sensitive.
149    * @param p_expected_result The expected test result as number. Default is test passed. See otap_constants.
150    *
151    * @return The test result as number, either otap_constants.OTAP_NUM_TEST_PASSED, otap_constants.OTAP_NUM_TEST_FAILED or otap_constants.OTAP_NUM_TEST_UNDEFINED.
152    */
153    FUNCTION has_object( p_object_name     IN	    VARCHAR2
154  			  , p_object_type     IN	    VARCHAR2
155  			  , o_errors		 OUT NOCOPY VARCHAR2
156  			  , p_schema	      IN	    VARCHAR2 DEFAULT SYS_CONTEXT('USERENV', 'CURRENT_SCHEMA')
157  			  , p_expected_result IN	    NUMBER   DEFAULT otap_constants.OTAP_NUM_TEST_PASSED
158  			  )
159  	 RETURN INTEGER
160    ;
161  
162    /** FUNCTION otap_schema.has_constraint
163    * Checks if a given table has a constraint of the given type. Optional you can specify column and constraint name.
164    * Supported constraint types:
165    * C - Check constraint on a table
166    * P - Primary key
167    * U - Unique key
168    * R - Referential integrity - use has_ref_constraint for more options
169    * V - With check option, on a view
170    * O - With read only, on a view
171    * H - Hash expression
172    * F - Constraint that involves a REF column - use has_ref_constraint for more options
173    * S is not supported, could not find or create an example to examine. SUPPLEMENTAL LOG clause only reflects in CDEF$ and CCOL$.
174    *
175    * @param p_table_name Mandatory. The table to be checked for constraint, take as is. Case sensitive. Missing value will cause test to fail.
176    * @param o_error Error information, if any, on the test executed.
177    * @param p_constraint_type Mandatory. A valid constraint type. Not case sensitive. Wrong values will cause the test to fail.
178    * @param p_column_name Optional. The column that is part of the constraint. Case sensitive.
179    * @param p_constraint Optional. The name of the constraint. Case sensitive.
180    * @param p_schema The schema to use. If NULL current schema is used. Case sensitive.
181    * @param p_expected_result The expected test result as number. Default is test passed. See otap_constants.
182    *
183    * @return The test result as number, either otap_constants.OTAP_NUM_TEST_PASSED, otap_constants.OTAP_NUM_TEST_FAILED or otap_constants.OTAP_NUM_TEST_UNDEFINED.
184    */
185    FUNCTION has_constraint( p_table_name	  IN		VARCHAR2
186  			      , o_errors	     OUT NOCOPY VARCHAR2
187  			      , p_constraint_type IN		VARCHAR2 DEFAULT 'C'
188  			      , p_column_name	  IN		VARCHAR2 DEFAULT NULL
189  			      , p_constraint	  IN		VARCHAR2 DEFAULT NULL
190  			      , p_schema	  IN		VARCHAR2 DEFAULT SYS_CONTEXT('USERENV', 'CURRENT_SCHEMA')
191  			      , p_expected_result IN		NUMBER	 DEFAULT otap_constants.OTAP_NUM_TEST_PASSED
192  			      )
193  	 RETURN INTEGER
194    ;
195  
196    /** FUNCTION otap_schema.has_ref_constraint
197    * Checks if a given table has a reference constraint. You may also use has_constraint. But if you want to check the
198    * referenced owner, constraint, column and table, you have to use this function.
199    *
200    * @param p_table_name Mandatory. The table to be checked for the reference constraint, take as is. Case sensitive.
201    * @param o_error Error information, if any, on the test executed.
202    * @param p_constraint_type Mandatory. A valid ref constraint type. Not case sensitive. Only 'R' and 'F' allowed, 'R' on invalid or empty values.
203    * @param p_column_name Optional. The column that is part of the reference constraint. Case sensitive.
204    * @param p_constraint Optional. The name of the reference constraint. Case sensitive.
205    * @param p_schema The schema to use. If NULL current schema is used. Case sensitive.
206    * @param p_r_table_name Optional. The referenced table of the reference constraint, take as is. Case sensitive.
207    * @param p_r_column_name Optional. The referenced column that is part of the reference constraint. Case sensitive.
208    * @param p_r_constraint Optional. The name of the referenced constraint by the reference constraint. Case sensitive.
209    * @param p_r_schema Optional. The reference schema of the constraint. Case sensitive.
210    * @param p_expected_result The expected test result as number. Default is test passed. See otap_constants.
211    *
212    * @return The test result as number, either otap_constants.OTAP_NUM_TEST_PASSED, otap_constants.OTAP_NUM_TEST_FAILED or otap_constants.OTAP_NUM_TEST_UNDEFINED.
213    */
214    FUNCTION has_ref_constraint( p_table_name      IN	    VARCHAR2
215  				  , o_errors		 OUT NOCOPY VARCHAR2
216  				  , p_constraint_type IN	    VARCHAR2 DEFAULT 'R'
217  				  , p_column_name     IN	    VARCHAR2 DEFAULT NULL
218  				  , p_constraint      IN	    VARCHAR2 DEFAULT NULL
219  				  , p_schema	      IN	    VARCHAR2 DEFAULT SYS_CONTEXT('USERENV', 'CURRENT_SCHEMA')
220  				  , p_r_table_name    IN	    VARCHAR2 DEFAULT NULL
221  				  , p_r_column_name   IN	    VARCHAR2 DEFAULT NULL
222  				  , p_r_constraint    IN	    VARCHAR2 DEFAULT NULL
223  				  , p_r_schema	      IN	    VARCHAR2 DEFAULT NULL
224  				  , p_expected_result IN	    NUMBER   DEFAULT otap_constants.OTAP_NUM_TEST_PASSED
225  				  )
226  	 RETURN INTEGER
227    ;
228  
229    /** FUNCTION otap_schema.has_not_null_constraint
230    * Checks if a given table column has a not null check constraint. Optional you can specify the constraint name. NOT NULL constraint is
231    * somewhat special as it is recommended for inline creation, which generates system constraint names. You are also free to create it
232    * outbound. Therefore in most cases the constraint name is not defined or may change on recreation. Also NULLABLE may not reflect an
233    * existing outbound NOT NULL constraint. This function checks also the definition, which has the generated format: "COLUMN_NAME" IS NOT NULL.
234    * Any outbund declaration will probably look different. Therefore the term "IS NOT NULL" and the column name is searched after UPPER conversion
235    * of SEARCH_CONDITION_VC. Will not work for search conditions > 4000 char.
236    *
237    * @param p_table_name Mandatory. The table to be checked for NOT NULL constraint, take as is. Case sensitive. Missing value will cause test to fail.
238    * @param p_column_name Mandator. The column that is checked for the NOT NULL constraint. Case sensitive.
239    * @param o_error Error information, if any, on the test executed.
240    * @param p_constraint Optional. The name of the constraint. Case sensitive.
241    * @param p_schema The schema to use. If NULL current schema is used. Case sensitive.
242    * @param p_expected_result The expected test result as number. Default is test passed. See otap_constants.
243    *
244    * @return The test result as number, either otap_constants.OTAP_NUM_TEST_PASSED, otap_constants.OTAP_NUM_TEST_FAILED or otap_constants.OTAP_NUM_TEST_UNDEFINED.
245    */
246    FUNCTION has_not_null_constraint( p_table_name	   IN		 VARCHAR2
247  				       , p_column_name	   IN		 VARCHAR2
248  				       , o_errors	      OUT NOCOPY VARCHAR2
249  				       , p_constraint	   IN		 VARCHAR2 DEFAULT NULL
250  				       , p_schema	   IN		 VARCHAR2 DEFAULT SYS_CONTEXT('USERENV', 'CURRENT_SCHEMA')
251  				       , p_expected_result IN		 NUMBER   DEFAULT otap_constants.OTAP_NUM_TEST_PASSED
252  				       )
253  	 RETURN INTEGER
254    ;
255  
256    /** FUNCTION otap_schema.has_index
257    * Checks if a given index exists. You may specify table name or index name. Both values NULL will lead to test failed.
258    *
259    * @param p_table_name Mandatory if index name is NULL. The table name of the table that owns the index.
260    * @param o_error Error information, if any, on the test executed.
261    * @param p_column_name Optional. The column name used in the index. Case sensitive.
262    * @param p_index_name Mandatory if table name is NULL. The index name to check. Case sensitive.
263    * @param p_index_type Optional. The index type of the index to check. Not case sensitive.
264    * @param p_table_type Optional. The table type of the index to check. Not case sensitive.
265    * @param p_uniqueness Optional. The uniqueness of the index to check. Not case sensitive.
266    * @param p_tablespace_name Optional. The tablespace name used by the index to check. Case sensitive.
267    * @param p_partitioned Optional. The partitioned state of the index to check. Not case sensitive.
268    * @param p_schema The schema to use. If NULL current schema is used. Case sensitive.
269    * @param p_expected_result The expected test result as number. Default is test passed. See otap_constants.
270    *
271    * @return The test result as number, either otap_constants.OTAP_NUM_TEST_PASSED, otap_constants.OTAP_NUM_TEST_FAILED or otap_constants.OTAP_NUM_TEST_UNDEFINED.
272    */
273    FUNCTION has_index( p_table_name      IN 	   VARCHAR2
274  			 , o_errors		OUT NOCOPY VARCHAR2
275  			 , p_column_name     IN 	   VARCHAR2 DEFAULT NULL
276  			 , p_index_name      IN 	   VARCHAR2 DEFAULT NULL
277  			 , p_index_type      IN 	   VARCHAR2 DEFAULT NULL
278  			 , p_table_type      IN 	   VARCHAR2 DEFAULT NULL
279  			 , p_uniqueness      IN 	   VARCHAR2 DEFAULT NULL
280  			 , p_tablespace_name IN 	   VARCHAR2 DEFAULT NULL
281  			 , p_partitioned     IN 	   VARCHAR2 DEFAULT NULL
282  			 , p_schema	     IN 	   VARCHAR2 DEFAULT SYS_CONTEXT('USERENV', 'CURRENT_SCHEMA')
283  			 , p_expected_result IN 	   NUMBER   DEFAULT otap_constants.OTAP_NUM_TEST_PASSED
284  			 )
285  	 RETURN INTEGER
286    ;
287  
288    /** FUNCTION otap_schema.has_type
289    * Checks if a given type exists.
290    *
291    * @param p_type_name Mandatory. The name of the type to check. Case sensitive.
292    * @param o_error Error information, if any, on the test executed.
293    * @param p_typecode Optional. The typecode like OBJECT of the type to check. Not case sensitive.
294    * @param p_attributes Optional. The number of type attributes to check.
295    * @param p_methods Optional. The number of type methods to check.
296    * @param p_predefined Optional. The predefined state of the type to check. Not case sensitive.
297    * @param p_incomplete Optional. The incomplete state of the type to check. Not case sensitive.
298    * @param p_final Optional. The final state of the type to check. Not case sensitive.
299    * @param p_persistable Optional. The persistable state of the type to check. Not case sensitive.
300    * @param p_schema The schema to use. If NULL current schema is used. Case sensitive.
301    * @param p_expected_result The expected test result as number. Default is test passed. See otap_constants.
302    *
303    * @return The test result as number, either otap_constants.OTAP_NUM_TEST_PASSED, otap_constants.OTAP_NUM_TEST_FAILED or otap_constants.OTAP_NUM_TEST_UNDEFINED.
304    */
305    FUNCTION has_type( p_type_name	    IN		  VARCHAR2
306  			, o_errors	       OUT NOCOPY VARCHAR2
307  			, p_typecode	    IN		  VARCHAR2 DEFAULT NULL
308  			, p_attributes	    IN		  NUMBER   DEFAULT NULL
309  			, p_methods	    IN		  NUMBER   DEFAULT NULL
310  			, p_predefined	    IN		  VARCHAR2 DEFAULT NULL
311  			, p_incomplete	    IN		  VARCHAR2 DEFAULT NULL
312  			, p_final	    IN		  VARCHAR2 DEFAULT NULL
313  			, p_persistable     IN		  VARCHAR2 DEFAULT NULL
314  			, p_schema	    IN		  VARCHAR2 DEFAULT SYS_CONTEXT('USERENV', 'CURRENT_SCHEMA')
315  			, p_expected_result IN		  NUMBER   DEFAULT otap_constants.OTAP_NUM_TEST_PASSED
316  			)
317  	 RETURN INTEGER
318    ;
319  
320    /** FUNCTION otap_schema.has_sequence
321    * Checks if a given sequence exists. It can be identified either by the sequence name or the table and column name.
322    * If sequence name is NULL, table AND column name must be given to identify the sequence. In case the table owner
323    * differs from the sequence owner, the table owner can be specified. If not specified, the normal schema logic takes
324    * place.
325    *
326    * @param p_sequence_name Mandatory if not table and column name are given. The name of the sequence to check. Case sensitive.
327    * @param o_error Error information, if any, on the test executed.
328    * @param p_table_name Mandatory if sequence name is not given. The table name with the identity column that uses the sequence to check. Case sensitive.
329    * @param p_column_name Mandatory if sequence name is not given. The identity column name that uses the sequence to check. Case sensitive.
330    * @param p_min_value Optional. The minimum value attribute of the sequence to check.
331    * @param p_max_value Optional. The maximum value attribute of the sequence to check.
332    * @param p_increment_by Optional. The increment of the sequence to check.
333    * @param p_cycle_flag Optional. The cycle flag of the sequence to check. Not case sensitive.
334    * @param p_order_flag Optional. The order flag of the sequence to check. Not case sensitive.
335    * @param p_cache_size Optional. The cache size of the sequence to check.
336    * @param p_scale_flag Optional. The scale flag of the sequence to check. Not case sensitive.
337    * @param p_extend_flag Optional. The extend flag of the sequence to check. Not case sensitive.
338    * @param p_sharded_flag Optional. The sharded flag of the sequence to check. Not case sensitive.
339    * @param p_session_flag Optional. The session flag of the sequence to check. Not case sensitive.
340    * @param p_keep_value Optional. The keep value flag of the sequence to check. Not case sensitive.
341    * @param p_schema The schema to use. If NULL current schema is used. Case sensitive.
342    * @param p_expected_result The expected test result as number. Default is test passed. See otap_constants.
343    *
344    * @return The test result as number, either otap_constants.OTAP_NUM_TEST_PASSED, otap_constants.OTAP_NUM_TEST_FAILED or otap_constants.OTAP_NUM_TEST_UNDEFINED.
345    */
346    FUNCTION has_sequence( p_sequence_name	IN	      VARCHAR2
347  			    , o_errors		   OUT NOCOPY VARCHAR2
348  			    , p_table_name	IN	      VARCHAR2 DEFAULT NULL
349  			    , p_column_name	IN	      VARCHAR2 DEFAULT NULL
350  			    , p_min_value	IN	      NUMBER   DEFAULT NULL
351  			    , p_max_value	IN	      NUMBER   DEFAULT NULL
352  			    , p_increment_by	IN	      NUMBER   DEFAULT NULL
353  			    , p_cycle_flag	IN	      VARCHAR2 DEFAULT NULL
354  			    , p_order_flag	IN	      VARCHAR2 DEFAULT NULL
355  			    , p_cache_size	IN	      NUMBER   DEFAULT NULL
356  			    , p_scale_flag	IN	      VARCHAR2 DEFAULT NULL
357  			    , p_extend_flag	IN	      VARCHAR2 DEFAULT NULL
358  			    , p_sharded_flag	IN	      VARCHAR2 DEFAULT NULL
359  			    , p_session_flag	IN	      VARCHAR2 DEFAULT NULL
360  			    , p_keep_value	IN	      VARCHAR2 DEFAULT NULL
361  			    , p_table_owner	IN	      VARCHAR2 DEFAULT NULL
362  			    , p_schema		IN	      VARCHAR2 DEFAULT SYS_CONTEXT('USERENV', 'CURRENT_SCHEMA')
363  			    , p_expected_result IN	      NUMBER   DEFAULT otap_constants.OTAP_NUM_TEST_PASSED
364  			    )
365  	 RETURN INTEGER
366    ;
367  
368    /** FUNCTION otap_schema.has_scheduler_job
369    * Checks basically if a given scheduler job exists.
370    *
371    * @param p_job_name Mandatory. The name of the scheduler job to check. Case sensitive.
372    * @param o_error Error information, if any, on the test executed.
373    * @param p_job_style Optional. The job style of the scheduler job to check. Not case sensitive.
374    * @param p_job_type Optional. The job type of the scheduler job to check. Not case sensitive.
375    * @param p_job_action Optional. The job action of the scheduler job to check. Compares code with UPPER and flatten. Not case sensitive.
376    * @param p_schedule_type Optional. The schedule type of the scheduler job to check. Not case sensitive.
377    * @param p_repeat_interval Optional. The repeat interval of the scheduler job to check. Not case sensitive.
378    * @param p_job_class Optional. The job class of the scheduler job to check. Not case sensitive.
379    * @param p_logging_level Optional. The logging level indicator of the scheduler job to check. Not case sensitive.
380    * @param p_store_output Optional. The store output indicator of the scheduler job to check. Not case sensitive.
381    * @param p_schema The schema to use. If NULL current schema is used. Case sensitive.
382    * @param p_expected_result The expected test result as number. Default is test passed. See otap_constants.
383    *
384    * @return The test result as number, either otap_constants.OTAP_NUM_TEST_PASSED, otap_constants.OTAP_NUM_TEST_FAILED or otap_constants.OTAP_NUM_TEST_UNDEFINED.
385    */
386    FUNCTION has_scheduler_job( p_job_name	     IN 	   VARCHAR2
387  				 , o_errors		OUT NOCOPY VARCHAR2
388  				 , p_job_style	     IN 	   VARCHAR2 DEFAULT NULL
389  				 , p_job_type	     IN 	   VARCHAR2 DEFAULT NULL
390  				 , p_job_action      IN 	   VARCHAR2 DEFAULT NULL
391  				 , p_schedule_type   IN 	   VARCHAR2 DEFAULT NULL
392  				 , p_repeat_interval IN 	   VARCHAR2 DEFAULT NULL
393  				 , p_job_class	     IN 	   VARCHAR2 DEFAULT NULL
394  				 , p_logging_level   IN 	   VARCHAR2 DEFAULT NULL
395  				 , p_store_output    IN 	   VARCHAR2 DEFAULT NULL
396  				 , p_schema	     IN 	   VARCHAR2 DEFAULT SYS_CONTEXT('USERENV', 'CURRENT_SCHEMA')
397  				 , p_expected_result IN 	   NUMBER   DEFAULT otap_constants.OTAP_NUM_TEST_PASSED
398  				 )
399  	 RETURN INTEGER
400    ;
401  
402    /** FUNCTION otap_schema.has_user
403    * Checks basically if a given user exists.
404    *
405    * @param p_username Mandatory. The name of the database user to check. Case sensitive.
406    * @param o_error Error information, if any, on the test executed.
407    * @param p_account_status Optional. The account status of the database user to check. Not case sensitive.
408    * @param p_default_tablespace Optional. The default tablespace of the database user to check. Case sensitive.
409    * @param p_temporary_tablespace Optional. The temporary tablespace of the database user to check. Case sensitive.
410    * @param p_local_temp_tablespace Optional. The local temporary tablespace of the database user to check. Case sensitive.
411    * @param p_profile Optional. The profile setting of the database user to check. Not case sensitive.
412    * @param p_password_versions Optional. The password versions if any defined of the database user to check. Case sensitive.
413    * @param p_authentication_type Optional. The authentication type of the database user to check. Not case sensitive.
414    * @param p_proxy_only_connect Optional. The proxy only connect indicator of the database user to check. Not case sensitive.
415    * @param p_protected Optional. The protected state indicator of the database user to check. Not case sensitive.
416    * @param p_read_only Optional. The read only state indicator of the database user to check. Not case sensitive.
417    * @param p_expected_result The expected test result as number. Default is test passed. See otap_constants.
418    *
419    * @return The test result as number, either otap_constants.OTAP_NUM_TEST_PASSED, otap_constants.OTAP_NUM_TEST_FAILED or otap_constants.OTAP_NUM_TEST_UNDEFINED.
420    */
421    FUNCTION has_user( p_username		  IN		VARCHAR2
422  			, o_errors		     OUT NOCOPY VARCHAR2
423  			, p_account_status	  IN		VARCHAR2 DEFAULT NULL
424  			, p_default_tablespace	  IN		VARCHAR2 DEFAULT NULL
425  			, p_temporary_tablespace  IN		VARCHAR2 DEFAULT NULL
426  			, p_local_temp_tablespace IN		VARCHAR2 DEFAULT NULL
427  			, p_profile		  IN		VARCHAR2 DEFAULT NULL
428  			, p_password_versions	  IN		VARCHAR2 DEFAULT NULL
429  			, p_authentication_type   IN		VARCHAR2 DEFAULT NULL
430  			, p_proxy_only_connect	  IN		VARCHAR2 DEFAULT NULL
431  			, p_protected		  IN		VARCHAR2 DEFAULT NULL
432  			, p_read_only		  IN		VARCHAR2 DEFAULT NULL
433  			, p_expected_result	  IN		NUMBER	 DEFAULT otap_constants.OTAP_NUM_TEST_PASSED
434  			)
435  	 RETURN INTEGER
436    ;
437  
438  /* TO DO
439  FUNCTION has_user
440  FUNCTION is_database
441  
442  */
443  END;
444  /

Package created.

SQL> @@../otap_ddl/packages/otap_schema.pkb
SQL> -- (C) 2024 Michael Lindenau licensed via https://www.gnu.org/licenses/agpl-3.0.txt
SQL> -- and https://toent.ch/licenses/AI_DISCLOSURE_LICENSE_V1
SQL> -- Not allowed to be used as AI training material without explicite permission.
SQL> CREATE OR REPLACE PACKAGE BODY otap_schema
  2  AS
  3    -- internal functions
  4    FUNCTION count_chk( p_count   IN 	   INTEGER
  5  			 , o_errors  IN OUT NOCOPY VARCHAR2
  6  			 , p_caller  IN 	   VARCHAR2
  7  			 )
  8  	 RETURN INTEGER
  9    IS
 10  	 l_return INTEGER;
 11    BEGIN
 12  	   l_return := CASE p_count
 13  			 WHEN 0
 14  			 THEN otap_constants.OTAP_NUM_TEST_FAILED
 15  			 WHEN 1
 16  			 THEN otap_constants.OTAP_NUM_TEST_PASSED
 17  			 ELSE otap_constants.OTAP_NUM_TEST_UNDEFINED
 18  		       END
 19  	   ;
 20  	   IF p_count NOT IN (0, 1)
 21  	   THEN
 22  	     o_errors := otap_string.reduce('Abnormal count result from ' || p_caller || ' count: ' || p_count, 4000);
 23  	     otap_log.log(o_errors, p_caller, 'Abnormal count result. Expected 0 or 1');
 24  	   END IF;
 25  	   RETURN l_return;
 26    END count_chk;
 27    -- for description see header file
 28    FUNCTION has_table( p_table_name      IN 	   VARCHAR2
 29  			 , o_errors		OUT NOCOPY VARCHAR2
 30  			 , p_schema	     IN 	   VARCHAR2 DEFAULT SYS_CONTEXT('USERENV', 'CURRENT_SCHEMA')
 31  			 , p_expected_result IN 	   NUMBER   DEFAULT otap_constants.OTAP_NUM_TEST_PASSED
 32  			 )
 33  	 RETURN INTEGER
 34    IS
 35  	 l_script	 VARCHAR2(1024 CHAR) := 'otap_schema.has_table';
 36  	 l_has_table	 INTEGER;
 37  	 l_test_passed	 INTEGER;
 38  	 l_expected	 INTEGER;
 39  	 l_schema_to_use VARCHAR2(128 CHAR);
 40  	 l_table_name	 VARCHAR2(128 CHAR);
 41  	 l_errors	 VARCHAR2(32767 CHAR);
 42    BEGIN
 43  	 l_errors      := NULL;
 44  	 l_test_passed := otap_constants.OTAP_NUM_TEST_UNDEFINED;
 45  	 l_expected    := NVL(p_expected_result, otap_constants.OTAP_NUM_TEST_PASSED);
 46  	 l_table_name  := otap_string.reduce(p_table_name, 128);
 47  	 IF	l_table_name	    IS NOT NULL
 48  	    AND LENGTH(l_table_name) > 0
 49  	 THEN
 50  	   -- check description
 51  	   l_schema_to_use := otap_string.reduce(TRIM(NVL(p_schema, SYS_CONTEXT('USERENV', 'CURRENT_SCHEMA'))), 128);
 52  	   SELECT COUNT(*)
 53  	     INTO l_has_table
 54  	     FROM dba_tables
 55  	    WHERE table_name = l_table_name
 56  	      AND owner      = l_schema_to_use
 57  	   ;
 58  	   -- we should find one or zero entries
 59  	   l_test_passed := count_chk(l_has_table, l_errors, l_script);
 60  	 ELSE
 61  	   -- invalid table name
 62  	   l_test_passed       := otap_constants.OTAP_NUM_TEST_UNDEFINED;
 63  	   l_errors	       := 'Missing: p_table_name(NULL)';
 64  	   otap_log.log(l_errors, l_script, 'NULL test on table name');
 65  	 END IF;
 66  	 -- now decide on the expected result the final state and if errors are returned
 67  	 IF l_test_passed != l_expected
 68  	 THEN
 69  	   o_errors := otap_string.reduce(l_errors, 4000);
 70  	 ELSE
 71  	   -- overwrite states from before, as we fulfill expected
 72  	   l_test_passed := otap_constants.OTAP_NUM_TEST_PASSED;
 73  	   -- overwrite errors expected
 74  	   o_errors := NULL;
 75  	 END IF;
 76  	 RETURN l_test_passed;
 77    EXCEPTION
 78  	 WHEN OTHERS THEN
 79  	   IF SQLCODE != -20099
 80  	   THEN
 81  	     -- log unhandled exceptions
 82  	     otap_log.log(SQLERRM, l_script, 'Unhandled exception ' || l_script || ' call');
 83  	   END IF;
 84  	   RAISE;
 85    END has_table;
 86  
 87    FUNCTION has_column( p_table_name      IN	    VARCHAR2
 88  			  , p_column_name     IN	    VARCHAR2
 89  			  , o_errors		 OUT NOCOPY VARCHAR2
 90  			  , p_schema	      IN	    VARCHAR2 DEFAULT SYS_CONTEXT('USERENV', 'CURRENT_SCHEMA')
 91  			  , p_data_type       IN	    VARCHAR2 DEFAULT NULL
 92  			  , p_data_length     IN	    NUMBER   DEFAULT NULL
 93  			  , p_data_precision  IN	    NUMBER   DEFAULT NULL
 94  			  , p_data_scale      IN	    NUMBER   DEFAULT NULL
 95  			  , p_nullable	      IN	    VARCHAR2 DEFAULT NULL
 96  			  , p_data_default    IN	    VARCHAR2 DEFAULT NULL
 97  			  , p_expected_result IN	    NUMBER   DEFAULT otap_constants.OTAP_NUM_TEST_PASSED
 98  			  )
 99  	 RETURN INTEGER
100    IS
101  	 l_script	 VARCHAR2(1024 CHAR) := 'otap_schema.has_column';
102  	 l_has_column	 INTEGER;
103  	 l_test_passed	 INTEGER;
104  	 l_expected	 INTEGER;
105  	 l_schema_to_use VARCHAR2(128 CHAR);
106  	 l_table_name	 VARCHAR2(128 CHAR);
107  	 l_column_name	 VARCHAR2(128 CHAR);
108  	 l_errors	 VARCHAR2(32767 CHAR);
109    BEGIN
110  	 l_errors      := NULL;
111  	 l_test_passed := otap_constants.OTAP_NUM_TEST_UNDEFINED;
112  	 l_expected    := NVL(p_expected_result, otap_constants.OTAP_NUM_TEST_PASSED);
113  	 l_table_name  := otap_string.reduce(p_table_name, 128);
114  	 l_column_name := otap_string.reduce(p_column_name, 128);
115  	 IF	l_table_name	     IS NOT NULL
116  	    AND LENGTH(l_table_name)  > 0
117  	    AND l_column_name	     IS NOT NULL
118  	    AND LENGTH(l_column_name) > 0
119  	 THEN
120  	   l_schema_to_use := otap_string.reduce(TRIM(NVL(p_schema, SYS_CONTEXT('USERENV', 'CURRENT_SCHEMA'))), 128);
121  	   -- test column exists
122  	   SELECT COUNT(*)
123  	     INTO l_has_column
124  	     FROM dba_tab_columns
125  	    WHERE owner 			     = l_schema_to_use
126  	      AND table_name			     = l_table_name
127  	      AND column_name			     = l_column_name
128  	      AND NVL(data_type, 'n/a') 	     = NVL(UPPER(p_data_type), NVL(data_type, 'n/a'))
129  	      AND data_length			     = NVL(p_data_length, data_length)
130  	      AND NVL(nullable, 'n/a')		     = NVL(UPPER(p_nullable), NVL(nullable, 'n/a'))
131  	      AND NVL(data_precision, -1)	     = NVL(p_data_precision, NVL(data_precision, -1))
132  	      AND NVL(data_scale, -1)		     = NVL(p_data_scale, NVL(data_scale, -1))
133  	      AND TRIM(NVL(data_default_vc, 'n/a'))  = NVL(TRIM(p_data_default), TRIM(NVL(data_default_vc, 'n/a')))
134  	   ;
135  	   -- we should find one or zero entries
136  	   l_test_passed := count_chk(l_has_column, l_errors, l_script);
137  	 ELSE
138  	   -- invalid table name
139  	   l_test_passed       := otap_constants.OTAP_NUM_TEST_UNDEFINED;
140  	   l_errors	       := 'Missing: ' ||
141  				  CASE
142  				    WHEN l_table_name IS NULL OR LENGTH(l_table_name) = 0
143  				    THEN 'p_table_name(NULL) '
144  				  END ||
145  				  CASE
146  				    WHEN l_column_name IS NULL OR LENGTH(l_column_name) = 0
147  				    THEN 'p_column_name(NULL) '
148  				  END
149  	   ;
150  	   otap_log.log(l_errors, l_script, 'NULL test on table or column name');
151  	 END IF;
152  	 -- now decide on the expected result the final state and if errors are returned
153  	 IF l_test_passed != l_expected
154  	 THEN
155  	   o_errors := otap_string.reduce(l_errors, 4000);
156  	 ELSE
157  	   -- overwrite states from before, as we fulfill expected
158  	   l_test_passed := otap_constants.OTAP_NUM_TEST_PASSED;
159  	   -- overwrite errors expected
160  	   o_errors := NULL;
161  	 END IF;
162  	 RETURN l_test_passed;
163    EXCEPTION
164  	 WHEN OTHERS THEN
165  	   IF SQLCODE != -20099
166  	   THEN
167  	     -- log unhandled exceptions
168  	     otap_log.log(SQLERRM, l_script, 'Unhandled exception ' || l_script || ' call');
169  	   END IF;
170  	   RAISE;
171    END has_column;
172  
173    FUNCTION has_package( p_package_name    IN	     VARCHAR2
174  			   , o_errors		  OUT NOCOPY VARCHAR2
175  			   , p_schema	       IN	     VARCHAR2 DEFAULT SYS_CONTEXT('USERENV', 'CURRENT_SCHEMA')
176  			   , p_package_type    IN	     VARCHAR2 DEFAULT 'PACKAGE'
177  			   , p_expected_result IN	     NUMBER   DEFAULT otap_constants.OTAP_NUM_TEST_PASSED
178  			   )
179  	 RETURN INTEGER
180    IS
181  	 l_script	 VARCHAR2(1024 CHAR)	:= 'otap_schema.has_package';
182  	 l_ignore	 VARCHAR2(6 CHAR)	:= 'IGNORE';
183  	 l_header	 VARCHAR2(7 CHAR)	:= 'PACKAGE';
184  	 l_body 	 VARCHAR2(12 CHAR)	:= 'PACKAGE BODY';
185  	 l_has_package	 INTEGER;
186  	 l_test_passed	 INTEGER;
187  	 l_expected	 INTEGER;
188  	 l_schema_to_use VARCHAR2(128 CHAR);
189  	 l_package_name  VARCHAR2(128 CHAR);
190  	 l_package_type  VARCHAR2(12 CHAR);
191  	 l_errors	 VARCHAR2(32767 CHAR);
192    BEGIN
193  	 l_errors	 := NULL;
194  	 l_test_passed	 := otap_constants.OTAP_NUM_TEST_UNDEFINED;
195  	 l_expected	 := NVL(p_expected_result, otap_constants.OTAP_NUM_TEST_PASSED);
196  	 l_package_name  := otap_string.reduce(p_package_name, 128);
197  	 l_package_type  := otap_string.reduce(UPPER(p_package_type), 12);
198  	 IF	l_package_name	       IS NOT NULL
199  	    AND LENGTH(l_package_name)	> 0
200  	    AND l_package_type	       IN (l_header, l_body)
201  	 THEN
202  	   l_schema_to_use := otap_string.reduce(TRIM(NVL(p_schema, SYS_CONTEXT('USERENV', 'CURRENT_SCHEMA'))), 128);
203  	   SELECT COUNT(*)
204  	     INTO l_has_package
205  	     FROM dba_objects
206  		  -- surprisingly nullable columns
207  	    WHERE owner       = l_schema_to_use
208  	      AND object_name = l_package_name
209  	      AND object_type = l_package_type
210  	   ;
211  	   -- we should find one or zero entries
212  	   l_test_passed := count_chk(l_has_package, l_errors, l_script);
213  	 ELSE
214  	   -- invalid package name or type
215  	   l_test_passed       := otap_constants.OTAP_NUM_TEST_UNDEFINED;
216  	   l_errors	       := 'Not allowed: ' || CASE
217  						       WHEN l_package_name IS NULL OR LENGTH(l_package_name) = 0
218  						       THEN 'p_package_name(NULL) '
219  						     END ||
220  						     CASE
221  						       WHEN l_package_type NOT IN (l_header, l_body)
222  						       THEN 'p_package_type(' || l_package_type || ') '
223  						     END
224  	   ;
225  	   otap_log.log(l_errors, l_script, 'Package name NULL or type invalid');
226  	 END IF;
227  	 -- now decide on the expected result the final state and if errors are returned
228  	 IF l_test_passed != l_expected
229  	 THEN
230  	   o_errors := otap_string.reduce(l_errors, 4000);
231  	 ELSE
232  	   -- overwrite states from before, as we fulfill expected
233  	   l_test_passed := otap_constants.OTAP_NUM_TEST_PASSED;
234  	   -- overwrite errors expected
235  	   o_errors := NULL;
236  	 END IF;
237  	 RETURN l_test_passed;
238    EXCEPTION
239  	 WHEN OTHERS THEN
240  	   IF SQLCODE != -20099
241  	   THEN
242  	     -- log unhandled exceptions
243  	     otap_log.log(SQLERRM, l_script, 'Unhandled exception ' || l_script || ' call');
244  	   END IF;
245  	   RAISE;
246    END has_package;
247  
248    FUNCTION has_procedure( p_procedure_name  IN	       VARCHAR2
249  			     , o_errors 	    OUT NOCOPY VARCHAR2
250  			     , p_schema 	 IN	       VARCHAR2 DEFAULT SYS_CONTEXT('USERENV', 'CURRENT_SCHEMA')
251  			     , p_procedure_type  IN	       VARCHAR2 DEFAULT 'FUNCTION'
252  			     , p_package_name	 IN	       VARCHAR2 DEFAULT NULL
253  			     , p_return_type	 IN	       VARCHAR2 DEFAULT NULL
254  			     , p_expected_result IN	       NUMBER	DEFAULT otap_constants.OTAP_NUM_TEST_PASSED
255  			     )
256  	 RETURN INTEGER
257    IS
258  	 l_script	  VARCHAR2(1024 CHAR)	 := 'otap_schema.has_procedure';
259  	 l_procedure	  VARCHAR2(9 CHAR)	 := 'PROCEDURE';
260  	 l_function	  VARCHAR2(8 CHAR)	 := 'FUNCTION';
261  	 l_test_passed	  INTEGER;
262  	 l_expected	  INTEGER;
263  	 l_has_procedure  INTEGER;
264  	 l_procedure_name VARCHAR2(128 CHAR);
265  	 l_package_name   VARCHAR2(128 CHAR);
266  	 l_procedure_type VARCHAR2(9 CHAR);
267  	 l_return_type	  VARCHAR2(128 CHAR);
268  	 l_schema_to_use  VARCHAR2(128 CHAR);
269  	 l_errors	  VARCHAR2(32767 CHAR);
270    BEGIN
271  	 l_errors	   := NULL;
272  	 l_test_passed	   := otap_constants.OTAP_NUM_TEST_UNDEFINED;
273  	 l_expected	   := NVL(p_expected_result, otap_constants.OTAP_NUM_TEST_PASSED);
274  	 l_procedure_name  := otap_string.reduce(p_procedure_name, 128);
275  	 l_package_name    := otap_string.reduce(p_package_name, 128);
276  	 l_procedure_type  := otap_string.reduce(UPPER(p_procedure_type), 9);
277  	 l_return_type	   := otap_string.reduce(UPPER(p_return_type), 128);
278  	 IF	l_procedure_name	IS NOT NULL
279  	    AND LENGTH(l_procedure_name) > 0
280  	    AND l_procedure_type	IN (l_procedure, l_function)
281  	 THEN
282  	   -- schema
283  	   l_schema_to_use := otap_string.reduce(TRIM(NVL(p_schema, SYS_CONTEXT('USERENV', 'CURRENT_SCHEMA'))), 128);
284  	   -- check
285  	     WITH prc AS
286  		  (SELECT dbo.owner
287  			, dbp.procedure_name
288  			, CASE
289  			    WHEN dbr.position	    = 0
290  			     AND dbr.argument_name IS NULL
291  			    THEN 'FUNCTION'
292  			    ELSE 'PROCEDURE'
293  			  END AS procedure_type
294  			, CASE
295  			    WHEN dbr.position	    = 0
296  			     AND dbr.argument_name IS NULL
297  			    THEN dbr.data_type
298  			    ELSE NULL
299  			  END AS return_type
300  			, dbo.status
301  			, dbo.object_name AS package_name
302  		     FROM dba_objects dbo
303  		     LEFT OUTER JOIN dba_procedures dbp
304  		       ON dbo.owner	  = dbp.owner
305  		      AND dbo.object_name = dbp.object_name
306  		      AND dbo.object_type = dbp.object_type
307  		     LEFT OUTER JOIN dba_arguments dbr
308  		       ON dbp.owner	     = dbr.owner
309  		      AND dbp.object_name    = dbr.package_name
310  		      AND dbp.procedure_name = dbr.object_name
311  		      AND dbp.object_id      = dbr.object_id
312  		      AND dbp.subprogram_id  = dbr.subprogram_id
313  		      AND dbr.sequence	     = 1
314  		    WHERE dbo.owner	   = l_schema_to_use
315  		      AND dbo.object_type  = 'PACKAGE'
316  			  -- exclude package itself
317  		      AND dbp.procedure_name IS NOT NULL
318  		    UNION ALL
319  		   SELECT dbo.owner
320  			, dbo.object_name AS procedure_name
321  			, dbo.object_type AS procedure_type
322  			, CASE
323  			    WHEN dbr.position	    = 0
324  			     AND dbr.argument_name IS NULL
325  			    THEN dbr.data_type
326  			    ELSE NULL
327  			  END AS return_type
328  			, dbo.status
329  			, NULL AS package_name
330  		     FROM dba_objects dbo
331  		     LEFT OUTER JOIN dba_procedures dbp
332  		       ON dbo.owner	  = dbp.owner
333  		      AND dbo.object_name = dbp.object_name
334  		      AND dbo.object_type = dbp.object_type
335  		     LEFT OUTER JOIN dba_arguments dbr
336  		       ON dbp.owner	    = dbr.owner
337  		      AND dbp.object_name   = dbr.object_name
338  		      AND dbp.object_id     = dbr.object_id
339  		      AND dbp.subprogram_id = dbr.subprogram_id
340  		      AND dbr.sequence	    = 1
341  		    WHERE dbo.owner	   = l_schema_to_use
342  		      AND dbo.object_type IN ('FUNCTION', 'PROCEDURE')
343  		  )
344  	   SELECT COUNT(*)
345  	     INTO l_has_procedure
346  	     FROM prc
347  	    WHERE procedure_name	     = l_procedure_name
348  	      AND procedure_type	     = l_procedure_type
349  	      AND NVL(return_type, 'n/a')    = NVL(l_return_type, NVL(return_type, 'n/a'))
350  	      AND NVL(package_name, 'n/a')   = NVL(l_package_name, NVL(package_name, 'n/a'))
351  	   ;
352  	   -- we may find more than 1 entry, if function or procedure has same name but different signature
353  	   l_test_passed := CASE WHEN l_has_procedure = 0 THEN otap_constants.OTAP_NUM_TEST_FAILED ELSE otap_constants.OTAP_NUM_TEST_PASSED END;
354  	 ELSE
355  	   -- invalid package name, type or state
356  	   l_test_passed       := otap_constants.OTAP_NUM_TEST_UNDEFINED;
357  	   l_errors	       := 'Not allowed: ' || CASE
358  						       WHEN l_procedure_name IS NULL OR LENGTH(l_procedure_name) = 0
359  						       THEN 'p_procedure_name(NULL) '
360  						     END ||
361  						     CASE
362  						       WHEN l_procedure_type NOT IN (l_procedure, l_function)
363  						       THEN 'p_procedure_type(' || l_procedure_type || ') '
364  						     END
365  	   ;
366  	   otap_log.log(l_errors, l_script, 'Package name NULL or type invalid');
367  	 END IF;
368  	 -- now decide on the expected result the final state and if errors are returned
369  	 IF l_test_passed != l_expected
370  	 THEN
371  	   o_errors := otap_string.reduce(l_errors, 4000);
372  	 ELSE
373  	   -- overwrite states from before, as we fulfill expected
374  	   l_test_passed := otap_constants.OTAP_NUM_TEST_PASSED;
375  	   -- overwrite errors expected
376  	   o_errors := NULL;
377  	 END IF;
378  	 RETURN l_test_passed;
379    EXCEPTION
380  	 WHEN OTHERS THEN
381  	   IF SQLCODE != -20099
382  	   THEN
383  	     -- log unhandled exceptions
384  	     otap_log.log(SQLERRM, l_script, 'Unhandled exception ' || l_script || ' call');
385  	   END IF;
386  	   RAISE;
387    END has_procedure;
388  
389    FUNCTION has_trigger( p_trigger_name    IN	     VARCHAR2
390  			   , o_errors		  OUT NOCOPY VARCHAR2
391  			   , p_schema	       IN	     VARCHAR2 DEFAULT SYS_CONTEXT('USERENV', 'CURRENT_SCHEMA')
392  			   , p_trigger_type    IN	     VARCHAR2 DEFAULT NULL
393  			   , p_trigger_event   IN	     VARCHAR2 DEFAULT NULL
394  			   , p_table_owner     IN	     VARCHAR2 DEFAULT NULL
395  			   , p_table_name      IN	     VARCHAR2 DEFAULT NULL
396  			   , p_expected_result IN	     NUMBER   DEFAULT otap_constants.OTAP_NUM_TEST_PASSED
397  			   )
398  	 RETURN INTEGER
399    IS
400  	 l_script	  VARCHAR2(1024 CHAR)	 := 'otap_schema.has_trigger';
401  	 l_test_passed	  INTEGER;
402  	 l_expected	  INTEGER;
403  	 l_has_trigger	  INTEGER;
404  	 l_trigger_name   VARCHAR2(128 CHAR);
405  	 l_trigger_type   VARCHAR2(16 CHAR);
406  	 l_trigger_event  VARCHAR2(246 CHAR);
407  	 l_table_owner	  VARCHAR2(128 CHAR);
408  	 l_table_name	  VARCHAR2(128 CHAR);
409  	 l_schema_to_use  VARCHAR2(128 CHAR);
410  	 l_errors	  VARCHAR2(32767 CHAR);
411    BEGIN
412  	 l_errors	   := NULL;
413  	 l_test_passed	   := otap_constants.OTAP_NUM_TEST_UNDEFINED;
414  	 l_expected	   := NVL(p_expected_result, otap_constants.OTAP_NUM_TEST_PASSED);
415  	 l_trigger_name    := otap_string.reduce(p_trigger_name, 128);
416  	 l_trigger_type    := otap_string.reduce(UPPER(p_trigger_type), 16);
417  	 l_trigger_event   := otap_string.reduce(UPPER(p_trigger_event), 246);
418  	 l_table_owner	   := otap_string.reduce(p_table_owner, 128);
419  	 l_table_name	   := otap_string.reduce(p_table_name, 128);
420  	 IF	l_trigger_name	      IS NOT NULL
421  	    AND LENGTH(l_trigger_name) > 0
422  	 THEN
423  	   -- schema
424  	   l_schema_to_use := otap_string.reduce(TRIM(NVL(p_schema, SYS_CONTEXT('USERENV', 'CURRENT_SCHEMA'))), 128);
425  	   -- check
426  	   SELECT COUNT(*)
427  	     INTO l_has_trigger
428  	     FROM dba_triggers
429  	    WHERE owner 		       = l_schema_to_use
430  	      AND trigger_name		       = l_trigger_name
431  	      AND NVL(trigger_type, 'n/a')     = NVL(l_trigger_type, NVL(trigger_type, 'n/a'))
432  	      AND NVL(triggering_event, 'n/a') = NVL(l_trigger_event, NVL(triggering_event, 'n/a'))
433  	      AND NVL(table_owner, 'n/a')      = NVL(l_table_owner, NVL(table_owner, 'n/a'))
434  	      AND NVL(table_name, 'n/a')       = NVL(l_table_name, NVL(table_name, 'n/a'))
435  	   ;
436  	   -- we should find one or zero entries
437  	   l_test_passed := count_chk(l_has_trigger, l_errors, l_script);
438  	 ELSE
439  	   -- invalid package name, type or state
440  	   l_test_passed       := otap_constants.OTAP_NUM_TEST_UNDEFINED;
441  	   l_errors	       := 'Not allowed: p_trigger_name(NULL)';
442  	   otap_log.log(l_errors, l_script, 'Trigger name NULL');
443  	 END IF;
444  	 -- now decide on the expected result the final state and if errors are returned
445  	 IF l_test_passed != l_expected
446  	 THEN
447  	   o_errors := otap_string.reduce(l_errors, 4000);
448  	 ELSE
449  	   -- overwrite states from before, as we fulfill expected
450  	   l_test_passed := otap_constants.OTAP_NUM_TEST_PASSED;
451  	   -- overwrite errors expected
452  	   o_errors := NULL;
453  	 END IF;
454  	 RETURN l_test_passed;
455    EXCEPTION
456  	 WHEN OTHERS THEN
457  	   IF SQLCODE != -20099
458  	   THEN
459  	     -- log unhandled exceptions
460  	     otap_log.log(SQLERRM, l_script, 'Unhandled exception ' || l_script || ' call');
461  	   END IF;
462  	   RAISE;
463    END has_trigger;
464  
465    FUNCTION has_object( p_object_name     IN	    VARCHAR2
466  			  , p_object_type     IN	    VARCHAR2
467  			  , o_errors		 OUT NOCOPY VARCHAR2
468  			  , p_schema	      IN	    VARCHAR2 DEFAULT SYS_CONTEXT('USERENV', 'CURRENT_SCHEMA')
469  			  , p_expected_result IN	    NUMBER   DEFAULT otap_constants.OTAP_NUM_TEST_PASSED
470  			  )
471  	 RETURN INTEGER
472    IS
473  	 l_script	  VARCHAR2(1024 CHAR)	 := 'otap_schema.has_object';
474  	 l_test_passed	  INTEGER;
475  	 l_expected	  INTEGER;
476  	 l_has_object	  INTEGER;
477  	 l_object_name	  VARCHAR2(128 CHAR);
478  	 l_object_type	  VARCHAR2(23 CHAR);
479  	 l_schema_to_use  VARCHAR2(128 CHAR);
480  	 l_errors	  VARCHAR2(32767 CHAR);
481    BEGIN
482  	 l_errors	   := NULL;
483  	 l_test_passed	   := otap_constants.OTAP_NUM_TEST_UNDEFINED;
484  	 l_expected	   := NVL(p_expected_result, otap_constants.OTAP_NUM_TEST_PASSED);
485  	 l_object_name	   := otap_string.reduce(p_object_name, 128);
486  	 l_object_type	   := otap_string.reduce(UPPER(p_object_type), 23);
487  	 IF	l_object_name	     IS NOT NULL
488  	    AND LENGTH(l_object_name) > 0
489  	    AND l_object_type	     IS NOT NULL
490  	    AND LENGTH(l_object_type) > 0
491  	 THEN
492  	   -- schema
493  	   l_schema_to_use := otap_string.reduce(TRIM(NVL(p_schema, SYS_CONTEXT('USERENV', 'CURRENT_SCHEMA'))), 128);
494  	   -- check
495  	   SELECT COUNT(*)
496  	     INTO l_has_object
497  	     FROM dba_objects
498  	    WHERE owner       = l_schema_to_use
499  	      AND object_name = l_object_name
500  	      AND object_type = l_object_type
501  	   ;
502  	   -- we should find one or zero entries
503  	   l_test_passed := count_chk(l_has_object, l_errors, l_script);
504  	 ELSE
505  	   -- invalid package name, type or state
506  	   l_test_passed       := otap_constants.OTAP_NUM_TEST_UNDEFINED;
507  	   l_errors	       := 'Not allowed: ' || CASE
508  						       WHEN l_object_name IS NULL OR LENGTH(l_object_name) = 0
509  						       THEN 'p_object_name(NULL) '
510  						     END ||
511  						     CASE
512  						       WHEN l_object_type IS NULL OR LENGTH(l_object_type) = 0
513  						       THEN 'p_object_type(NULL)'
514  						     END
515  	   ;
516  	   otap_log.log(l_errors, l_script, 'Object name NULL or type NULL');
517  	 END IF;
518  	 -- now decide on the expected result the final state and if errors are returned
519  	 IF l_test_passed != l_expected
520  	 THEN
521  	   o_errors := otap_string.reduce(l_errors, 4000);
522  	 ELSE
523  	   -- overwrite states from before, as we fulfill expected
524  	   l_test_passed := otap_constants.OTAP_NUM_TEST_PASSED;
525  	   -- overwrite errors expected
526  	   o_errors := NULL;
527  	 END IF;
528  	 RETURN l_test_passed;
529    EXCEPTION
530  	 WHEN OTHERS THEN
531  	   IF SQLCODE != -20099
532  	   THEN
533  	     -- log unhandled exceptions
534  	     otap_log.log(SQLERRM, l_script, 'Unhandled exception ' || l_script || ' call');
535  	   END IF;
536  	   RAISE;
537    END has_object;
538  
539    FUNCTION has_constraint( p_table_name	  IN		VARCHAR2
540  			      , o_errors	     OUT NOCOPY VARCHAR2
541  			      , p_constraint_type IN		VARCHAR2 DEFAULT 'C'
542  			      , p_column_name	  IN		VARCHAR2 DEFAULT NULL
543  			      , p_constraint	  IN		VARCHAR2 DEFAULT NULL
544  			      , p_schema	  IN		VARCHAR2 DEFAULT SYS_CONTEXT('USERENV', 'CURRENT_SCHEMA')
545  			      , p_expected_result IN		NUMBER	 DEFAULT otap_constants.OTAP_NUM_TEST_PASSED
546  			      )
547  	 RETURN INTEGER
548    IS
549  	 l_script	   VARCHAR2(1024 CHAR)	  := 'otap_schema.has_constraint';
550  	 l_test_passed	   INTEGER;
551  	 l_expected	   INTEGER;
552  	 l_has_constraint  INTEGER;
553  	 l_constraint_type CHAR(1 CHAR);
554  	 l_table_name	   VARCHAR2(128 CHAR);
555  	 l_column_name	   VARCHAR2(128 CHAR);
556  	 l_constraint_name VARCHAR2(128 CHAR);
557  	 l_schema_to_use   VARCHAR2(128 CHAR);
558  	 l_errors	   VARCHAR2(32767 CHAR);
559    BEGIN
560  	 l_errors	   := NULL;
561  	 l_test_passed	   := otap_constants.OTAP_NUM_TEST_UNDEFINED;
562  	 l_expected	   := NVL(p_expected_result, otap_constants.OTAP_NUM_TEST_PASSED);
563  	 l_table_name	   := otap_string.reduce(p_table_name, 128);
564  	 l_column_name	   := otap_string.reduce(p_column_name, 128);
565  	 l_constraint_name := otap_string.reduce(p_constraint, 128);
566  	 l_constraint_type := otap_string.reduce(UPPER(p_constraint_type), 1);
567  	 IF	l_table_name	    IS NOT NULL
568  	    AND LENGTH(l_table_name) > 0
569  	    AND l_constraint_type   IN ('P', 'U', 'R', 'C', 'F', 'O', 'V', 'H')
570  	 THEN
571  	   -- schema
572  	   l_schema_to_use := otap_string.reduce(TRIM(NVL(p_schema, SYS_CONTEXT('USERENV', 'CURRENT_SCHEMA'))), 128);
573  	   -- check
574  	   SELECT COUNT(*)
575  	     INTO l_has_constraint
576  	     FROM dba_constraints dco
577  	     LEFT OUTER JOIN dba_cons_columns dcc
578  	       ON dco.owner			   = dcc.owner
579  	      AND dco.constraint_name		   = dcc.constraint_name
580  	      AND dco.table_name		   = dcc.table_name
581  	    WHERE dco.owner			   = l_schema_to_use
582  	      AND dco.table_name		   = l_table_name
583  	      AND NVL(dcc.column_name, 'n/a')	   = NVL(l_column_name, NVL(dcc.column_name, 'n/a'))
584  	      AND dco.constraint_name		   = NVL(l_constraint_name, dco.constraint_name)
585  	      AND dco.constraint_type		   = l_constraint_type
586  	   ;
587  	   -- we may find more than one entry for combined primary keys
588  	   l_test_passed := CASE WHEN l_has_constraint = 0 THEN otap_constants.OTAP_NUM_TEST_FAILED ELSE otap_constants.OTAP_NUM_TEST_PASSED END;
589  	 ELSE
590  	   -- missing mandatory table name
591  	   l_test_passed       := otap_constants.OTAP_NUM_TEST_UNDEFINED;
592  	   l_errors	       := 'Not allowed: ' || CASE WHEN l_table_name IS NULL THEN 'p_table_name(NULL) ' END ||
593  						     CASE
594  						       WHEN l_constraint_type NOT IN ('P', 'U', 'R', 'C', 'F', 'O', 'V', 'H')
595  						       THEN 'p_constraint_type(' || NVL(p_constraint_type, 'NULL') || ') '
596  						     END
597  	   ;
598  	   otap_log.log(l_errors, l_script, 'Table name NULL or invalid constraint type');
599  	 END IF;
600  	 -- now decide on the expected result the final state and if errors are returned
601  	 IF l_test_passed != l_expected
602  	 THEN
603  	   o_errors := otap_string.reduce(l_errors, 4000);
604  	 ELSE
605  	   -- overwrite states from before, as we fulfill expected
606  	   l_test_passed := otap_constants.OTAP_NUM_TEST_PASSED;
607  	   -- overwrite errors expected
608  	   o_errors := NULL;
609  	 END IF;
610  	 RETURN l_test_passed;
611    EXCEPTION
612  	 WHEN OTHERS THEN
613  	   IF SQLCODE != -20099
614  	   THEN
615  	     -- log unhandled exceptions
616  	     otap_log.log(SQLERRM, l_script, 'Unhandled exception ' || l_script || ' call');
617  	   END IF;
618  	   RAISE;
619    END has_constraint;
620  
621    FUNCTION has_ref_constraint( p_table_name      IN	    VARCHAR2
622  				  , o_errors		 OUT NOCOPY VARCHAR2
623  				  , p_constraint_type IN	    VARCHAR2 DEFAULT 'R'
624  				  , p_column_name     IN	    VARCHAR2 DEFAULT NULL
625  				  , p_constraint      IN	    VARCHAR2 DEFAULT NULL
626  				  , p_schema	      IN	    VARCHAR2 DEFAULT SYS_CONTEXT('USERENV', 'CURRENT_SCHEMA')
627  				  , p_r_table_name    IN	    VARCHAR2 DEFAULT NULL
628  				  , p_r_column_name   IN	    VARCHAR2 DEFAULT NULL
629  				  , p_r_constraint    IN	    VARCHAR2 DEFAULT NULL
630  				  , p_r_schema	      IN	    VARCHAR2 DEFAULT NULL
631  				  , p_expected_result IN	    NUMBER   DEFAULT otap_constants.OTAP_NUM_TEST_PASSED
632  				  )
633  	 RETURN INTEGER
634    IS
635  	 l_script	     VARCHAR2(1024 CHAR)    := 'otap_schema.has_ref_constraint';
636  	 l_test_passed	     INTEGER;
637  	 l_expected	     INTEGER;
638  	 l_has_constraint    INTEGER;
639  	 l_constraint_type   CHAR(1 CHAR);
640  	 l_table_name	     VARCHAR2(128 CHAR);
641  	 l_column_name	     VARCHAR2(128 CHAR);
642  	 l_constraint_name   VARCHAR2(128 CHAR);
643  	 l_schema_to_use     VARCHAR2(128 CHAR);
644  	 l_r_table_name      VARCHAR2(128 CHAR);
645  	 l_r_column_name     VARCHAR2(128 CHAR);
646  	 l_r_constraint_name VARCHAR2(128 CHAR);
647  	 l_r_schema	     VARCHAR2(128 CHAR);
648  	 l_errors	     VARCHAR2(32767 CHAR);
649    BEGIN
650  	 l_errors	     := NULL;
651  	 l_test_passed	     := otap_constants.OTAP_NUM_TEST_UNDEFINED;
652  	 l_expected	     := NVL(p_expected_result, otap_constants.OTAP_NUM_TEST_PASSED);
653  	 l_table_name	     := otap_string.reduce(p_table_name, 128);
654  	 l_column_name	     := otap_string.reduce(p_column_name, 128);
655  	 l_constraint_name   := otap_string.reduce(p_constraint, 128);
656  	 l_r_table_name      := otap_string.reduce(p_r_table_name, 128);
657  	 l_r_column_name     := otap_string.reduce(p_r_column_name, 128);
658  	 l_r_constraint_name := otap_string.reduce(p_r_constraint, 128);
659  	 l_r_schema	     := otap_string.reduce(p_r_schema, 128);
660  	 l_constraint_type   := otap_string.reduce(UPPER(p_constraint_type), 1);
661  	 IF	l_table_name	    IS NOT NULL
662  	    AND LENGTH(l_table_name) > 0
663  	    AND l_constraint_type   IN ('R', 'F')
664  	 THEN
665  	   -- schema
666  	   l_schema_to_use := otap_string.reduce(TRIM(NVL(p_schema, SYS_CONTEXT('USERENV', 'CURRENT_SCHEMA'))), 128);
667  	   -- check
668  	   SELECT COUNT(*)
669  	     INTO l_has_constraint
670  	     FROM dba_constraints dco
671  	     LEFT OUTER JOIN dba_cons_columns dcc
672  	       ON dco.owner	      = dcc.owner
673  	      AND dco.constraint_name = dcc.constraint_name
674  	      AND dco.table_name      = dcc.table_name
675  	     LEFT OUTER JOIN dba_cons_columns dcr
676  	       ON dco.r_owner			     = dcr.owner
677  	      AND dco.r_constraint_name 	     = dcr.constraint_name
678  	    WHERE dco.owner			     = l_schema_to_use
679  	      AND dco.table_name		     = l_table_name
680  	      AND NVL(dcc.column_name, 'n/a')	     = NVL(l_column_name, NVL(dcc.column_name, 'n/a'))
681  	      AND dco.constraint_name		     = NVL(l_constraint_name, dco.constraint_name)
682  	      AND NVL(dco.r_owner, 'n/a')	     = NVL(l_r_schema, NVL(dco.r_owner, 'n/a'))
683  	      AND NVL(dco.r_constraint_name, 'n/a')  = NVL(l_r_constraint_name, NVL(dco.r_constraint_name, 'n/a'))
684  	      AND NVL(dcr.table_name, 'n/a')	     = NVL(l_r_table_name, NVL(dcr.table_name, 'n/a'))
685  	      AND NVL(dcr.column_name, 'n/a')	     = NVL(l_r_column_name, NVL(dcr.column_name, 'n/a'))
686  	      AND dco.constraint_type		     = l_constraint_type
687  	   ;
688  	   -- we may find more than one entry for combined primary keys
689  	   l_test_passed := CASE WHEN l_has_constraint = 0 THEN otap_constants.OTAP_NUM_TEST_FAILED ELSE otap_constants.OTAP_NUM_TEST_PASSED END;
690  	 ELSE
691  	   -- missing mandatory table name
692  	   l_test_passed       := otap_constants.OTAP_NUM_TEST_UNDEFINED;
693  	   l_errors	       := 'Not allowed: ' || CASE WHEN l_table_name IS NULL THEN 'p_table_name(NULL) ' END ||
694  						     CASE
695  						       WHEN l_constraint_type NOT IN ('R', 'F')
696  						       THEN 'p_constraint_type(' || NVL(p_constraint_type, 'NULL') || ')'
697  						     END
698  	   ;
699  	   otap_log.log(l_errors, l_script, 'Table name NULL or invalid constraint type');
700  	 END IF;
701  	 -- now decide on the expected result the final state and if errors are returned
702  	 IF l_test_passed != l_expected
703  	 THEN
704  	   o_errors := otap_string.reduce(l_errors, 4000);
705  	 ELSE
706  	   -- overwrite states from before, as we fulfill expected
707  	   l_test_passed := otap_constants.OTAP_NUM_TEST_PASSED;
708  	   -- overwrite errors expected
709  	   o_errors := NULL;
710  	 END IF;
711  	 RETURN l_test_passed;
712    EXCEPTION
713  	 WHEN OTHERS THEN
714  	   IF SQLCODE != -20099
715  	   THEN
716  	     -- log unhandled exceptions
717  	     otap_log.log(SQLERRM, l_script, 'Unhandled exception ' || l_script || ' call');
718  	   END IF;
719  	   RAISE;
720    END has_ref_constraint;
721  
722    FUNCTION has_not_null_constraint( p_table_name	   IN		 VARCHAR2
723  				       , p_column_name	   IN		 VARCHAR2
724  				       , o_errors	      OUT NOCOPY VARCHAR2
725  				       , p_constraint	   IN		 VARCHAR2 DEFAULT NULL
726  				       , p_schema	   IN		 VARCHAR2 DEFAULT SYS_CONTEXT('USERENV', 'CURRENT_SCHEMA')
727  				       , p_expected_result IN		 NUMBER   DEFAULT otap_constants.OTAP_NUM_TEST_PASSED
728  				       )
729  	 RETURN INTEGER
730    IS
731  	 l_script	   VARCHAR2(1024 CHAR)	  := 'otap_schema.has_not_null_constraint';
732  	 l_test_passed	   INTEGER;
733  	 l_expected	   INTEGER;
734  	 l_has_constraint  INTEGER;
735  	 l_constraint_type CHAR(1 CHAR);
736  	 l_table_name	   VARCHAR2(128 CHAR);
737  	 l_column_name	   VARCHAR2(128 CHAR);
738  	 l_constraint_name VARCHAR2(128 CHAR);
739  	 l_schema_to_use   VARCHAR2(128 CHAR);
740  	 l_errors	   VARCHAR2(32767 CHAR);
741    BEGIN
742  	 l_errors	   := NULL;
743  	 l_test_passed	   := otap_constants.OTAP_NUM_TEST_UNDEFINED;
744  	 l_expected	   := NVL(p_expected_result, otap_constants.OTAP_NUM_TEST_PASSED);
745  	 l_table_name	   := otap_string.reduce(p_table_name, 128);
746  	 l_column_name	   := otap_string.reduce(p_column_name, 128);
747  	 l_constraint_name := otap_string.reduce(p_constraint, 128);
748  	 l_constraint_type := 'C';
749  	 IF	l_table_name	     IS NOT NULL
750  	    AND LENGTH(l_table_name)  > 0
751  	    AND l_column_name	     IS NOT NULL
752  	    AND LENGTH(l_column_name) > 0
753  	 THEN
754  	   -- schema
755  	   l_schema_to_use := otap_string.reduce(TRIM(NVL(p_schema, SYS_CONTEXT('USERENV', 'CURRENT_SCHEMA'))), 128);
756  	   -- check
757  	   SELECT COUNT(*)
758  	     INTO l_has_constraint
759  	     FROM dba_constraints dco
760  	     LEFT OUTER JOIN dba_cons_columns dcc
761  	       ON dco.owner						      = dcc.owner
762  	      AND dco.constraint_name					      = dcc.constraint_name
763  	      AND dco.table_name					      = dcc.table_name
764  	    WHERE dco.owner						      = l_schema_to_use
765  	      AND dco.table_name					      = l_table_name
766  	      AND dcc.column_name					      = l_column_name
767  	      AND INSTR(UPPER(dco.search_condition_vc), UPPER(l_column_name)) > 0
768  	      AND INSTR( otap_string.flatten( UPPER(dco.search_condition_vc)
769  					    , 4000)
770  		       , 'IS NOT NULL'
771  		       )						      > 0
772  	      AND dco.constraint_name					      = NVL(l_constraint_name, dco.constraint_name)
773  	      AND dco.constraint_type					      = l_constraint_type
774  	   ;
775  	   -- we may find more than one entry for combined primary keys
776  	   l_test_passed := CASE WHEN l_has_constraint = 0 THEN otap_constants.OTAP_NUM_TEST_FAILED ELSE otap_constants.OTAP_NUM_TEST_PASSED END;
777  	 ELSE
778  	   -- missing mandatory table name
779  	   l_test_passed       := otap_constants.OTAP_NUM_TEST_UNDEFINED;
780  	   l_errors	       := 'Not allowed: ' || CASE WHEN l_table_name IS NULL THEN 'p_table_name(NULL) ' END ||
781  						     CASE WHEN l_column_name IS NULL THEN 'p_column_name(NULL) ' END
782  	   ;
783  	   otap_log.log(l_errors, l_script, 'Table name or column name NULL');
784  	 END IF;
785  	 -- now decide on the expected result the final state and if errors are returned
786  	 IF l_test_passed != l_expected
787  	 THEN
788  	   o_errors := otap_string.reduce(l_errors, 4000);
789  	 ELSE
790  	   -- overwrite states from before, as we fulfill expected
791  	   l_test_passed := otap_constants.OTAP_NUM_TEST_PASSED;
792  	   -- overwrite errors expected
793  	   o_errors := NULL;
794  	 END IF;
795  	 RETURN l_test_passed;
796    EXCEPTION
797  	 WHEN OTHERS THEN
798  	   IF SQLCODE != -20099
799  	   THEN
800  	     -- log unhandled exceptions
801  	     otap_log.log(SQLERRM, l_script, 'Unhandled exception ' || l_script || ' call');
802  	   END IF;
803  	   RAISE;
804    END has_not_null_constraint;
805  
806    FUNCTION has_index( p_table_name      IN 	   VARCHAR2
807  			 , o_errors		OUT NOCOPY VARCHAR2
808  			 , p_column_name     IN 	   VARCHAR2 DEFAULT NULL
809  			 , p_index_name      IN 	   VARCHAR2 DEFAULT NULL
810  			 , p_index_type      IN 	   VARCHAR2 DEFAULT NULL
811  			 , p_table_type      IN 	   VARCHAR2 DEFAULT NULL
812  			 , p_uniqueness      IN 	   VARCHAR2 DEFAULT NULL
813  			 , p_tablespace_name IN 	   VARCHAR2 DEFAULT NULL
814  			 , p_partitioned     IN 	   VARCHAR2 DEFAULT NULL
815  			 , p_schema	     IN 	   VARCHAR2 DEFAULT SYS_CONTEXT('USERENV', 'CURRENT_SCHEMA')
816  			 , p_expected_result IN 	   NUMBER   DEFAULT otap_constants.OTAP_NUM_TEST_PASSED
817  			 )
818  	 RETURN INTEGER
819    IS
820  	 l_script	   VARCHAR2(1024 CHAR)	  := 'otap_schema.has_index';
821  	 l_test_passed	   INTEGER;
822  	 l_expected	   INTEGER;
823  	 l_has_index	   INTEGER;
824  	 l_table_name	   VARCHAR2(128 CHAR);
825  	 l_column_name	   VARCHAR2(128 CHAR);
826  	 l_index_name	   VARCHAR2(128 CHAR);
827  	 l_index_type	   VARCHAR2(27 CHAR);
828  	 l_table_type	   VARCHAR2(11 CHAR);
829  	 l_uniqueness	   VARCHAR2(9 CHAR);
830  	 l_tablespace_name VARCHAR2(30 CHAR);
831  	 l_partitioned	   VARCHAR2(3 CHAR);
832  	 l_schema_to_use   VARCHAR2(128 CHAR);
833  	 l_errors	   VARCHAR2(32767 CHAR);
834    BEGIN
835  	 l_errors	   := NULL;
836  	 l_test_passed	   := otap_constants.OTAP_NUM_TEST_UNDEFINED;
837  	 l_expected	   := NVL(p_expected_result, otap_constants.OTAP_NUM_TEST_PASSED);
838  	 l_table_name	   := otap_string.reduce(p_table_name, 128);
839  	 l_column_name	   := otap_string.reduce(p_column_name, 128);
840  	 l_index_name	   := otap_string.reduce(p_index_name, 128);
841  	 l_index_type	   := otap_string.reduce(UPPER(p_index_type), 27);
842  	 l_table_type	   := otap_string.reduce(UPPER(p_table_type), 11);
843  	 l_uniqueness	   := otap_string.reduce(UPPER(p_uniqueness), 9);
844  	 l_tablespace_name := otap_string.reduce(p_tablespace_name, 30);
845  	 l_partitioned	   := otap_string.reduce(UPPER(p_partitioned), 3);
846  	 IF    (    l_table_name	IS NOT NULL
847  		AND LENGTH(l_table_name) > 0
848  	       )
849  	    OR (    l_index_name	IS NOT NULL
850  		AND LENGTH(l_index_name) > 0
851  	       )
852  	 THEN
853  	   -- schema
854  	   l_schema_to_use := otap_string.reduce(TRIM(NVL(p_schema, SYS_CONTEXT('USERENV', 'CURRENT_SCHEMA'))), 128);
855  	   -- check
856  	   SELECT COUNT(*)
857  	     INTO l_has_index
858  	     FROM dba_indexes dix
859  	     LEFT OUTER JOIN dba_ind_columns dic
860  	       ON dix.owner	  = dic.index_owner
861  	      AND dix.index_name  = dic.index_name
862  	      AND dix.table_owner = dic.table_owner
863  	      AND dix.table_name  = dic.table_name
864  	    WHERE dix.owner			  = l_schema_to_use
865  	      AND dix.index_name		  = NVL(l_index_name, dix.index_name)
866  	      AND dix.table_name		  = NVL(l_table_name, dix.table_name)
867  	      AND NVL(dic.column_name, 'n/a')	  = NVL(l_column_name, NVL(dic.column_name, 'n/a'))
868  	      AND NVL(dix.index_type, 'n/a')	  = NVL(l_index_type, NVL(dix.index_type, 'n/a'))
869  	      AND NVL(dix.table_type, 'n/a')	  = NVL(l_table_type, NVL(dix.table_type, 'n/a'))
870  	      AND NVL(dix.uniqueness, 'n/a')	  = NVL(l_uniqueness, NVL(dix.uniqueness, 'n/a'))
871  	      AND NVL(dix.tablespace_name, 'n/a') = NVL(l_tablespace_name, NVL(dix.tablespace_name, 'n/a'))
872  	      AND NVL(dix.partitioned, 'n/a')	  = NVL(l_partitioned, NVL(dix.partitioned, 'n/a'))
873  	   ;
874  	   -- we may find more than one entry for index columns
875  	   l_test_passed := CASE WHEN l_has_index = 0 THEN otap_constants.OTAP_NUM_TEST_FAILED ELSE otap_constants.OTAP_NUM_TEST_PASSED END;
876  	 ELSE
877  	   -- table name or index name missing
878  	   l_test_passed       := otap_constants.OTAP_NUM_TEST_UNDEFINED;
879  	   l_errors	       := 'Not allowed: p_table_name AND p_index_name NULL';
880  	   otap_log.log(l_errors, l_script, 'Table name and index name NULL');
881  	 END IF;
882  	 -- now decide on the expected result the final state and if errors are returned
883  	 IF l_test_passed != l_expected
884  	 THEN
885  	   o_errors := otap_string.reduce(l_errors, 4000);
886  	 ELSE
887  	   -- overwrite states from before, as we fulfill expected
888  	   l_test_passed := otap_constants.OTAP_NUM_TEST_PASSED;
889  	   -- overwrite errors expected
890  	   o_errors := NULL;
891  	 END IF;
892  	 RETURN l_test_passed;
893    EXCEPTION
894  	 WHEN OTHERS THEN
895  	   IF SQLCODE != -20099
896  	   THEN
897  	     -- log unhandled exceptions
898  	     otap_log.log(SQLERRM, l_script, 'Unhandled exception ' || l_script || ' call');
899  	   END IF;
900  	   RAISE;
901    END has_index;
902  
903    FUNCTION has_type( p_type_name	    IN		  VARCHAR2
904  			, o_errors	       OUT NOCOPY VARCHAR2
905  			, p_typecode	    IN		  VARCHAR2 DEFAULT NULL
906  			, p_attributes	    IN		  NUMBER   DEFAULT NULL
907  			, p_methods	    IN		  NUMBER   DEFAULT NULL
908  			, p_predefined	    IN		  VARCHAR2 DEFAULT NULL
909  			, p_incomplete	    IN		  VARCHAR2 DEFAULT NULL
910  			, p_final	    IN		  VARCHAR2 DEFAULT NULL
911  			, p_persistable     IN		  VARCHAR2 DEFAULT NULL
912  			, p_schema	    IN		  VARCHAR2 DEFAULT SYS_CONTEXT('USERENV', 'CURRENT_SCHEMA')
913  			, p_expected_result IN		  NUMBER   DEFAULT otap_constants.OTAP_NUM_TEST_PASSED
914  			)
915  	 RETURN INTEGER
916    IS
917  	 l_script	   VARCHAR2(1024 CHAR)	  := 'otap_schema.has_type';
918  	 l_test_passed	   INTEGER;
919  	 l_expected	   INTEGER;
920  	 l_has_type	   INTEGER;
921  	 l_type_name	   VARCHAR2(128 CHAR);
922  	 l_typecode	   VARCHAR2(128 CHAR);
923  	 l_predefined	   VARCHAR2(3 CHAR);
924  	 l_incomplete	   VARCHAR2(3 CHAR);
925  	 l_final	   VARCHAR2(3 CHAR);
926  	 l_persistable	   VARCHAR2(3 CHAR);
927  	 l_schema_to_use   VARCHAR2(128 CHAR);
928  	 l_errors	   VARCHAR2(32767 CHAR);
929    BEGIN
930  	 l_errors	   := NULL;
931  	 l_test_passed	   := otap_constants.OTAP_NUM_TEST_UNDEFINED;
932  	 l_expected	   := NVL(p_expected_result, otap_constants.OTAP_NUM_TEST_PASSED);
933  	 l_type_name	   := otap_string.reduce(p_type_name, 128);
934  	 l_typecode	   := otap_string.reduce(UPPER(p_typecode), 128);
935  	 l_predefined	   := otap_string.reduce(UPPER(p_predefined), 3);
936  	 l_incomplete	   := otap_string.reduce(UPPER(p_incomplete), 3);
937  	 l_final	   := otap_string.reduce(UPPER(p_final), 3);
938  	 l_persistable	   := otap_string.reduce(UPPER(p_persistable), 3);
939  	 IF	l_type_name	   IS NOT NULL
940  	    AND LENGTH(l_type_name) > 0
941  	 THEN
942  	   -- schema
943  	   l_schema_to_use := otap_string.reduce(TRIM(NVL(p_schema, SYS_CONTEXT('USERENV', 'CURRENT_SCHEMA'))), 128);
944  	   -- check
945  	   SELECT COUNT(*)
946  	     INTO l_has_type
947  	     FROM dba_types
948  	    WHERE owner 		  = l_schema_to_use
949  	      AND type_name		  = l_type_name
950  	      AND NVL(typecode, 'n/a')	  = NVL(l_typecode, NVL(typecode, 'n/a'))
951  	      AND NVL(attributes, -1)	  = NVL(p_attributes, NVL(attributes, -1))
952  	      AND NVL(methods, -1)	  = NVL(p_methods, NVL(methods, -1))
953  	      AND NVL(predefined, 'n/a')  = NVL(l_predefined, NVL(predefined, 'n/a'))
954  	      AND NVL(incomplete, 'n/a')  = NVL(l_incomplete, NVL(incomplete, 'n/a'))
955  	      AND NVL(final, 'n/a')	  = NVL(l_final, NVL(final, 'n/a'))
956  	      AND NVL(persistable, 'n/a') = NVL(l_persistable, NVL(persistable, 'n/a'))
957  	   ;
958  	   -- we should find one or zero entries
959  	   l_test_passed := count_chk(l_has_type, l_errors, l_script);
960  	 ELSE
961  	   -- type name missing
962  	   l_test_passed       := otap_constants.OTAP_NUM_TEST_UNDEFINED;
963  	   l_errors	       := 'Not allowed: p_type_name(NULL)';
964  	   otap_log.log(l_errors, l_script, 'Type name NULL');
965  	 END IF;
966  	 -- now decide on the expected result the final state and if errors are returned
967  	 IF l_test_passed != l_expected
968  	 THEN
969  	   o_errors := otap_string.reduce(l_errors, 4000);
970  	 ELSE
971  	   -- overwrite states from before, as we fulfill expected
972  	   l_test_passed := otap_constants.OTAP_NUM_TEST_PASSED;
973  	   -- overwrite errors expected
974  	   o_errors := NULL;
975  	 END IF;
976  	 RETURN l_test_passed;
977    EXCEPTION
978  	 WHEN OTHERS THEN
979  	   IF SQLCODE != -20099
980  	   THEN
981  	     -- log unhandled exceptions
982  	     otap_log.log(SQLERRM, l_script, 'Unhandled exception ' || l_script || ' call');
983  	   END IF;
984  	   RAISE;
985    END has_type;
986  
987    FUNCTION has_sequence( p_sequence_name	IN	      VARCHAR2
988  			    , o_errors		   OUT NOCOPY VARCHAR2
989  			    , p_table_name	IN	      VARCHAR2 DEFAULT NULL
990  			    , p_column_name	IN	      VARCHAR2 DEFAULT NULL
991  			    , p_min_value	IN	      NUMBER   DEFAULT NULL
992  			    , p_max_value	IN	      NUMBER   DEFAULT NULL
993  			    , p_increment_by	IN	      NUMBER   DEFAULT NULL
994  			    , p_cycle_flag	IN	      VARCHAR2 DEFAULT NULL
995  			    , p_order_flag	IN	      VARCHAR2 DEFAULT NULL
996  			    , p_cache_size	IN	      NUMBER   DEFAULT NULL
997  			    , p_scale_flag	IN	      VARCHAR2 DEFAULT NULL
998  			    , p_extend_flag	IN	      VARCHAR2 DEFAULT NULL
999  			    , p_sharded_flag	IN	      VARCHAR2 DEFAULT NULL
1000  			     , p_session_flag	 IN	       VARCHAR2 DEFAULT NULL
1001  			     , p_keep_value	 IN	       VARCHAR2 DEFAULT NULL
1002  			     , p_table_owner	 IN	       VARCHAR2 DEFAULT NULL
1003  			     , p_schema 	 IN	       VARCHAR2 DEFAULT SYS_CONTEXT('USERENV', 'CURRENT_SCHEMA')
1004  			     , p_expected_result IN	       NUMBER	DEFAULT otap_constants.OTAP_NUM_TEST_PASSED
1005  			     )
1006  	  RETURN INTEGER
1007  	IS
1008  	  l_script	    VARCHAR2(1024 CHAR)    := 'otap_schema.has_sequence';
1009  	  l_test_passed     INTEGER;
1010  	  l_expected	    INTEGER;
1011  	  l_has_sequence    INTEGER;
1012  	  l_sequence_name   VARCHAR2(128 CHAR);
1013  	  l_table_name	    VARCHAR2(128 CHAR);
1014  	  l_column_name     VARCHAR2(128 CHAR);
1015  	  l_table_owner     VARCHAR2(128 CHAR);
1016  	  l_cycle_flag	    VARCHAR2(1 CHAR);
1017  	  l_order_flag	    VARCHAR2(1 CHAR);
1018  	  l_scale_flag	    VARCHAR2(1 CHAR);
1019  	  l_extend_flag     VARCHAR2(1 CHAR);
1020  	  l_sharded_flag    VARCHAR2(1 CHAR);
1021  	  l_session_flag    VARCHAR2(1 CHAR);
1022  	  l_keep_value	    VARCHAR2(1 CHAR);
1023  	  l_schema_to_use   VARCHAR2(128 CHAR);
1024  	  l_errors	    VARCHAR2(32767 CHAR);
1025  	BEGIN
1026  	  l_errors	    := NULL;
1027  	  l_test_passed     := otap_constants.OTAP_NUM_TEST_UNDEFINED;
1028  	  l_expected	    := NVL(p_expected_result, otap_constants.OTAP_NUM_TEST_PASSED);
1029  	  l_sequence_name   := otap_string.reduce(p_sequence_name, 128);
1030  	  l_table_name	    := otap_string.reduce(p_table_name, 128);
1031  	  l_column_name     := otap_string.reduce(p_column_name, 128);
1032  	  l_table_owner     := otap_string.reduce(p_table_owner, 128);
1033  	  l_cycle_flag	    := otap_string.reduce(UPPER(p_cycle_flag), 1);
1034  	  l_order_flag	    := otap_string.reduce(UPPER(p_order_flag), 1);
1035  	  l_scale_flag	    := otap_string.reduce(UPPER(p_scale_flag), 1);
1036  	  l_extend_flag     := otap_string.reduce(UPPER(p_extend_flag), 1);
1037  	  l_sharded_flag    := otap_string.reduce(UPPER(p_sharded_flag), 1);
1038  	  l_session_flag    := otap_string.reduce(UPPER(p_session_flag), 1);
1039  	  l_keep_value	    := otap_string.reduce(UPPER(p_keep_value), 1);
1040  	  IF	(    l_sequence_name	    IS NOT NULL
1041  		 AND LENGTH(l_sequence_name) > 0
1042  		)
1043  	     OR (    l_table_name	  IS NOT NULL
1044  		 AND LENGTH(l_table_name)  > 0
1045  		 AND l_column_name	  IS NOT NULL
1046  		 AND LENGTH(l_column_name) > 0
1047  		)
1048  	  THEN
1049  	    -- schema
1050  	    l_schema_to_use := otap_string.reduce(TRIM(NVL(p_schema, SYS_CONTEXT('USERENV', 'CURRENT_SCHEMA'))), 128);
1051  	    -- check
1052  	    SELECT COUNT(*)
1053  	      INTO l_has_sequence
1054  	      FROM dba_sequences dbs
1055  	      LEFT OUTER JOIN dba_tab_identity_cols dti
1056  		ON dbs.sequence_name  = dti.sequence_name
1057  	       AND dti.owner = NVL(l_table_owner, l_schema_to_use)
1058  	     WHERE dbs.sequence_owner = l_schema_to_use
1059  	       AND dbs.sequence_name  = NVL(l_sequence_name, dbs.sequence_name)
1060  	       AND NVL(dti.table_name, 'n/a')	= NVL(l_table_name, NVL(dti.table_name, 'n/a'))
1061  	       AND NVL(dti.column_name, 'n/a')	= NVL(l_column_name, NVL(dti.column_name, 'n/a'))
1062  	       AND NVL(cycle_flag, 'n/a')	= NVL(l_cycle_flag, NVL(cycle_flag, 'n/a'))
1063  	       AND NVL(order_flag, 'n/a')	= NVL(l_order_flag, NVL(order_flag, 'n/a'))
1064  	       AND NVL(scale_flag, 'n/a')	= NVL(l_scale_flag, NVL(scale_flag, 'n/a'))
1065  	       AND NVL(extend_flag, 'n/a')	= NVL(l_extend_flag, NVL(extend_flag, 'n/a'))
1066  	       AND NVL(sharded_flag, 'n/a')	= NVL(l_sharded_flag, NVL(sharded_flag, 'n/a'))
1067  	       AND NVL(session_flag, 'n/a')	= NVL(l_session_flag, NVL(session_flag, 'n/a'))
1068  	       AND NVL(keep_value, 'n/a')	= NVL(l_keep_value, NVL(keep_value, 'n/a'))
1069  	    ;
1070  	    -- we should find one or zero entries
1071  	    l_test_passed := count_chk(l_has_sequence, l_errors, l_script);
1072  	  ELSE
1073  	    -- either sequence name or table and column name must be
1074  	    l_test_passed	:= otap_constants.OTAP_NUM_TEST_UNDEFINED;
1075  	    l_errors		:= 'Not allowed: p_sequence_name and (p_table_name or p_column_name) NULL';
1076  	    otap_log.log(l_errors, l_script, 'Sequence name and table or column name is NULL');
1077  	  END IF;
1078  	  -- now decide on the expected result the final state and if errors are returned
1079  	  IF l_test_passed != l_expected
1080  	  THEN
1081  	    o_errors := otap_string.reduce(l_errors, 4000);
1082  	  ELSE
1083  	    -- overwrite states from before, as we fulfill expected
1084  	    l_test_passed := otap_constants.OTAP_NUM_TEST_PASSED;
1085  	    -- overwrite errors expected
1086  	    o_errors := NULL;
1087  	  END IF;
1088  	  RETURN l_test_passed;
1089  	EXCEPTION
1090  	  WHEN OTHERS THEN
1091  	    IF SQLCODE != -20099
1092  	    THEN
1093  	      -- log unhandled exceptions
1094  	      otap_log.log(SQLERRM, l_script, 'Unhandled exception ' || l_script || ' call');
1095  	    END IF;
1096  	    RAISE;
1097  	END has_sequence;
1098  
1099  	FUNCTION has_scheduler_job( p_job_name	      IN	    VARCHAR2
1100  				  , o_errors		 OUT NOCOPY VARCHAR2
1101  				  , p_job_style       IN	    VARCHAR2 DEFAULT NULL
1102  				  , p_job_type	      IN	    VARCHAR2 DEFAULT NULL
1103  				  , p_job_action      IN	    VARCHAR2 DEFAULT NULL
1104  				  , p_schedule_type   IN	    VARCHAR2 DEFAULT NULL
1105  				  , p_repeat_interval IN	    VARCHAR2 DEFAULT NULL
1106  				  , p_job_class       IN	    VARCHAR2 DEFAULT NULL
1107  				  , p_logging_level   IN	    VARCHAR2 DEFAULT NULL
1108  				  , p_store_output    IN	    VARCHAR2 DEFAULT NULL
1109  				  , p_schema	      IN	    VARCHAR2 DEFAULT SYS_CONTEXT('USERENV', 'CURRENT_SCHEMA')
1110  				  , p_expected_result IN	    NUMBER   DEFAULT otap_constants.OTAP_NUM_TEST_PASSED
1111  				  )
1112  	  RETURN INTEGER
1113  	IS
1114  	  l_script	    VARCHAR2(1024 CHAR)    := 'otap_schema.has_scheduler_job';
1115  	  l_test_passed     INTEGER;
1116  	  l_expected	    INTEGER;
1117  	  l_has_job	    INTEGER;
1118  	  l_job_name	    VARCHAR2(128 CHAR);
1119  	  l_job_style	    VARCHAR2(17 CHAR);
1120  	  l_job_type	    VARCHAR2(16 CHAR);
1121  	  l_job_action	    VARCHAR2(4000 CHAR);
1122  	  l_schedule_type   VARCHAR2(12 CHAR);
1123  	  l_repeat_interval VARCHAR2(4000 CHAR);
1124  	  l_job_class	    VARCHAR2(128 CHAR);
1125  	  l_logging_level   VARCHAR2(11 CHAR);
1126  	  l_store_output    VARCHAR2(5 CHAR);
1127  	  l_schema_to_use   VARCHAR2(128 CHAR);
1128  	  l_errors	    VARCHAR2(32767 CHAR);
1129  	BEGIN
1130  	  l_errors	    := NULL;
1131  	  l_test_passed     := otap_constants.OTAP_NUM_TEST_UNDEFINED;
1132  	  l_expected	    := NVL(p_expected_result, otap_constants.OTAP_NUM_TEST_PASSED);
1133  	  l_job_name	    := otap_string.reduce(p_job_name, 128);
1134  	  l_job_style	    := otap_string.reduce(UPPER(p_job_style), 17);
1135  	  l_job_type	    := otap_string.reduce(UPPER(p_job_type), 16);
1136  	  l_job_action	    := otap_string.reduce(otap_string.flatten(UPPER(p_job_action), 4000), 4000);
1137  	  l_schedule_type   := otap_string.reduce(UPPER(p_schedule_type), 12);
1138  	  l_repeat_interval := otap_string.reduce(UPPER(p_repeat_interval), 4000);
1139  	  l_job_class	    := otap_string.reduce(UPPER(p_job_class), 128);
1140  	  l_logging_level   := otap_string.reduce(UPPER(p_logging_level), 11);
1141  	  l_store_output    := otap_string.reduce(UPPER(p_store_output), 5);
1142  	  IF	 l_job_name	   IS NOT NULL
1143  	     AND LENGTH(l_job_name) > 0
1144  	  THEN
1145  	    -- schema
1146  	    l_schema_to_use := otap_string.reduce(TRIM(NVL(p_schema, SYS_CONTEXT('USERENV', 'CURRENT_SCHEMA'))), 128);
1147  	    -- check
1148  	    SELECT COUNT(*)
1149  	      INTO l_has_job
1150  	      FROM dba_scheduler_jobs
1151  	     WHERE owner				    = l_schema_to_use
1152  	       AND job_name				    = l_job_name
1153  	       AND NVL(job_style, 'n/a')		    = NVL(l_job_style, NVL(job_style, 'n/a'))
1154  	       AND NVL(job_type, 'n/a') 		    = NVL(l_job_type, NVL(job_type, 'n/a'))
1155  	       AND NVL( otap_string.reduce( otap_string.flatten( UPPER(job_action)
1156  							       , 4000
1157  							       )
1158  					  , 4000
1159  					  )
1160  		      , 'n/a'
1161  		      ) 				    = NVL(l_job_action, NVL(otap_string.reduce(otap_string.flatten(UPPER(job_action), 4000), 4000), 'n/a'))
1162  	       AND NVL(schedule_type, 'n/a')		    = NVL(l_schedule_type, NVL(schedule_type, 'n/a'))
1163  	       AND NVL(TRIM(UPPER(repeat_interval)), 'n/a') = NVL(l_repeat_interval, NVL(TRIM(UPPER(repeat_interval)), 'n/a'))
1164  	       AND NVL(job_class, 'n/a')		    = NVL(l_job_class, NVL(job_class, 'n/a'))
1165  	       AND NVL(logging_level, 'n/a')		    = NVL(l_logging_level, NVL(logging_level, 'n/a'))
1166  	       AND NVL(store_output, 'n/a')		    = NVL(l_store_output, NVL(store_output, 'n/a'))
1167  	    ;
1168  	    -- we should find one or zero entries
1169  	    l_test_passed := count_chk(l_has_job, l_errors, l_script);
1170  	  ELSE
1171  	    -- job name must be set
1172  	    l_test_passed	:= otap_constants.OTAP_NUM_TEST_UNDEFINED;
1173  	    l_errors		:= 'Not allowed: p_job_name(NULL)';
1174  	    otap_log.log(l_errors, l_script, 'Scheduler job name is NULL');
1175  	  END IF;
1176  	  -- now decide on the expected result the final state and if errors are returned
1177  	  IF l_test_passed != l_expected
1178  	  THEN
1179  	    o_errors := otap_string.reduce(l_errors, 4000);
1180  	  ELSE
1181  	    -- overwrite states from before, as we fulfill expected
1182  	    l_test_passed := otap_constants.OTAP_NUM_TEST_PASSED;
1183  	    -- overwrite errors expected
1184  	    o_errors := NULL;
1185  	  END IF;
1186  	  RETURN l_test_passed;
1187  	EXCEPTION
1188  	  WHEN OTHERS THEN
1189  	    IF SQLCODE != -20099
1190  	    THEN
1191  	      -- log unhandled exceptions
1192  	      otap_log.log(SQLERRM, l_script, 'Unhandled exception ' || l_script || ' call');
1193  	    END IF;
1194  	    RAISE;
1195  	END has_scheduler_job;
1196  
1197  	FUNCTION has_user( p_username		   IN		 VARCHAR2
1198  			 , o_errors		      OUT NOCOPY VARCHAR2
1199  			 , p_account_status	   IN		 VARCHAR2 DEFAULT NULL
1200  			 , p_default_tablespace    IN		 VARCHAR2 DEFAULT NULL
1201  			 , p_temporary_tablespace  IN		 VARCHAR2 DEFAULT NULL
1202  			 , p_local_temp_tablespace IN		 VARCHAR2 DEFAULT NULL
1203  			 , p_profile		   IN		 VARCHAR2 DEFAULT NULL
1204  			 , p_password_versions	   IN		 VARCHAR2 DEFAULT NULL
1205  			 , p_authentication_type   IN		 VARCHAR2 DEFAULT NULL
1206  			 , p_proxy_only_connect    IN		 VARCHAR2 DEFAULT NULL
1207  			 , p_protected		   IN		 VARCHAR2 DEFAULT NULL
1208  			 , p_read_only		   IN		 VARCHAR2 DEFAULT NULL
1209  			 , p_expected_result	   IN		 NUMBER   DEFAULT otap_constants.OTAP_NUM_TEST_PASSED
1210  			 )
1211  	  RETURN INTEGER
1212  	IS
1213  	  l_script		  VARCHAR2(1024 CHAR)	 := 'otap_schema.has_user';
1214  	  l_test_passed 	  INTEGER;
1215  	  l_expected		  INTEGER;
1216  	  l_has_user		  INTEGER;
1217  	  l_username		  VARCHAR2(128 CHAR);
1218  	  l_account_status	  VARCHAR2(32 CHAR);
1219  	  l_default_tablespace	  VARCHAR2(30 CHAR);
1220  	  l_temporary_tablespace  VARCHAR2(30 CHAR);
1221  	  l_local_temp_tablespace VARCHAR2(30 CHAR);
1222  	  l_profile		  VARCHAR2(128 CHAR);
1223  	  l_password_versions	  VARCHAR2(17 CHAR);
1224  	  l_authentication_type   VARCHAR2(8 CHAR);
1225  	  l_proxy_only_connect	  VARCHAR2(1 CHAR);
1226  	  l_protected		  VARCHAR2(3 CHAR);
1227  	  l_read_only		  VARCHAR2(3 CHAR);
1228  	  l_errors		  VARCHAR2(32767 CHAR);
1229  	BEGIN
1230  	  l_errors		  := NULL;
1231  	  l_test_passed 	  := otap_constants.OTAP_NUM_TEST_UNDEFINED;
1232  	  l_expected		  := NVL(p_expected_result, otap_constants.OTAP_NUM_TEST_PASSED);
1233  	  l_username		  := otap_string.reduce(p_username, 128);
1234  	  l_account_status	  := otap_string.reduce(UPPER(p_account_status), 32);
1235  	  l_default_tablespace	  := otap_string.reduce(p_default_tablespace, 30);
1236  	  l_temporary_tablespace  := otap_string.reduce(p_temporary_tablespace, 30);
1237  	  l_local_temp_tablespace := otap_string.reduce(p_local_temp_tablespace, 30);
1238  	  l_profile		  := otap_string.reduce(UPPER(p_profile), 128);
1239  	  l_password_versions	  := otap_string.reduce(p_password_versions, 17);
1240  	  l_authentication_type   := otap_string.reduce(UPPER(p_authentication_type), 8);
1241  	  l_proxy_only_connect	  := otap_string.reduce(UPPER(p_proxy_only_connect), 1);
1242  	  l_protected		  := otap_string.reduce(UPPER(p_protected), 3);
1243  	  l_read_only		  := otap_string.reduce(UPPER(p_read_only), 3);
1244  	  IF	 p_username	   IS NOT NULL
1245  	     AND LENGTH(p_username) > 0
1246  	  THEN
1247  	    -- check
1248  	    SELECT COUNT(*)
1249  	      INTO l_has_user
1250  	      FROM dba_users
1251  	     WHERE username			       = l_username
1252  	       AND account_status		       = NVL(l_account_status, account_status)
1253  	       AND default_tablespace		       = NVL(l_default_tablespace, default_tablespace)
1254  	       AND temporary_tablespace 	       = NVL(l_temporary_tablespace, temporary_tablespace)
1255  	       AND NVL(local_temp_tablespace, 'n/a')   = NVL(l_local_temp_tablespace, NVL(local_temp_tablespace, 'n/a'))
1256  	       AND profile			       = NVL(l_profile, profile)
1257  	       AND TRIM(NVL(password_versions, 'n/a')) = NVL(l_password_versions, TRIM(NVL(password_versions, 'n/a')))
1258  	       AND NVL(authentication_type, 'n/a')     = NVL(l_authentication_type, NVL(authentication_type, 'n/a'))
1259  	       AND NVL(proxy_only_connect, 'n/a')      = NVL(l_proxy_only_connect, NVL(proxy_only_connect, 'n/a'))
1260  	       AND NVL(protected, 'n/a')	       = NVL(l_protected, NVL(protected, 'n/a'))
1261  	       AND NVL(read_only, 'n/a')	       = NVL(l_read_only, NVL(read_only, 'n/a'))
1262  	    ;
1263  	    -- we should find one or zero entries
1264  	    l_test_passed := count_chk(l_has_user, l_errors, l_script);
1265  	  ELSE
1266  	    -- job name must be set
1267  	    l_test_passed	:= otap_constants.OTAP_NUM_TEST_UNDEFINED;
1268  	    l_errors		:= 'Not allowed: p_username(NULL)';
1269  	    otap_log.log(l_errors, l_script, 'User name is NULL');
1270  	  END IF;
1271  	  -- now decide on the expected result the final state and if errors are returned
1272  	  IF l_test_passed != l_expected
1273  	  THEN
1274  	    o_errors := otap_string.reduce(l_errors, 4000);
1275  	  ELSE
1276  	    -- overwrite states from before, as we fulfill expected
1277  	    l_test_passed := otap_constants.OTAP_NUM_TEST_PASSED;
1278  	    -- overwrite errors expected
1279  	    o_errors := NULL;
1280  	  END IF;
1281  	  RETURN l_test_passed;
1282  	EXCEPTION
1283  	  WHEN OTHERS THEN
1284  	    IF SQLCODE != -20099
1285  	    THEN
1286  	      -- log unhandled exceptions
1287  	      otap_log.log(SQLERRM, l_script, 'Unhandled exception ' || l_script || ' call');
1288  	    END IF;
1289  	    RAISE;
1290  	END has_user;
1291  
1292  END;
1293  /

Package body created.

SQL> @@../otap_ddl/packages/otap_logic.pks
SQL> -- (C) 2024 Michael Lindenau licensed via https://www.gnu.org/licenses/agpl-3.0.txt
SQL> -- and https://toent.ch/licenses/AI_DISCLOSURE_LICENSE_V1
SQL> -- Not allowed to be used as AI training material without explicite permission.
SQL> -- Provides test functions related to logical operations and special compares.
SQL> CREATE OR REPLACE PACKAGE otap_logic
  2  AS
  3    /**
  4    * Packages provides mainly functions to compare inputs against given values.
  5    * Functions are basically simple, only chance for errors are exceptions. No error return.
  6    */
  7  
  8    /** FUNCTION otap_logic.ok
  9    * Checks if a boolean expression result is TRUE. To test for FALSE just set expected result to otap_constants.OTAP_NUM_TEST_FAILED.
 10    *
 11    * @param p_boolean The result of a boolean expression to check.
 12    * @param o_error Error information, if any, on the test executed.
 13    * @param p_expected_result The expected test result as number. Default is test passed. See otap_constants.
 14    *
 15    * @return The test result as number, either otap_constants.OTAP_NUM_TEST_PASSED, otap_constants.OTAP_NUM_TEST_FAILED or otap_constants.OTAP_NUM_TEST_UNDEFINED.
 16    */
 17    FUNCTION ok( p_boolean	      IN	    BOOLEAN
 18  		  , o_errors		 OUT NOCOPY VARCHAR2
 19  		  , p_expected_result IN	    NUMBER   DEFAULT otap_constants.OTAP_NUM_TEST_PASSED
 20  		  )
 21  	 RETURN INTEGER
 22    ;
 23  
 24    /** FUNCTION otap_logic.is_eq
 25    * Checks given data of type VARCHAR2, NUMBER and DATE against a given value. As IS is a reserved word in Oracle
 26    * this is the equivalent of is and isnt. isnt is achieved by setting expected result to otap_constants.OTAP_NUM_TEST_FAILED.
 27    *
 28    * Other types are more or less problematic, e.g. you can't declare in Oracle a function with date and timestamp parameter. If providing
 29    * TIMESTAMP Oracle gets confused which function to use. Try to convert or cast the types to the base types. CAST will probably not
 30    * preserve all information. TO_CHAR is almost always an option.
 31    *
 32    * @param p_have The data to check.
 33    * @param p_want The expected data. Must have the same datatype as p_have.
 34    * @param o_error Error information, if any, on the test executed.
 35    * @param p_expected_result The expected test result as number. Default is test passed. See otap_constants.
 36    *
 37    * @return The test result as number, either otap_constants.OTAP_NUM_TEST_PASSED, otap_constants.OTAP_NUM_TEST_FAILED or otap_constants.OTAP_NUM_TEST_UNDEFINED.
 38    */
 39    FUNCTION is_eq( p_have		 IN	       VARCHAR2
 40  		     , p_want		 IN	       VARCHAR2
 41  		     , o_errors 	    OUT NOCOPY VARCHAR2
 42  		     , p_expected_result IN	       NUMBER	DEFAULT otap_constants.OTAP_NUM_TEST_PASSED
 43  		     )
 44  	 RETURN INTEGER
 45    ;
 46    FUNCTION is_eq( p_have		 IN	       NUMBER
 47  		     , p_want		 IN	       NUMBER
 48  		     , o_errors 	    OUT NOCOPY VARCHAR2
 49  		     , p_expected_result IN	       NUMBER	DEFAULT otap_constants.OTAP_NUM_TEST_PASSED
 50  		     )
 51  	 RETURN INTEGER
 52    ;
 53    FUNCTION is_eq( p_have		 IN	       DATE
 54  		     , p_want		 IN	       DATE
 55  		     , o_errors 	    OUT NOCOPY VARCHAR2
 56  		     , p_expected_result IN	       NUMBER	DEFAULT otap_constants.OTAP_NUM_TEST_PASSED
 57  		     )
 58  	 RETURN INTEGER
 59    ;
 60  
 61    /** FUNCTION otap_logic.match_regex
 62    * Checks given data of type VARCHAR2 against an Oracle REGEX expression. Uses REGEXP_LIKE. As MATCHES is a reserved word
 63    * this is the equivalent of matches, imatches, doesnt_match and doesnt_imatch.
 64    * ATTENTION Oracle REGEX implementation is not standard. Unix regex which work like charm take hours to implement in
 65    * Oracle REGEX to work as desired. Test your expression well with Oracle before using it. Keep it simple to get it work.
 66    *
 67    * Easiest way to check is SELECT COUNT(*) FROM dual WHERE regexp_like('your string', 'your regex', 'regex param');
 68    * Should result in 1 if successful checked. You may want to prepare a with block with different string to pass them
 69    * through the regular expression.
 70    *
 71    * @param p_have The data to check.
 72    * @param p_regex A valid Oracle regular expression that p_have must match. Mandatory.
 73    * @param o_error Error information, if any, on the test executed.
 74    * @param p_param Optional valid parameter for REGEXP_LIKE. 'i' means case insensitive. Parameters are case sensitive. See Oracle documentation for details, https://docs.oracle.com/en/database/oracle/oracle-database/21/sqlrf/Pattern-matching-Conditions.html#GUID-D2124F3A-C6E4-4CCA-A40E-2FFCABFD8E19.
 75    * @param p_expected_result The expected test result as number. Default is test passed. See otap_constants.
 76    *
 77    * @return The test result as number, either otap_constants.OTAP_NUM_TEST_PASSED, otap_constants.OTAP_NUM_TEST_FAILED or otap_constants.OTAP_NUM_TEST_UNDEFINED.
 78    */
 79    FUNCTION match_regex( p_have	       IN	     VARCHAR2
 80  			   , p_regex	       IN	     VARCHAR2
 81  			   , o_errors		  OUT NOCOPY VARCHAR2
 82  			   , p_param	       IN	     VARCHAR2 DEFAULT NULL
 83  			   , p_expected_result IN	     NUMBER   DEFAULT otap_constants.OTAP_NUM_TEST_PASSED
 84  			   )
 85  	 RETURN INTEGER
 86    ;
 87  
 88    /** FUNCTION otap_logic.alike
 89    * Checks given data of type VARCHAR2 against an Oracle LIKE expression. LIKE is currently more reliable and easier
 90    * to use than Oracle REGEX implementation. But also much more limited.
 91    *
 92    * @param p_have The data to check.
 93    * @param p_like A valid Oracle like expression that p_have must match. Mandatory.
 94    * @param o_error Error information, if any, on the test executed.
 95    * @param p_case_sensitive Optional defines that the compared result is handled as case sensitive, if set to otap_constants.OTAP_NUM_TRUE.
 96    * @param p_expected_result The expected test result as number. Default is test passed. See otap_constants.
 97    *
 98    * @return The test result as number, either otap_constants.OTAP_NUM_TEST_PASSED, otap_constants.OTAP_NUM_TEST_FAILED or otap_constants.OTAP_NUM_TEST_UNDEFINED.
 99    */
100    FUNCTION alike( p_have		 IN	       VARCHAR2
101  		     , p_like		 IN	       VARCHAR2
102  		     , o_errors 	    OUT NOCOPY VARCHAR2
103  		     , p_case_sensitive  IN	       NUMBER	DEFAULT otap_constants.OTAP_NUM_FALSE
104  		     , p_expected_result IN	       NUMBER	DEFAULT otap_constants.OTAP_NUM_TEST_PASSED
105  		     )
106  	 RETURN INTEGER
107    ;
108  
109    /** FUNCTION otap_logic.throws_ok
110    * Checks if a given statement or code block throws the expected error message. The expected error message must match
111    * the SQLERRM returned from exception thrown. Use throws_match or throws_like if only parts of the error message must
112    * match. If the statement starts with SELECT it is executed as is, without caring for returned columns or rows and ignoring
113    * any given header definition. The header definition is a code block for the declare section defining variables that may be
114    * needed by called functions or procedures. It is only used if the statement does not start with SELECT and if the declaration
115    * block can be executed with a NULL procedure without throwing exceptions.
116    *
117    * Function comes in two flavors, comparing SQLERRM as VARCHAR2 or the error code SQLCODE as number. It can also be used to check
118    * if a statement does not cause any exception by switching the expected result to otap_constants.OTAP_NUM_TEST_FAILED.
119    *
120    * SQL statements (SELECT, UPDATE, DELETE) MUST NOT have a trailing semicolon. otap will try to detect and remove it, but may fail.
121    * Semicolon in dynamically executed SQL statements will cause an unexpected exception.
122    *
123    * Functions and procedures MUST have a trailing semicolon, especially if more than one command is executed in the block.
124    *
125    * Syntax errors will most likely cause a different exception as the expected one and fail the test. This is especially important if
126    * you switch the expected test result. otap expects in this case, that the statement could be executed without any exception.
127    *
128    * @param p_statement Mandatory. The statement as string to execute. Can be a select statement or function/procedure call. No need to proovide a begin end block. Syntax should be checked or will cause unexpected exceptions.
129    * @param p_sqlerrm Mandatory. The exact case sensitive expected error message as returned by SQLERRM after a provoked exception.
130    * @param o_error Error information, if any, on the test executed.
131    * @param p_header_def Optional valid header definition (test result is undefined if header is not valid) for function or procedure tests to support OUT and return variables.
132    * @param p_expected_result The expected test result as number. Default is test passed. See otap_constants.
133    *
134    * @return The test result as number, either otap_constants.OTAP_NUM_TEST_PASSED, otap_constants.OTAP_NUM_TEST_FAILED or otap_constants.OTAP_NUM_TEST_UNDEFINED.
135    */
136    FUNCTION throws_ok( p_statement	     IN 	   VARCHAR2
137  			 , p_sqlerrm	     IN 	   VARCHAR2
138  			 , o_errors		OUT NOCOPY VARCHAR2
139  			 , p_header_def      IN 	   VARCHAR2 DEFAULT NULL
140  			 , p_expected_result IN 	   NUMBER   DEFAULT otap_constants.OTAP_NUM_TEST_PASSED
141  			 )
142  	 RETURN INTEGER
143    ;
144  
145    /** FUNCTION otap_logic.throws_ok
146    * Flavor error code SQLCODE as number. Same behavior as flavor error message. Be aware that some Oracle error codes are group error codes where
147    * the error message differs depending on the exact error cause.
148    *
149    * @param p_statement Mandatory. The statement as string to execute. Can be a select statement or function/procedure call. No need to proovide a begin end block. Syntax should be checked or will cause unexpected exceptions.
150    * @param p_sqlcode Mandatory. The exact expected error code as returned by SQLCODE after a provoked exception.
151    * @param o_error Error information, if any, on the test executed.
152    * @param p_header_def Optional valid header definition (test result is undefined if header is not valid) for function or procedure tests to support OUT and return variables.
153    * @param p_expected_result The expected test result as number. Default is test passed. See otap_constants.
154    *
155    * @return The test result as number, either otap_constants.OTAP_NUM_TEST_PASSED, otap_constants.OTAP_NUM_TEST_FAILED or otap_constants.OTAP_NUM_TEST_UNDEFINED.
156    */
157    FUNCTION throws_ok( p_statement	     IN 	   VARCHAR2
158  			 , p_sqlcode	     IN 	   NUMBER
159  			 , o_errors		OUT NOCOPY VARCHAR2
160  			 , p_header_def      IN 	   VARCHAR2 DEFAULT NULL
161  			 , p_expected_result IN 	   NUMBER   DEFAULT otap_constants.OTAP_NUM_TEST_PASSED
162  			 )
163  	 RETURN INTEGER
164    ;
165  
166    /** FUNCTION otap_logic.throws_matches
167    * Same as otap_logic.throws_ok apart from using Oracle REGEXP to identify the error message.
168    *
169    * @param p_statement Mandatory. The statement as string to execute. Can be a select statement or function/procedure call. No need to proovide a begin end block. Syntax should be checked or will cause unexpected exceptions.
170    * @param p_regex_sqlerrm Mandatory. The regular expression to match the expected error message as returned by SQLERRM after a provoked exception.
171    * @param o_error Error information, if any, on the test executed.
172    * @param p_param Optional valid parameter for REGEXP_LIKE. 'i' means case insensitive. Parameters are case sensitive. See Oracle documentation for details, https://docs.oracle.com/en/database/oracle/oracle-database/21/sqlrf/Pattern-matching-Conditions.html#GUID-D2124F3A-C6E4-4CCA-A40E-2FFCABFD8E19.
173    * @param p_header_def Optional valid header definition (test result is undefined if header is not valid) for function or procedure tests to support OUT and return variables.
174    * @param p_expected_result The expected test result as number. Default is test passed. See otap_constants.
175    *
176    * @return The test result as number, either otap_constants.OTAP_NUM_TEST_PASSED, otap_constants.OTAP_NUM_TEST_FAILED or otap_constants.OTAP_NUM_TEST_UNDEFINED.
177    */
178    FUNCTION throws_matches( p_statement	  IN		VARCHAR2
179  			      , p_regex_sqlerrm   IN		VARCHAR2
180  			      , o_errors	     OUT NOCOPY VARCHAR2
181  			      , p_param 	  IN		VARCHAR2 DEFAULT NULL
182  			      , p_header_def	  IN		VARCHAR2 DEFAULT NULL
183  			      , p_expected_result IN		NUMBER	 DEFAULT otap_constants.OTAP_NUM_TEST_PASSED
184  			      )
185  	 RETURN INTEGER
186    ;
187  
188    /** FUNCTION otap_logic.throws_like
189    * Same as otap_logic.throws_ok apart from using Oracle LIKE to identify the error message.
190    *
191    * @param p_statement Mandatory. The statement as string to execute. Can be a select statement or function/procedure call. No need to proovide a begin end block. Syntax should be checked or will cause unexpected exceptions.
192    * @param p_like_sqlerrm Mandatory. The LIKE expression to match the expected error message as returned by SQLERRM after a provoked exception.
193    * @param o_error Error information, if any, on the test executed.
194    * @param p_case_sensitive Optional defines that the compared result is handled as case sensitive, if set to otap_constants.OTAP_NUM_TRUE.
195    * @param p_header_def Optional valid header definition (test result is undefined if header is not valid) for function or procedure tests to support OUT and return variables.
196    * @param p_expected_result The expected test result as number. Default is test passed. See otap_constants.
197    *
198    * @return The test result as number, either otap_constants.OTAP_NUM_TEST_PASSED, otap_constants.OTAP_NUM_TEST_FAILED or otap_constants.OTAP_NUM_TEST_UNDEFINED.
199    */
200    FUNCTION throws_like( p_statement       IN	     VARCHAR2
201  			   , p_like_sqlerrm    IN	     VARCHAR2
202  			   , o_errors		  OUT NOCOPY VARCHAR2
203  			   , p_case_sensitive  IN	     NUMBER   DEFAULT otap_constants.OTAP_NUM_FALSE
204  			   , p_header_def      IN	     VARCHAR2 DEFAULT NULL
205  			   , p_expected_result IN	     NUMBER   DEFAULT otap_constants.OTAP_NUM_TEST_PASSED
206  			   )
207  	 RETURN INTEGER
208    ;
209  
210    --=== internal functions exposed for testing
211    /** FUNCTION otap_logic.check_header
212    * Checks a header construct defining variables and defaults with a declare-begin-end block, if a header definition is
213    * given. If the header definition is NULL, will always return TRUE.
214    */
215    FUNCTION check_header( p_header_def IN		 VARCHAR2
216  			    , o_errors	   IN OUT NOCOPY VARCHAR2
217  			    )
218  	 RETURN BOOLEAN
219    ;
220    /** FUNCTION otap_logic.get_test_block
221    * Creates a declare-begin-end block to execute, that contains the header and the given statement in the body.
222    * The statement is used as given, leading comments are NOT checked for determination of script type (SQL or PLSQL)
223    * If the statement starts with SELECT (case ignored), the block is just the SQL SELECT statement checked and
224    * cleaned from ending with a semicolon.
225    */
226    FUNCTION get_test_block( p_statement  IN VARCHAR2
227  			      , p_header_def IN VARCHAR2 DEFAULT NULL
228  			      )
229  	 RETURN VARCHAR2
230    ;
231    /** FUNCTION otap_logic.has_exception
232    * Checks if a given statement and optional header cause an exception. Will return TRUE if an exception is raised, otherwise FALSE.
233    * Returns the error code and message as provided by SQLCODE and SQLERRM as out variables.
234    */
235    FUNCTION has_exception( p_statement	 IN	       VARCHAR2
236  			     , o_errors 	 IN OUT NOCOPY VARCHAR2
237  			     , o_sqlcode	    OUT NOCOPY NUMBER
238  			     , o_sqlerrm	    OUT NOCOPY VARCHAR2
239  			     , p_header_def	 IN	       VARCHAR2 DEFAULT NULL
240  			     , p_expected_result IN	       NUMBER	DEFAULT otap_constants.OTAP_NUM_TEST_PASSED
241  			     )
242  	 RETURN BOOLEAN
243    ;
244  
245  END;
246  /

Package created.

SQL> @@../otap_ddl/packages/otap_logic.pkb
SQL> -- (C) 2024 Michael Lindenau licensed via https://www.gnu.org/licenses/agpl-3.0.txt
SQL> -- and https://toent.ch/licenses/AI_DISCLOSURE_LICENSE_V1
SQL> -- Not allowed to be used as AI training material without explicite permission.
SQL> CREATE OR REPLACE PACKAGE BODY otap_logic
  2  AS
  3    -- for description see header file
  4    FUNCTION check_header( p_header_def IN		 VARCHAR2
  5  			    , o_errors	   IN OUT NOCOPY VARCHAR2
  6  			    )
  7  	 RETURN BOOLEAN
  8    IS
  9  	 l_script  VARCHAR2(1024 CHAR) := 'otap_logic.check_header';
 10  	 l_block   VARCHAR2(32767);
 11  	 l_return  BOOLEAN;
 12    BEGIN
 13  	 l_return := FALSE;
 14  	 l_block := 'DECLARE ' || p_header_def || ' BEGIN NULL; END;';
 15  	 -- check header
 16  	 BEGIN
 17  	   EXECUTE IMMEDIATE l_block;
 18  	   l_return := TRUE;
 19  	 EXCEPTION
 20  	   WHEN OTHERS THEN
 21  	     -- log error
 22  	     otap_log.log(SQLERRM, l_script, 'Header block not valid: ' || p_header_def);
 23  	     o_errors := o_errors || ' exception: ' || SQLERRM;
 24  	     l_return := FALSE;
 25  	 END;
 26  	 RETURN l_return;
 27    EXCEPTION
 28  	 WHEN OTHERS THEN
 29  	   IF SQLCODE != -20099
 30  	   THEN
 31  	     -- log unhandled exceptions
 32  	     otap_log.log(SQLERRM, l_script, 'Unhandled exception ' || l_script || ' call');
 33  	   END IF;
 34  	   RAISE;
 35    END check_header;
 36  
 37    FUNCTION get_test_block( p_statement  IN VARCHAR2
 38  			      , p_header_def IN VARCHAR2 DEFAULT NULL
 39  			      )
 40  	 RETURN VARCHAR2
 41    IS
 42  	l_block VARCHAR2(32767);
 43    BEGIN
 44  	 IF SUBSTR(UPPER(p_statement), 1, 6) = 'SELECT'
 45  	 THEN
 46  	   l_block := TRIM(p_statement);
 47  	   IF (SUBSTR(l_block, LENGTH(l_block)-1, 1) = ';')
 48  	   THEN
 49  	     l_block := SUBSTR(l_block, 1, LENGTH(l_block)-1);
 50  	   END IF;
 51  	   -- to get exceptions from SELECT statements without knowing the columns we use a FOR IN loop
 52  	   l_block := 'DECLARE BEGIN FOR rec IN (' || l_block || ') LOOP NULL; END LOOP; END;';
 53  	   RETURN l_block;
 54  	 ELSE
 55  	   RETURN 'DECLARE ' || p_header_def || ' BEGIN ' || p_statement || ' END;';
 56  	 END IF;
 57    EXCEPTION
 58  	 WHEN OTHERS THEN
 59  	   IF SQLCODE != -20099
 60  	   THEN
 61  	     -- log unhandled exceptions
 62  	     otap_log.log(SQLERRM, 'otap_logic.get_test_block', 'Unhandled exception otap_logic.get_test_block call');
 63  	   END IF;
 64  	   RAISE;
 65    END get_test_block;
 66  
 67    FUNCTION has_exception( p_statement	 IN	       VARCHAR2
 68  			     , o_errors 	 IN OUT NOCOPY VARCHAR2
 69  			     , o_sqlcode	    OUT NOCOPY NUMBER
 70  			     , o_sqlerrm	    OUT NOCOPY VARCHAR2
 71  			     , p_header_def	 IN	       VARCHAR2 DEFAULT NULL
 72  			     , p_expected_result IN	       NUMBER	DEFAULT otap_constants.OTAP_NUM_TEST_PASSED
 73  			     )
 74  	 RETURN BOOLEAN
 75    IS
 76  	 l_script  VARCHAR2(1024 CHAR) := 'otap_logic.has_exception';
 77  	 l_block   VARCHAR2(32767);
 78  	 l_return  BOOLEAN;
 79    BEGIN
 80  	 l_return := FALSE;
 81  	 IF otap_logic.check_header(p_header_def, o_errors)
 82  	 THEN
 83  	   -- header valid, check statement
 84  	   l_block := otap_logic.get_test_block(p_statement, p_header_def);
 85  	   otap_log.log('Dynamic execution of unverified code', l_script, l_block, otap_constants.OTAP_INTERNAL_WARNING);
 86  	   BEGIN
 87  	     EXECUTE IMMEDIATE l_block;
 88  	     l_return := FALSE;
 89  	     IF p_expected_result = otap_constants.OTAP_NUM_TEST_PASSED
 90  	     THEN
 91  	       o_errors  := o_errors || 'Expected exception missing for ' || l_block || ' ';
 92  	       o_sqlcode := NULL;
 93  	       o_sqlerrm := NULL;
 94  	     END IF;
 95  	   EXCEPTION
 96  	     WHEN OTHERS THEN
 97  	       o_sqlcode := SQLCODE;
 98  	       o_sqlerrm := SQLERRM;
 99  	       l_return  := TRUE;
100  	   END;
101  	 ELSE
102  	   -- header not valid, o_errors should be set, return TRUE but user error
103  	   otap_log.log('-20100 invalid header', l_script, 'User error invalid header ' || p_header_def);
104  	   o_sqlcode := -20100;
105  	   o_sqlerrm := 'User error invalid header ' || p_header_def;
106  	   o_errors  := o_errors || 'User error invalid header ' || p_header_def || ' ';
107  	   l_return  := TRUE;
108  	 END IF;
109  	 RETURN l_return;
110    EXCEPTION
111  	 WHEN OTHERS THEN
112  	   IF SQLCODE != -20099
113  	   THEN
114  	     -- log unhandled exceptions
115  	     otap_log.log(SQLERRM, l_script, 'Unhandled exception ' || l_script || ' call');
116  	   END IF;
117  	   RAISE;
118    END has_exception;
119  
120    FUNCTION ok( p_boolean	      IN	    BOOLEAN
121  		  , o_errors		 OUT NOCOPY VARCHAR2
122  		  , p_expected_result IN	    NUMBER   DEFAULT otap_constants.OTAP_NUM_TEST_PASSED
123  		  )
124  	 RETURN INTEGER
125    IS
126  	 l_script	 VARCHAR2(1024 CHAR) := 'otap_logic.ok';
127  	 l_test_passed	 INTEGER;
128  	 l_expected	 INTEGER;
129  	 l_errors	 VARCHAR2(32767 CHAR);
130    BEGIN
131  	 l_errors      := NULL;
132  	 l_test_passed := otap_constants.OTAP_NUM_TEST_UNDEFINED;
133  	 l_expected    := NVL(p_expected_result, otap_constants.OTAP_NUM_TEST_PASSED);
134  	 IF p_boolean IS NOT NULL
135  	 THEN
136  	   l_test_passed := CASE WHEN p_boolean THEN otap_constants.OTAP_NUM_TEST_PASSED ELSE otap_constants.OTAP_NUM_TEST_FAILED END;
137  	 ELSE
138  	   l_test_passed := otap_constants.OTAP_NUM_TEST_UNDEFINED;
139  	   -- NULL is not a valid boolean
140  	   l_errors := 'Not allowed: p_boolean(NULL)';
141  	   otap_log.log(l_errors, l_script);
142  	 END IF;
143  	 -- now decide on the expected result the final state and if errors are returned
144  	 IF l_test_passed != l_expected
145  	 THEN
146  	   o_errors := otap_string.reduce(l_errors, 4000);
147  	 ELSE
148  	   -- overwrite states from before, as we fulfill expected
149  	   l_test_passed := otap_constants.OTAP_NUM_TEST_PASSED;
150  	   -- overwrite errors expected
151  	   o_errors := NULL;
152  	 END IF;
153  	 RETURN l_test_passed;
154    EXCEPTION
155  	 WHEN OTHERS THEN
156  	   IF SQLCODE != -20099
157  	   THEN
158  	     -- log unhandled exceptions
159  	     otap_log.log(SQLERRM, l_script, 'Unhandled exception ' || l_script || ' call');
160  	   END IF;
161  	   RAISE;
162    END ok;
163  
164    FUNCTION is_eq( p_have		 IN	       VARCHAR2
165  		     , p_want		 IN	       VARCHAR2
166  		     , o_errors 	    OUT NOCOPY VARCHAR2
167  		     , p_expected_result IN	       NUMBER	DEFAULT otap_constants.OTAP_NUM_TEST_PASSED
168  		     )
169  	 RETURN INTEGER
170    IS
171  	 l_script	 VARCHAR2(1024 CHAR) := 'otap_logic.is_eq';
172  	 l_test_passed	 INTEGER;
173  	 l_result	 INTEGER;
174  	 l_expected	 INTEGER;
175    BEGIN
176  	 l_test_passed := otap_constants.OTAP_NUM_TEST_UNDEFINED;
177  	 l_expected    := NVL(p_expected_result, otap_constants.OTAP_NUM_TEST_PASSED);
178  	 IF p_want IS NOT NULL
179  	 THEN
180  	   IF p_have IS NOT NULL
181  	   THEN
182  	     l_result := CASE WHEN p_have = p_want THEN otap_constants.OTAP_NUM_TEST_PASSED ELSE otap_constants.OTAP_NUM_TEST_FAILED END;
183  	   ELSE
184  	     l_result := otap_constants.OTAP_NUM_TEST_FAILED;
185  	   END IF;
186  	 ELSE
187  	   -- compare against NULL, p_want already checked
188  	   l_result := CASE WHEN p_have IS NULL THEN otap_constants.OTAP_NUM_TEST_PASSED ELSE otap_constants.OTAP_NUM_TEST_FAILED END;
189  	 END IF;
190  	 l_test_passed := CASE WHEN l_expected = l_result THEN otap_constants.OTAP_NUM_TEST_PASSED ELSE otap_constants.OTAP_NUM_TEST_FAILED END;
191  	 -- we expect currently no usage error only raise
192  	 o_errors      := NULL;
193  	 RETURN l_test_passed;
194    EXCEPTION
195  	 WHEN OTHERS THEN
196  	   IF SQLCODE != -20099
197  	   THEN
198  	     -- log unhandled exceptions
199  	     otap_log.log(SQLERRM, l_script, 'Unhandled exception ' || l_script || ' varchar2 call');
200  	   END IF;
201  	   RAISE;
202    END is_eq; -- VARCHAR2
203  
204    FUNCTION is_eq( p_have		 IN	       NUMBER
205  		     , p_want		 IN	       NUMBER
206  		     , o_errors 	    OUT NOCOPY VARCHAR2
207  		     , p_expected_result IN	       NUMBER	DEFAULT otap_constants.OTAP_NUM_TEST_PASSED
208  		     )
209  	 RETURN INTEGER
210    IS
211  	 l_script	 VARCHAR2(1024 CHAR) := 'otap_logic.is_eq';
212  	 l_test_passed	 INTEGER;
213  	 l_result	 INTEGER;
214  	 l_expected	 INTEGER;
215    BEGIN
216  	 l_test_passed := otap_constants.OTAP_NUM_TEST_UNDEFINED;
217  	 l_expected    := NVL(p_expected_result, otap_constants.OTAP_NUM_TEST_PASSED);
218  	 IF p_want IS NOT NULL
219  	 THEN
220  	   IF p_have IS NOT NULL
221  	   THEN
222  	     l_result := CASE WHEN p_have = p_want THEN otap_constants.OTAP_NUM_TEST_PASSED ELSE otap_constants.OTAP_NUM_TEST_FAILED END;
223  	   ELSE
224  	     l_result := otap_constants.OTAP_NUM_TEST_FAILED;
225  	   END IF;
226  	 ELSE
227  	   -- compare against NULL, p_want already checked
228  	   l_result := CASE WHEN p_have IS NULL THEN otap_constants.OTAP_NUM_TEST_PASSED ELSE otap_constants.OTAP_NUM_TEST_FAILED END;
229  	 END IF;
230  	 l_test_passed := CASE WHEN l_expected = l_result THEN otap_constants.OTAP_NUM_TEST_PASSED ELSE otap_constants.OTAP_NUM_TEST_FAILED END;
231  	 -- we expect currently no usage error only raise
232  	 o_errors      := NULL;
233  	 RETURN l_test_passed;
234    EXCEPTION
235  	 WHEN OTHERS THEN
236  	   IF SQLCODE != -20099
237  	   THEN
238  	     -- log unhandled exceptions
239  	     otap_log.log(SQLERRM, l_script, 'Unhandled exception ' || l_script || ' number call');
240  	   END IF;
241  	   RAISE;
242    END is_eq; -- NUMBER
243  
244    FUNCTION is_eq( p_have		 IN	       DATE
245  		     , p_want		 IN	       DATE
246  		     , o_errors 	    OUT NOCOPY VARCHAR2
247  		     , p_expected_result IN	       NUMBER	DEFAULT otap_constants.OTAP_NUM_TEST_PASSED
248  		     )
249  	 RETURN INTEGER
250    IS
251  	 l_script	 VARCHAR2(1024 CHAR) := 'otap_logic.is_eq';
252  	 l_test_passed	 INTEGER;
253  	 l_result	 INTEGER;
254  	 l_expected	 INTEGER;
255    BEGIN
256  	 l_test_passed := otap_constants.OTAP_NUM_TEST_UNDEFINED;
257  	 l_expected    := NVL(p_expected_result, otap_constants.OTAP_NUM_TEST_PASSED);
258  	 IF p_want IS NOT NULL
259  	 THEN
260  	   IF p_have IS NOT NULL
261  	   THEN
262  	     l_result := CASE WHEN p_have = p_want THEN otap_constants.OTAP_NUM_TEST_PASSED ELSE otap_constants.OTAP_NUM_TEST_FAILED END;
263  	   ELSE
264  	     l_result := otap_constants.OTAP_NUM_TEST_FAILED;
265  	   END IF;
266  	 ELSE
267  	   -- compare against NULL, p_want already checked
268  	   l_result := CASE WHEN p_have IS NULL THEN otap_constants.OTAP_NUM_TEST_PASSED ELSE otap_constants.OTAP_NUM_TEST_FAILED END;
269  	 END IF;
270  	 l_test_passed := CASE WHEN l_expected = l_result THEN otap_constants.OTAP_NUM_TEST_PASSED ELSE otap_constants.OTAP_NUM_TEST_FAILED END;
271  	 -- we expect currently no usage error only raise
272  	 o_errors      := NULL;
273  	 RETURN l_test_passed;
274    EXCEPTION
275  	 WHEN OTHERS THEN
276  	   IF SQLCODE != -20099
277  	   THEN
278  	     -- log unhandled exceptions
279  	     otap_log.log(SQLERRM, l_script, 'Unhandled exception ' || l_script || ' date call');
280  	   END IF;
281  	   RAISE;
282    END is_eq; -- DATE
283  
284    FUNCTION match_regex( p_have	       IN	     VARCHAR2
285  			   , p_regex	       IN	     VARCHAR2
286  			   , o_errors		  OUT NOCOPY VARCHAR2
287  			   , p_param	       IN	     VARCHAR2 DEFAULT NULL
288  			   , p_expected_result IN	     NUMBER   DEFAULT otap_constants.OTAP_NUM_TEST_PASSED
289  			   )
290  	 RETURN INTEGER
291    IS
292  	 l_script	 VARCHAR2(1024 CHAR) := 'otap_logic.match_regex';
293  	 l_test_passed	 INTEGER;
294  	 l_count	 INTEGER;
295  	 l_expected	 INTEGER;
296  	 l_errors	 VARCHAR2(32767 CHAR);
297    BEGIN
298  	 l_errors      := NULL;
299  	 l_test_passed := otap_constants.OTAP_NUM_TEST_UNDEFINED;
300  	 l_expected    := NVL(p_expected_result, otap_constants.OTAP_NUM_TEST_PASSED);
301  	 IF p_regex IS NOT NULL
302  	 THEN
303  	   IF p_param IS NOT NULL
304  	   THEN
305  	     -- check parameter
306  	     SELECT COUNT(*) INTO l_count FROM dual WHERE REGEXP_LIKE(p_param, '^[icmnx]*$');
307  	     IF l_count = 1
308  	     THEN
309  	       SELECT COUNT(*) INTO l_count FROM dual WHERE REGEXP_LIKE(p_have, p_regex, p_param);
310  	       l_test_passed := CASE WHEN l_count = 1 THEN otap_constants.OTAP_NUM_TEST_PASSED ELSE otap_constants.OTAP_NUM_TEST_FAILED END;
311  	     ELSE
312  	       -- invalid parameter
313  	       l_test_passed := otap_constants.OTAP_NUM_TEST_UNDEFINED;
314  	       l_errors      := 'Not allowed: p_param(' || p_param || ') only i, c, m, n or x supported. Case sensitive.';
315  	       -- log error
316  	       otap_log.log(l_errors, l_script);
317  	     END IF;
318  	   ELSE
319  	     -- leave fail on REGEXP_LIKE if p_have is NULL or params are wrong
320  	     SELECT COUNT(*) INTO l_count FROM dual WHERE REGEXP_LIKE(p_have, p_regex);
321  	     l_test_passed := CASE WHEN l_count = 1 THEN otap_constants.OTAP_NUM_TEST_PASSED ELSE otap_constants.OTAP_NUM_TEST_FAILED END;
322  	   END IF;
323  	 ELSE
324  	   l_test_passed := otap_constants.OTAP_NUM_TEST_UNDEFINED;
325  	   l_errors	 := 'Not allowed: p_regex(NULL)';
326  	   -- log error
327  	   otap_log.log(l_errors, l_script);
328  	 END IF;
329  	 -- now decide on the expected result the final state and if errors are returned
330  	 IF l_test_passed != l_expected
331  	 THEN
332  	   o_errors := otap_string.reduce(l_errors, 4000);
333  	 ELSE
334  	   -- overwrite states from before, as we fulfill expected
335  	   l_test_passed := otap_constants.OTAP_NUM_TEST_PASSED;
336  	   -- overwrite errors expected
337  	   o_errors := NULL;
338  	 END IF;
339  	 RETURN l_test_passed;
340    EXCEPTION
341  	 WHEN OTHERS THEN
342  	   IF SQLCODE != -20099
343  	   THEN
344  	     -- log unhandled exceptions
345  	     otap_log.log(SQLERRM, l_script, 'Unhandled exception ' || l_script || ' call');
346  	   END IF;
347  	   RAISE;
348    END match_regex;
349  
350    FUNCTION alike( p_have		 IN	       VARCHAR2
351  		     , p_like		 IN	       VARCHAR2
352  		     , o_errors 	    OUT NOCOPY VARCHAR2
353  		     , p_case_sensitive  IN	       NUMBER	DEFAULT otap_constants.OTAP_NUM_FALSE
354  		     , p_expected_result IN	       NUMBER	DEFAULT otap_constants.OTAP_NUM_TEST_PASSED
355  		     )
356  	 RETURN INTEGER
357    IS
358  	 l_script	 VARCHAR2(1024 CHAR) := 'otap_logic.alike';
359  	 l_test_passed	 INTEGER;
360  	 l_count	 INTEGER;
361  	 l_expected	 INTEGER;
362  	 l_like 	 VARCHAR2(32767 CHAR);
363  	 l_have 	 VARCHAR2(32767 CHAR);
364  	 l_errors	 VARCHAR2(32767 CHAR);
365    BEGIN
366  	 l_errors      := NULL;
367  	 l_test_passed := otap_constants.OTAP_NUM_TEST_UNDEFINED;
368  	 l_expected    := NVL(p_expected_result, otap_constants.OTAP_NUM_TEST_PASSED);
369  	 l_like        := CASE WHEN p_case_sensitive = otap_constants.OTAP_NUM_TRUE THEN p_like ELSE UPPER(p_like) END;
370  	 l_have        := CASE WHEN p_case_sensitive = otap_constants.OTAP_NUM_TRUE THEN p_have ELSE UPPER(p_have) END;
371  	 IF p_like IS NOT NULL
372  	 THEN
373  	   -- leave fail on LIKE if p_have is NULL
374  	   SELECT COUNT(*) INTO l_count FROM dual WHERE l_have LIKE l_like;
375  	   l_test_passed := CASE WHEN l_count = 1 THEN otap_constants.OTAP_NUM_TEST_PASSED ELSE otap_constants.OTAP_NUM_TEST_FAILED END;
376  	 ELSE
377  	   l_test_passed := otap_constants.OTAP_NUM_TEST_UNDEFINED;
378  	   l_errors	 := 'Not allowed: p_like(NULL)';
379  	   -- log error
380  	   otap_log.log(l_errors, l_script);
381  	 END IF;
382  	 -- now decide on the expected result the final state and if errors are returned
383  	 IF l_test_passed != l_expected
384  	 THEN
385  	   o_errors := otap_string.reduce(l_errors, 4000);
386  	 ELSE
387  	   -- overwrite states from before, as we fulfill expected
388  	   l_test_passed := otap_constants.OTAP_NUM_TEST_PASSED;
389  	   -- overwrite errors expected
390  	   o_errors := NULL;
391  	 END IF;
392  	 RETURN l_test_passed;
393    EXCEPTION
394  	 WHEN OTHERS THEN
395  	   IF SQLCODE != -20099
396  	   THEN
397  	     -- log unhandled exceptions
398  	     otap_log.log(SQLERRM, l_script, 'Unhandled exception ' || l_script || ' call');
399  	   END IF;
400  	   RAISE;
401    END alike;
402  
403    FUNCTION throws_ok( p_statement	     IN 	   VARCHAR2
404  			 , p_sqlerrm	     IN 	   VARCHAR2
405  			 , o_errors		OUT NOCOPY VARCHAR2
406  			 , p_header_def      IN 	   VARCHAR2 DEFAULT NULL
407  			 , p_expected_result IN 	   NUMBER   DEFAULT otap_constants.OTAP_NUM_TEST_PASSED
408  			 )
409  	 RETURN INTEGER
410    IS
411  	 l_script	 VARCHAR2(1024 CHAR) := 'otap_logic.throws_ok';
412  	 l_test_passed	 INTEGER;
413  	 l_expected	 INTEGER;
414  	 l_errors	 VARCHAR2(32767 CHAR);
415  	 l_sqlerrm	 VARCHAR2(32767 CHAR);
416  	 l_sqlcode	 NUMBER;
417    BEGIN
418  	 l_errors      := NULL;
419  	 l_test_passed := otap_constants.OTAP_NUM_TEST_UNDEFINED;
420  	 l_expected    := NVL(p_expected_result, otap_constants.OTAP_NUM_TEST_PASSED);
421  	 IF otap_logic.has_exception(p_statement, l_errors, l_sqlcode, l_sqlerrm, p_header_def, l_expected)
422  	 THEN
423  	   IF l_sqlerrm = p_sqlerrm
424  	   THEN
425  	     l_test_passed := otap_constants.OTAP_NUM_TEST_PASSED;
426  	   ELSE
427  	     -- decide which case happened
428  	     IF l_sqlcode = -20100
429  	     THEN
430  	       -- invalid header, l_errors should be set and logged already
431  	       l_test_passed := otap_constants.OTAP_NUM_TEST_UNDEFINED;
432  	     ELSE
433  	       -- exception happened but does not match
434  	       l_errors      := l_errors || 'Given error message does not match with ' || l_sqlerrm;
435  	       l_test_passed := otap_constants.OTAP_NUM_TEST_FAILED;
436  	       otap_log.log(l_errors, l_script);
437  	     END IF;
438  	   END IF;
439  	 ELSE
440  	   -- no exception raised, l_errors should be set and logged already
441  	   l_test_passed := otap_constants.OTAP_NUM_TEST_FAILED;
442  	   otap_log.log(l_errors, l_script);
443  	 END IF;
444  	 -- now decide on the expected result the final state and if errors are returned
445  	 IF l_test_passed != l_expected
446  	 THEN
447  	   o_errors := otap_string.reduce(l_errors, 4000);
448  	 ELSE
449  	   -- overwrite states from before, as we fulfill expected
450  	   l_test_passed := otap_constants.OTAP_NUM_TEST_PASSED;
451  	   -- overwrite errors expected
452  	   o_errors := NULL;
453  	 END IF;
454  	 RETURN l_test_passed;
455    EXCEPTION
456  	 WHEN OTHERS THEN
457  	   IF SQLCODE != -20099
458  	   THEN
459  	     -- log unhandled exceptions
460  	     otap_log.log(SQLERRM, l_script, 'Unhandled exception ' || l_script || ' call');
461  	   END IF;
462  	   RAISE;
463    END throws_ok;
464  
465    FUNCTION throws_ok( p_statement	     IN 	   VARCHAR2
466  			 , p_sqlcode	     IN 	   NUMBER
467  			 , o_errors		OUT NOCOPY VARCHAR2
468  			 , p_header_def      IN 	   VARCHAR2 DEFAULT NULL
469  			 , p_expected_result IN 	   NUMBER   DEFAULT otap_constants.OTAP_NUM_TEST_PASSED
470  			 )
471  	 RETURN INTEGER
472    IS
473  	 l_script	 VARCHAR2(1024 CHAR) := 'otap_logic.throws_ok';
474  	 l_test_passed	 INTEGER;
475  	 l_expected	 INTEGER;
476  	 l_errors	 VARCHAR2(32767 CHAR);
477  	 l_sqlerrm	 VARCHAR2(32767 CHAR);
478  	 l_sqlcode	 NUMBER;
479    BEGIN
480  	 l_errors      := NULL;
481  	 l_test_passed := otap_constants.OTAP_NUM_TEST_UNDEFINED;
482  	 l_expected    := NVL(p_expected_result, otap_constants.OTAP_NUM_TEST_PASSED);
483  	 IF otap_logic.has_exception(p_statement, l_errors, l_sqlcode, l_sqlerrm, p_header_def, l_expected)
484  	 THEN
485  	   IF l_sqlcode = p_sqlcode
486  	   THEN
487  	     l_test_passed := otap_constants.OTAP_NUM_TEST_PASSED;
488  	   ELSE
489  	     -- decide which case happened
490  	     IF l_sqlcode = -20100
491  	     THEN
492  	       -- invalid header, l_errors should be set and logged already
493  	       l_test_passed := otap_constants.OTAP_NUM_TEST_UNDEFINED;
494  	     ELSE
495  	       -- exception happened but does not match
496  	       l_errors      := l_errors || 'Given error message does not match with ' || l_sqlerrm;
497  	       l_test_passed := otap_constants.OTAP_NUM_TEST_FAILED;
498  	       otap_log.log(l_errors, l_script);
499  	     END IF;
500  	   END IF;
501  	 ELSE
502  	   -- no exception raised, l_errors should be set and logged already
503  	   l_test_passed := otap_constants.OTAP_NUM_TEST_FAILED;
504  	   otap_log.log(l_errors, l_script);
505  	 END IF;
506  	 -- now decide on the expected result the final state and if errors are returned
507  	 IF l_test_passed != l_expected
508  	 THEN
509  	   o_errors := otap_string.reduce(l_errors, 4000);
510  	 ELSE
511  	   -- overwrite states from before, as we fulfill expected
512  	   l_test_passed := otap_constants.OTAP_NUM_TEST_PASSED;
513  	   -- overwrite errors expected
514  	   o_errors := NULL;
515  	 END IF;
516  	 RETURN l_test_passed;
517    EXCEPTION
518  	 WHEN OTHERS THEN
519  	   IF SQLCODE != -20099
520  	   THEN
521  	     -- log unhandled exceptions
522  	     otap_log.log(SQLERRM, l_script, 'Unhandled exception ' || l_script || ' call');
523  	   END IF;
524  	   RAISE;
525    END throws_ok;
526  
527    FUNCTION throws_matches( p_statement	  IN		VARCHAR2
528  			      , p_regex_sqlerrm   IN		VARCHAR2
529  			      , o_errors	     OUT NOCOPY VARCHAR2
530  			      , p_param 	  IN		VARCHAR2 DEFAULT NULL
531  			      , p_header_def	  IN		VARCHAR2 DEFAULT NULL
532  			      , p_expected_result IN		NUMBER	 DEFAULT otap_constants.OTAP_NUM_TEST_PASSED
533  			      )
534  	 RETURN INTEGER
535    IS
536  	 l_script	 VARCHAR2(1024 CHAR) := 'otap_logic.throws_matches';
537  	 l_test_passed	 INTEGER;
538  	 l_expected	 INTEGER;
539  	 l_count	 INTEGER;
540  	 l_errors	 VARCHAR2(32767 CHAR);
541  	 l_sqlerrm	 VARCHAR2(32767 CHAR);
542  	 l_sqlcode	 NUMBER;
543    BEGIN
544  	 l_errors      := NULL;
545  	 l_test_passed := otap_constants.OTAP_NUM_TEST_UNDEFINED;
546  	 l_expected    := NVL(p_expected_result, otap_constants.OTAP_NUM_TEST_PASSED);
547  	 IF p_param IS NOT NULL
548  	 THEN
549  	   -- check parameter
550  	   SELECT COUNT(*) INTO l_count FROM dual WHERE REGEXP_LIKE(p_param, '^[icmnx]*$');
551  	 ELSE
552  	   l_count := 1;
553  	 END IF;
554  	 IF l_count = 1
555  	 THEN
556  	   -- process the statement
557  	   IF otap_logic.has_exception(p_statement, l_errors, l_sqlcode, l_sqlerrm, p_header_def, l_expected)
558  	   THEN
559  	     SELECT COUNT(*) INTO l_count FROM dual WHERE REGEXP_LIKE(l_sqlerrm, p_regex_sqlerrm, p_param);
560  	     IF l_count = 1
561  	     THEN
562  	       l_test_passed := otap_constants.OTAP_NUM_TEST_PASSED;
563  	     ELSE
564  	       -- decide which case happened
565  	       IF l_sqlcode = -20100
566  	       THEN
567  		 -- invalid header, l_errors should be set and logged already
568  		 l_test_passed := otap_constants.OTAP_NUM_TEST_UNDEFINED;
569  	       ELSE
570  		 -- exception happened but does not match
571  		 l_errors      := l_errors || 'Given regular expression does not match with ' || l_sqlerrm;
572  		 l_test_passed := otap_constants.OTAP_NUM_TEST_FAILED;
573  		 otap_log.log(l_errors, l_script);
574  	       END IF;
575  	     END IF;
576  	   ELSE
577  	     -- no exception raised, l_errors should be set and logged already
578  	     l_test_passed := otap_constants.OTAP_NUM_TEST_FAILED;
579  	     otap_log.log(l_errors, l_script);
580  	   END IF;
581  	 ELSE
582  	   -- invalid parameter
583  	   l_test_passed := otap_constants.OTAP_NUM_TEST_UNDEFINED;
584  	   l_errors	 := l_errors || 'Not allowed: p_param(' || p_param || ') only i, c, m, n or x supported. Case sensitive.';
585  	   -- log error
586  	   otap_log.log(l_errors, l_script);
587  	 END IF;
588  	 -- now decide on the expected result the final state and if errors are returned
589  	 IF l_test_passed != l_expected
590  	 THEN
591  	   o_errors := otap_string.reduce(l_errors, 4000);
592  	 ELSE
593  	   -- overwrite states from before, as we fulfill expected
594  	   l_test_passed := otap_constants.OTAP_NUM_TEST_PASSED;
595  	   -- overwrite errors expected
596  	   o_errors := NULL;
597  	 END IF;
598  	 RETURN l_test_passed;
599    EXCEPTION
600  	 WHEN OTHERS THEN
601  	   IF SQLCODE != -20099
602  	   THEN
603  	     -- log unhandled exceptions
604  	     otap_log.log(SQLERRM, l_script, 'Unhandled exception ' || l_script || ' call');
605  	   END IF;
606  	   RAISE;
607    END throws_matches;
608  
609    FUNCTION throws_like( p_statement       IN	     VARCHAR2
610  			   , p_like_sqlerrm    IN	     VARCHAR2
611  			   , o_errors		  OUT NOCOPY VARCHAR2
612  			   , p_case_sensitive  IN	     NUMBER   DEFAULT otap_constants.OTAP_NUM_FALSE
613  			   , p_header_def      IN	     VARCHAR2 DEFAULT NULL
614  			   , p_expected_result IN	     NUMBER   DEFAULT otap_constants.OTAP_NUM_TEST_PASSED
615  			   )
616  	 RETURN INTEGER
617    IS
618  	 l_script	 VARCHAR2(1024 CHAR) := 'otap_logic.throws_like';
619  	 l_test_passed	 INTEGER;
620  	 l_expected	 INTEGER;
621  	 l_count	 INTEGER;
622  	 l_like 	 VARCHAR2(32767 CHAR);
623  	 l_have 	 VARCHAR2(32767 CHAR);
624  	 l_errors	 VARCHAR2(32767 CHAR);
625  	 l_sqlerrm	 VARCHAR2(32767 CHAR);
626  	 l_sqlcode	 NUMBER;
627    BEGIN
628  	 l_errors      := NULL;
629  	 l_test_passed := otap_constants.OTAP_NUM_TEST_UNDEFINED;
630  	 l_expected    := NVL(p_expected_result, otap_constants.OTAP_NUM_TEST_PASSED);
631  	 IF p_like_sqlerrm IS NOT NULL
632  	 THEN
633  	   -- process the statement
634  	   IF otap_logic.has_exception(p_statement, l_errors, l_sqlcode, l_sqlerrm, p_header_def, l_expected)
635  	   THEN
636  	     l_like := CASE WHEN p_case_sensitive = otap_constants.OTAP_NUM_TRUE THEN p_like_sqlerrm ELSE UPPER(p_like_sqlerrm) END;
637  	     l_have := CASE WHEN p_case_sensitive = otap_constants.OTAP_NUM_TRUE THEN l_sqlerrm ELSE UPPER(l_sqlerrm) END;
638  	     SELECT COUNT(*) INTO l_count FROM dual WHERE l_have LIKE l_like;
639  	     IF l_count = 1
640  	     THEN
641  	       l_test_passed := otap_constants.OTAP_NUM_TEST_PASSED;
642  	     ELSE
643  	       -- decide which case happened
644  	       IF l_sqlcode = -20100
645  	       THEN
646  		 -- invalid header, l_errors should be set and logged already
647  		 l_test_passed := otap_constants.OTAP_NUM_TEST_UNDEFINED;
648  	       ELSE
649  		 -- exception happened but does not match
650  		 l_errors      := l_errors || 'Given like expression does not match with ' || l_sqlerrm;
651  		 l_test_passed := otap_constants.OTAP_NUM_TEST_FAILED;
652  		 otap_log.log(l_errors, l_script);
653  	       END IF;
654  	     END IF;
655  	   ELSE
656  	     -- no exception raised, l_errors should be set and logged already
657  	     l_test_passed := otap_constants.OTAP_NUM_TEST_FAILED;
658  	     otap_log.log(l_errors, l_script);
659  	   END IF;
660  	 ELSE
661  	   -- invalid like expression
662  	   l_test_passed := otap_constants.OTAP_NUM_TEST_UNDEFINED;
663  	   l_errors	 := l_errors || 'Not allowed: p_like_sqlerrm(NULL)';
664  	   -- log error
665  	   otap_log.log(l_errors, l_script);
666  	 END IF;
667  	 -- now decide on the expected result the final state and if errors are returned
668  	 IF l_test_passed != l_expected
669  	 THEN
670  	   o_errors := otap_string.reduce(l_errors, 4000);
671  	 ELSE
672  	   -- overwrite states from before, as we fulfill expected
673  	   l_test_passed := otap_constants.OTAP_NUM_TEST_PASSED;
674  	   -- overwrite errors expected
675  	   o_errors := NULL;
676  	 END IF;
677  	 RETURN l_test_passed;
678    EXCEPTION
679  	 WHEN OTHERS THEN
680  	   IF SQLCODE != -20099
681  	   THEN
682  	     -- log unhandled exceptions
683  	     otap_log.log(SQLERRM, l_script, 'Unhandled exception ' || l_script || ' call');
684  	   END IF;
685  	   RAISE;
686    END throws_like;
687  
688  END;
689  /

Package body created.

SQL> @@../otap_ddl/packages/otap_api.pks
SQL> -- (C) 2024 Michael Lindenau licensed via https://www.gnu.org/licenses/agpl-3.0.txt
SQL> -- and https://toent.ch/licenses/AI_DISCLOSURE_LICENSE_V1
SQL> -- Not allowed to be used as AI training material without explicite permission.
SQL> -- basic internal interface between session variable and concrete test calls.
SQL> -- WARNING package will probably get huge due to bundling functionality
SQL> CREATE OR REPLACE PACKAGE otap_api
  2  AS
  3  
  4    /**
  5    * The package is fail save in the sense that it will try to capture all errors and execptions and
  6    * influence the test result. On exceptions, otap is not stable, so the test result gets undefined
  7    * exceptions and errors and the test_errors content is set. Still it is possible on severe database
  8    * errors will raise an exception. Every error passing the double begin-end blocks used are exceptions
  9    * that otap can't and won't handle. The begin-end blocks define the otap code that can be controlled,
 10    * but if database is unstable, e.g. running out of tablespace, it makes no sense to consume exceptions.
 11    *
 12    * Main functionality is to prepare the parameters considering session settings and then call the functions
 13    * to keep the basic test functions short and concentrated on their real work. The return of the test
 14    * functions should always be NUMBER, limited to otap_constants.OTAP_NUM_TEST_PASSED,
 15    * otap_constants.OTAP_NUM_TEST_FAILED, otap_constants.OTAP_NUM_TEST_UNDEFINED or exception.
 16    *
 17    * Test results, after persisting, are always delivered to the caller of OTAP_API as VARCHAR2 test result text.
 18    *
 19    * Comments are kept short, as this package gets huge. See wrapped functions for details.
 20    */
 21  
 22    /** PROCEDURE otap_api.validate_otap
 23    * Validates the basic system of otap, checks if objects are valid, triggers enabled and
 24    * no illegal content in OTAP_TRANSLATE.
 25    *
 26    * Will change the session id to ensure that every user has a unique id within the sequence borders.
 27    *
 28    * @param o_otap_session A valid OTAP_SESSION object to be used for update of session id if not set.
 29    *
 30    * @throws -20099 The otap system is not valid. Ask your admin to fix the system before testing.
 31    */
 32    PROCEDURE validate_otap(o_otap_session IN OUT NOCOPY OTAP_SESSION);
 33  
 34    /** FUNCTION otap_api.init_test
 35    * @see otap_plan.init_test and otap_test.init_test
 36    */
 37    FUNCTION init_test( p_test_count 	 IN	       NUMBER
 38  			 , p_test_set		 IN	       VARCHAR2
 39  			 , p_test_group 	 IN	       VARCHAR2
 40  			 , p_test_name		 IN	       VARCHAR2
 41  			 , p_prefix		 IN	       VARCHAR2
 42  			 , p_language_id	 IN	       VARCHAR2
 43  			 , p_name_precedence	 IN	       NUMBER
 44  			 , p_include_pkg	 IN	       NUMBER
 45  			 , p_persist		 IN	       NUMBER
 46  			 , p_schema		 IN	       VARCHAR2
 47  			 , p_user		 IN	       VARCHAR2
 48  			 , p_executor		 IN	       VARCHAR2
 49  			 , o_otap_session	 IN OUT NOCOPY OTAP_SESSION
 50  			 )
 51  	 RETURN VARCHAR2
 52    ;
 53  
 54    /** FUNCTION otap_api.finish_test
 55    * @see otap_plan.finish_test and otap_test.finish_test
 56    */
 57    FUNCTION finish_test( p_write_count_rec IN	     NUMBER
 58  			   , o_otap_session    IN OUT NOCOPY OTAP_SESSION
 59  			   )
 60  	 RETURN VARCHAR2
 61    ;
 62  
 63    /** FUNCTION otap_api.finish_test_with_exit_code
 64    * @see otap_plan.finish_test_with_exit_code and otap_test.finish_test_with_exit_code
 65    */
 66    FUNCTION finish_test_with_exit_code( p_write_count_rec IN	    NUMBER
 67  					  , o_otap_session    IN OUT NOCOPY OTAP_SESSION
 68  					  )
 69  	 RETURN NUMBER
 70    ;
 71  
 72    /** FUNCTION otap_api.otap_session_show
 73    * @see otap_objects.otap_session_show and otap_test.current_settings
 74    */
 75    FUNCTION otap_session_show(p_otap_session IN OTAP_SESSION)
 76  	 RETURN VARCHAR2
 77    ;
 78  
 79    /** FUNCTION otap_api.otap_session_summary
 80    * @see otap_objects.otap_session_summary and otap_test.current_summary
 81    */
 82    FUNCTION otap_session_summary(p_otap_session IN OTAP_SESSION)
 83  	 RETURN VARCHAR2
 84    ;
 85  
 86    /** FUNCTION otap_api.otap_session_set_test_name
 87    * @see otap_objects.otap_session_set_test_name and otap_test.set_test_name
 88    */
 89    FUNCTION otap_session_set_test_name( p_test_name    IN		 VARCHAR2
 90  					  , o_otap_session IN OUT NOCOPY OTAP_SESSION
 91  					  )
 92  	 RETURN VARCHAR2
 93    ;
 94  
 95    /** FUNCTION otap_api.otap_session_set_test_group
 96    * @see otap_objects.otap_session_set_test_group and otap_test.set_test_group
 97    */
 98    FUNCTION otap_session_set_test_group( p_test_group   IN		  VARCHAR2
 99  					   , o_otap_session IN OUT NOCOPY OTAP_SESSION
100  					   )
101  	 RETURN VARCHAR2
102    ;
103  
104    /** FUNCTION otap_api.otap_session_set_test_set
105    * @see otap_objects.otap_session_set_test_set and otap_test.set_test_set
106    */
107    FUNCTION otap_session_set_test_set( p_test_set	  IN		VARCHAR2
108  					 , o_otap_session IN OUT NOCOPY OTAP_SESSION
109  					 )
110  	 RETURN VARCHAR2
111    ;
112  
113    /** FUNCTION otap_api.otap_session_set_test_set
114    * @see otap_objects.otap_session_set_language and otap_test.set_language
115    */
116    FUNCTION otap_session_set_language( p_language_id  IN		VARCHAR2
117  					 , o_otap_session IN OUT NOCOPY OTAP_SESSION
118  					 )
119  	 RETURN VARCHAR2
120    ;
121  
122    /** FUNCTION otap_api.otap_session_get_language
123    * @see otap_objects.otap_session_get_language and otap_test.get_language
124    */
125    FUNCTION otap_session_get_language(p_otap_session IN OTAP_SESSION)
126  	 RETURN VARCHAR2
127    ;
128  
129    /** FUNCTION otap_api.otap_session_get_schema
130    * @see otap_objects.otap_session_get_schema and otap_test.get_schema
131    */
132    FUNCTION otap_session_get_schema(p_otap_session IN OTAP_SESSION)
133  	 RETURN VARCHAR2
134    ;
135  
136    /** FUNCTION otap_api.otap_session_get_prefix
137    * @see otap_objects.otap_session_get_prefix and otap_test.get_prefix
138    */
139    FUNCTION otap_session_get_prefix(p_otap_session IN OTAP_SESSION)
140  	 RETURN VARCHAR2
141    ;
142  
143    /** FUNCTION otap_api.otap_session_name_precedence
144    * @see otap_objects.otap_session_name_precedence and otap_test.name_precedence
145    */
146    FUNCTION otap_session_name_precedence(p_otap_session IN OTAP_SESSION)
147  	 RETURN BOOLEAN
148    ;
149  
150    /** FUNCTION otap_api.otap_session_include_packages
151    * @see otap_objects.otap_session_include_packages and otap_test.include_packages
152    */
153    FUNCTION otap_session_include_packages(p_otap_session IN OTAP_SESSION)
154  	 RETURN BOOLEAN
155    ;
156  
157    /** FUNCTION otap_api.otap_session_get_test_id
158    * @see otap_objects.otap_session_get_test_id and otap_test.otap_session_get_test_id
159    */
160    FUNCTION otap_session_get_test_id(p_otap_session IN OTAP_SESSION)
161  	 RETURN NUMBER
162    ;
163  
164    /** FUNCTION otap_api.otap_session_get_report_id
165    * @see otap_objects.otap_session_get_report_id and otap_test.otap_session_get_report_id
166    */
167    FUNCTION otap_session_get_report_id(p_otap_session IN OTAP_SESSION)
168  	 RETURN NUMBER
169    ;
170  
171    /** FUNCTION otap_api.set_active_report_id
172    * @see otap_objects.otap_session_get_report_id and otap_test.set_active_report_id
173    * Does an extra check if TEST_SESSION_ID exists in OTAP_RESULTS.
174    */
175    FUNCTION set_active_report_id( p_report_id    IN 	   NUMBER
176  				    , o_otap_session IN OUT NOCOPY OTAP_SESSION
177  				    )
178  	 RETURN VARCHAR2
179    ;
180  
181    /** FUNCTION otap_api.max_text_size
182    * @see otap_util.max_text_size and otap_test.max_text_size
183    */
184    FUNCTION max_text_size( p_session_id  IN NUMBER
185  			     , p_language_id IN VARCHAR2 DEFAULT otap_constants.OTAP_INTERNAL_NA
186  			     )
187  	 RETURN NUMBER
188    ;
189  
190    /** FUNCTION otap_api.get_report_header
191    * @see otap_report.get_report_header
192    */
193    FUNCTION get_report_header( p_min_fill	 IN INTEGER  DEFAULT otap_constants.OTAP_NUM_MIN_FILL_LENGTH
194  				 , p_language_id IN VARCHAR2 DEFAULT otap_constants.OTAP_INTERNAL_NA
195  				 )
196  	 RETURN VARCHAR2
197    ;
198  
199    /** FUNCTION otap_api.get_session_id_text
200    * @see otap_report.get_session_id_text
201    */
202    FUNCTION get_session_id_text( p_session_id  IN NUMBER
203  				   , p_min_fill    IN INTEGER  DEFAULT otap_constants.OTAP_NUM_MIN_FILL_LENGTH
204  				   , p_language_id IN VARCHAR2 DEFAULT otap_constants.OTAP_INTERNAL_NA
205  				   )
206  	 RETURN VARCHAR2
207    ;
208  
209    /** FUNCTION otap_api.get_set_text
210    * @see otap_report.get_set_text
211    */
212    FUNCTION get_set_text( p_test_set    IN VARCHAR2
213  			    , p_min_fill    IN INTEGER	DEFAULT otap_constants.OTAP_NUM_MIN_FILL_LENGTH
214  			    , p_language_id IN VARCHAR2 DEFAULT otap_constants.OTAP_INTERNAL_NA
215  			    )
216  	 RETURN VARCHAR2
217    ;
218  
219    /** FUNCTION otap_api.get_summary_header
220    * @see otap_report.get_summary_header
221    */
222    FUNCTION get_summary_header( p_min_fill	  IN INTEGER  DEFAULT otap_constants.OTAP_NUM_MIN_FILL_LENGTH
223  				  , p_language_id IN VARCHAR2 DEFAULT otap_constants.OTAP_INTERNAL_NA
224  				  )
225  	 RETURN VARCHAR2
226    ;
227  
228    /** FUNCTION otap_api.get_summary
229    * @see otap_report.get_summary
230    * Calculates overall status by given errors and issues.
231    */
232    FUNCTION get_summary( p_runtime	   IN VARCHAR2 DEFAULT otap_constants.OTAP_INTERNAL_NA
233  			   , p_exectime    IN VARCHAR2 DEFAULT otap_constants.OTAP_INTERNAL_NA
234  			   , p_runs	   IN NUMBER   DEFAULT 0
235  			   , p_errors	   IN NUMBER   DEFAULT 0
236  			   , p_issues	   IN NUMBER   DEFAULT 0
237  			   , p_min_fill    IN INTEGER  DEFAULT otap_constants.OTAP_NUM_MIN_FILL_LENGTH
238  			   , p_language_id IN VARCHAR2 DEFAULT otap_constants.OTAP_INTERNAL_NA
239  			   )
240  	 RETURN VARCHAR2
241    ;
242  
243    /** FUNCTION otap_api.get_group_text
244    * @see otap_report.get_group_text
245    */
246    FUNCTION get_group_text( p_test_group  IN VARCHAR2
247  			      , p_min_fill    IN INTEGER  DEFAULT otap_constants.OTAP_NUM_MIN_FILL_LENGTH
248  			      , p_language_id IN VARCHAR2 DEFAULT otap_constants.OTAP_INTERNAL_NA
249  			      )
250  	 RETURN VARCHAR2
251    ;
252  
253    /** FUNCTION otap_api.get_test_name_text
254    * @see otap_report.get_test_name_text
255    */
256    FUNCTION get_test_name_text( p_test_name   IN VARCHAR2
257  				  , p_min_fill	  IN INTEGER  DEFAULT otap_constants.OTAP_NUM_MIN_FILL_LENGTH
258  				  , p_language_id IN VARCHAR2 DEFAULT otap_constants.OTAP_INTERNAL_NA
259  				  )
260  	 RETURN VARCHAR2
261    ;
262  
263    /** FUNCTION otap_api.get_result_header
264    * @see otap_report.get_result_header
265    */
266    FUNCTION get_result_header( p_min_fill	 IN INTEGER  DEFAULT otap_constants.OTAP_NUM_MIN_FILL_LENGTH
267  				 , p_language_id IN VARCHAR2 DEFAULT otap_constants.OTAP_INTERNAL_NA
268  				 )
269  	 RETURN VARCHAR2
270    ;
271  
272    /** FUNCTION otap_api.get_result_underline
273    * @see otap_report.get_result_underline
274    */
275    FUNCTION get_result_underline( p_min_fill    IN INTEGER	DEFAULT otap_constants.OTAP_NUM_MIN_FILL_LENGTH
276  				    , p_language_id IN VARCHAR2 DEFAULT otap_constants.OTAP_INTERNAL_NA
277  				    )
278  	 RETURN VARCHAR2
279    ;
280  
281    /** FUNCTION otap_api.get_result_line
282    * @see otap_report.get_result_line
283    */
284    FUNCTION get_result_line( p_test_state  IN VARCHAR2 DEFAULT otap_constants.OTAP_FALLBACK_TEXT_TEST_UNDEFINED
285  			       , p_issue_state IN VARCHAR2 DEFAULT otap_constants.OTAP_FALLBACK_TEXT_TEST_UNDEFINED
286  			       , p_runtime     IN VARCHAR2 DEFAULT otap_constants.OTAP_INTERNAL_NA
287  			       , p_test_desc   IN VARCHAR2 DEFAULT otap_constants.OTAP_INTERNAL_NA
288  			       , p_min_fill    IN INTEGER  DEFAULT otap_constants.OTAP_NUM_MIN_FILL_LENGTH
289  			       , p_language_id IN VARCHAR2 DEFAULT otap_constants.OTAP_INTERNAL_NA
290  			       )
291  	 RETURN VARCHAR2
292    ;
293  
294    /** FUNCTION otap_api.test_result_to_text
295    * @see otap_util.test_result_to_text and otap_test.test_result_to_text
296    */
297    FUNCTION test_result_to_text( p_test_passed IN NUMBER
298  				   , p_language_id IN VARCHAR2 DEFAULT otap_constants.OTAP_INTERNAL_NA
299  				   )
300  	 RETURN VARCHAR
301    ;
302  
303    /** FUNCTION otap_api.get_error_result_header
304    * @see otap_report.get_error_result_header
305    */
306    FUNCTION get_error_result_header( p_test_name   IN VARCHAR2
307  				       , p_min_fill    IN INTEGER  DEFAULT otap_constants.OTAP_NUM_MIN_FILL_LENGTH
308  				       , p_language_id IN VARCHAR2 DEFAULT otap_constants.OTAP_INTERNAL_NA
309  				       )
310  	 RETURN VARCHAR2
311    ;
312  
313    /** FUNCTION otap_api.get_error_details
314    * @see otap_report.get_error_details
315    */
316    FUNCTION get_error_details( p_test_desc	 IN VARCHAR2 DEFAULT otap_constants.OTAP_INTERNAL_NA
317  				 , p_error_info  IN VARCHAR2 DEFAULT otap_constants.OTAP_INTERNAL_NA
318  				 , p_min_fill	 IN INTEGER  DEFAULT otap_constants.OTAP_NUM_MIN_FILL_LENGTH
319  				 , p_language_id IN VARCHAR2 DEFAULT otap_constants.OTAP_INTERNAL_NA
320  				 )
321  	 RETURN VARCHAR2
322    ;
323  
324    /** FUNCTION otap_api.get_no_data_text
325    * @see otap_report.get_no_data_text
326    */
327    FUNCTION get_no_data_text( p_session_id	IN NUMBER
328  				, p_min_fill	IN INTEGER  DEFAULT otap_constants.OTAP_NUM_MIN_FILL_LENGTH
329  				, p_language_id IN VARCHAR2 DEFAULT otap_constants.OTAP_INTERNAL_NA
330  				)
331  	 RETURN VARCHAR2
332    ;
333  
334    /** FUNCTION otap_api.get_report_footer
335    * @see otap_report.get_report_footer
336    */
337    FUNCTION get_report_footer( p_min_fill	 IN INTEGER  DEFAULT otap_constants.OTAP_NUM_MIN_FILL_LENGTH
338  				 , p_language_id IN VARCHAR2 DEFAULT otap_constants.OTAP_INTERNAL_NA
339  				 )
340  	 RETURN VARCHAR2
341    ;
342  
343    /** FUNCTION otap_api.get_version_info
344    * @see otap_string.decorate_blank
345    */
346    FUNCTION get_version_info( p_info	IN VARCHAR2
347  				, p_min_fill	IN INTEGER  DEFAULT otap_constants.OTAP_NUM_MIN_FILL_LENGTH
348  				)
349  	 RETURN VARCHAR2
350    ;
351  
352    /** FUNCTION otap_api.flatten
353    * @see otap_string.flatten and otap_test.flatten
354    */
355    FUNCTION flatten( p_string VARCHAR2 DEFAULT NULL
356  		       , p_size   INTEGER  DEFAULT 0
357  		       )
358  	 RETURN VARCHAR2
359    ;
360  
361    /** FUNCTION otap_api.get_test_count_header
362    * @see otap_report.get_test_count_header
363    */
364    FUNCTION get_test_count_header( p_min_fill    IN INTEGER  DEFAULT otap_constants.OTAP_NUM_MIN_FILL_LENGTH
365  				     , p_language_id IN VARCHAR2 DEFAULT otap_constants.OTAP_INTERNAL_NA
366  				     )
367  	 RETURN VARCHAR2
368    ;
369  
370    /** FUNCTION otap_api.get_report_total
371    * @see otap_report.get_report_total
372    */
373    FUNCTION get_report_total( p_min_fill	IN INTEGER  DEFAULT otap_constants.OTAP_NUM_MIN_FILL_LENGTH
374  				, p_language_id IN VARCHAR2 DEFAULT otap_constants.OTAP_INTERNAL_NA
375  				)
376  	 RETURN VARCHAR2
377    ;
378  
379    /** FUNCTION otap_api.get_report_total_details
380    * @see otap_report.get_report_total_details
381    */
382    FUNCTION get_report_total_details( p_sets	 IN INTEGER  DEFAULT 0
383  					, p_groups	 IN INTEGER  DEFAULT 0
384  					, p_names	 IN INTEGER  DEFAULT 0
385  					, p_descriptions IN INTEGER  DEFAULT 0
386  					, p_min_fill	 IN INTEGER  DEFAULT otap_constants.OTAP_NUM_MIN_FILL_LENGTH
387  					, p_language_id  IN VARCHAR2 DEFAULT otap_constants.OTAP_INTERNAL_NA
388  					)
389  	 RETURN VARCHAR2
390    ;
391  
392    /** FUNCTION otap_api.result_view
393    * @see otap_test.result_view
394    */
395    FUNCTION result_view( p_session_id   IN NUMBER
396  			   , p_language_id  IN VARCHAR2 DEFAULT otap_constants.OTAP_INTERNAL_NA
397  			   )
398  	 RETURN otap_view_result_tbl PIPELINED
399    ;
400  
401    /** FUNCTION otap_api.has_table
402    * @see otap_schema.has_table and otap_test.has_column
403    */
404    FUNCTION has_table( p_table_name      IN 	   VARCHAR2
405  			 , o_otap_session    IN OUT NOCOPY OTAP_SESSION
406  			 , p_schema	     IN 	   VARCHAR2	DEFAULT NULL
407  			 , p_description     IN 	   VARCHAR2	DEFAULT NULL
408  			 , p_expected_result IN 	   NUMBER	DEFAULT otap_constants.OTAP_NUM_TEST_PASSED
409  			 )
410  	 RETURN VARCHAR2
411    ;
412  
413    /** FUNCTION otap_api.has_column
414    * @see otap_schema.has_column and otap_test.has_column
415    */
416    FUNCTION has_column( p_table_name      IN	    VARCHAR2
417  			  , p_column_name     IN	    VARCHAR2
418  			  , o_otap_session    IN OUT NOCOPY OTAP_SESSION
419  			  , p_schema	      IN	    VARCHAR2	 DEFAULT NULL
420  			  , p_description     IN	    VARCHAR2	 DEFAULT NULL
421  			  , p_data_type       IN	    VARCHAR2	 DEFAULT NULL
422  			  , p_data_length     IN	    NUMBER	 DEFAULT NULL
423  			  , p_data_precision  IN	    NUMBER	 DEFAULT NULL
424  			  , p_data_scale      IN	    NUMBER	 DEFAULT NULL
425  			  , p_nullable	      IN	    VARCHAR2	 DEFAULT NULL
426  			  , p_data_default    IN	    VARCHAR2	 DEFAULT NULL
427  			  , p_expected_result IN	    NUMBER	 DEFAULT otap_constants.OTAP_NUM_TEST_PASSED
428  			  )
429  	 RETURN VARCHAR2
430    ;
431  
432    /** FUNCTION otap_api.has_package
433    * @see otap_schema.has_package and otap_test.has_package
434    */
435    FUNCTION has_package( p_package_name    IN	     VARCHAR2
436  			   , o_otap_session    IN OUT NOCOPY OTAP_SESSION
437  			   , p_schema	       IN	     VARCHAR2	   DEFAULT NULL
438  			   , p_description     IN	     VARCHAR2	   DEFAULT NULL
439  			   , p_package_type    IN	     VARCHAR2	   DEFAULT 'PACKAGE'
440  			   , p_expected_result IN	     NUMBER	   DEFAULT otap_constants.OTAP_NUM_TEST_PASSED
441  			   )
442  	 RETURN VARCHAR2
443    ;
444  
445    /** FUNCTION otap_api.has_procedure
446    * @see otap_schema.has_procedure and otap_test.has_procedure
447    */
448    FUNCTION has_procedure( p_procedure_name  IN	       VARCHAR2
449  			     , o_otap_session	 IN OUT NOCOPY OTAP_SESSION
450  			     , p_schema 	 IN	       VARCHAR2      DEFAULT NULL
451  			     , p_description	 IN	       VARCHAR2      DEFAULT NULL
452  			     , p_procedure_type  IN	       VARCHAR2      DEFAULT 'FUNCTION'
453  			     , p_package_name	 IN	       VARCHAR2      DEFAULT NULL
454  			     , p_return_type	 IN	       VARCHAR2      DEFAULT NULL
455  			     , p_expected_result IN	       NUMBER	     DEFAULT otap_constants.OTAP_NUM_TEST_PASSED
456  			     )
457  	 RETURN VARCHAR2
458    ;
459  
460    /** FUNCTION otap_schema.has_trigger
461    * @see otap_schema.has_trigger and otap_test.has_trigger
462    */
463    FUNCTION has_trigger( p_trigger_name    IN	     VARCHAR2
464  			   , o_otap_session    IN OUT NOCOPY OTAP_SESSION
465  			   , p_schema	       IN	     VARCHAR2	   DEFAULT NULL
466  			   , p_description     IN	     VARCHAR2	   DEFAULT NULL
467  			   , p_trigger_type    IN	     VARCHAR2	   DEFAULT NULL
468  			   , p_trigger_event   IN	     VARCHAR2	   DEFAULT NULL
469  			   , p_table_owner     IN	     VARCHAR2	   DEFAULT NULL
470  			   , p_table_name      IN	     VARCHAR2	   DEFAULT NULL
471  			   , p_expected_result IN	     NUMBER	   DEFAULT otap_constants.OTAP_NUM_TEST_PASSED
472  			   )
473  	 RETURN VARCHAR2
474    ;
475  
476    /** FUNCTION otap_api.has_object
477    * @see otap_schema.has_object and otap_test.has_object
478    */
479    FUNCTION has_object( p_object_name     IN	    VARCHAR2
480  			  , p_object_type     IN	    VARCHAR2
481  			  , o_otap_session    IN OUT NOCOPY OTAP_SESSION
482  			  , p_schema	      IN	    VARCHAR2	 DEFAULT NULL
483  			  , p_description     IN	    VARCHAR2	 DEFAULT NULL
484  			  , p_expected_result IN	    NUMBER	 DEFAULT otap_constants.OTAP_NUM_TEST_PASSED
485  			  )
486  	 RETURN VARCHAR2
487    ;
488  
489    /** FUNCTION otap_api.has_constraint
490    * @see otap_schema.has_constraint and otap_test.has_constraint
491    */
492    FUNCTION has_constraint( p_table_name	  IN		VARCHAR2
493  			      , o_otap_session	  IN OUT NOCOPY OTAP_SESSION
494  			      , p_constraint_type IN		VARCHAR2     DEFAULT 'C'
495  			      , p_column_name	  IN		VARCHAR2     DEFAULT NULL
496  			      , p_constraint	  IN		VARCHAR2     DEFAULT NULL
497  			      , p_schema	  IN		VARCHAR2     DEFAULT NULL
498  			      , p_description	  IN		VARCHAR2     DEFAULT NULL
499  			      , p_expected_result IN		NUMBER	     DEFAULT otap_constants.OTAP_NUM_TEST_PASSED
500  			      )
501  	 RETURN VARCHAR2
502    ;
503  
504    /** FUNCTION otap_api.has_ref_constraint
505    * @see otap_schema.has_ref_constraint and otap_test.has_ref_constraint
506    */
507    FUNCTION has_ref_constraint( p_table_name      IN	    VARCHAR2
508  				  , o_otap_session    IN OUT NOCOPY OTAP_SESSION
509  				  , p_constraint_type IN	    VARCHAR2	 DEFAULT 'R'
510  				  , p_column_name     IN	    VARCHAR2	 DEFAULT NULL
511  				  , p_constraint      IN	    VARCHAR2	 DEFAULT NULL
512  				  , p_schema	      IN	    VARCHAR2	 DEFAULT NULL
513  				  , p_r_table_name    IN	    VARCHAR2	 DEFAULT NULL
514  				  , p_r_column_name   IN	    VARCHAR2	 DEFAULT NULL
515  				  , p_r_constraint    IN	    VARCHAR2	 DEFAULT NULL
516  				  , p_r_schema	      IN	    VARCHAR2	 DEFAULT NULL
517  				  , p_description     IN	    VARCHAR2	 DEFAULT NULL
518  				  , p_expected_result IN	    NUMBER	 DEFAULT otap_constants.OTAP_NUM_TEST_PASSED
519  				  )
520  	 RETURN VARCHAR2
521    ;
522  
523    /** FUNCTION otap_api.has_not_null_constraint
524    * @see otap_schema.has_not_null_constraint and otap_test.has_not_null_constraint
525    */
526    FUNCTION has_not_null_constraint( p_table_name	   IN		 VARCHAR2
527  				       , p_column_name	   IN		 VARCHAR2
528  				       , o_otap_session    IN OUT NOCOPY OTAP_SESSION
529  				       , p_constraint	   IN		 VARCHAR2     DEFAULT NULL
530  				       , p_schema	   IN		 VARCHAR2     DEFAULT NULL
531  				       , p_description	   IN		 VARCHAR2     DEFAULT NULL
532  				       , p_expected_result IN		 NUMBER       DEFAULT otap_constants.OTAP_NUM_TEST_PASSED
533  				       )
534  	 RETURN VARCHAR2
535    ;
536  
537    /** FUNCTION otap_api.has_index
538    * @see otap_schema.has_index and otap_test.has_index
539    */
540    FUNCTION has_index( p_table_name      IN 	   VARCHAR2
541  			 , o_otap_session    IN OUT NOCOPY OTAP_SESSION
542  			 , p_column_name     IN 	   VARCHAR2 DEFAULT NULL
543  			 , p_index_name      IN 	   VARCHAR2 DEFAULT NULL
544  			 , p_index_type      IN 	   VARCHAR2 DEFAULT NULL
545  			 , p_table_type      IN 	   VARCHAR2 DEFAULT NULL
546  			 , p_uniqueness      IN 	   VARCHAR2 DEFAULT NULL
547  			 , p_tablespace_name IN 	   VARCHAR2 DEFAULT NULL
548  			 , p_partitioned     IN 	   VARCHAR2 DEFAULT NULL
549  			 , p_schema	     IN 	   VARCHAR2 DEFAULT NULL
550  			 , p_description     IN 	   VARCHAR2 DEFAULT NULL
551  			 , p_expected_result IN 	   NUMBER   DEFAULT otap_constants.OTAP_NUM_TEST_PASSED
552  			 )
553  	 RETURN VARCHAR2
554    ;
555  
556    /** FUNCTION otap_api.has_type
557    * @see otap_schema.has_type and otap_test.has_type
558    */
559    FUNCTION has_type( p_type_name	    IN		  VARCHAR2
560  			, o_otap_session    IN OUT NOCOPY OTAP_SESSION
561  			, p_typecode	    IN		  VARCHAR2 DEFAULT NULL
562  			, p_attributes	    IN		  NUMBER   DEFAULT NULL
563  			, p_methods	    IN		  NUMBER   DEFAULT NULL
564  			, p_predefined	    IN		  VARCHAR2 DEFAULT NULL
565  			, p_incomplete	    IN		  VARCHAR2 DEFAULT NULL
566  			, p_final	    IN		  VARCHAR2 DEFAULT NULL
567  			, p_persistable     IN		  VARCHAR2 DEFAULT NULL
568  			, p_schema	    IN		  VARCHAR2 DEFAULT NULL
569  			, p_description     IN		  VARCHAR2 DEFAULT NULL
570  			, p_expected_result IN		  NUMBER   DEFAULT otap_constants.OTAP_NUM_TEST_PASSED
571  			)
572  	 RETURN VARCHAR2
573    ;
574  
575  
576    /** FUNCTION otap_api.has_sequence
577    * @see otap_schema.has_sequence and otap_test.has_sequence
578    */
579    FUNCTION has_sequence( p_sequence_name	IN	      VARCHAR2
580  			    , o_otap_session	IN OUT NOCOPY OTAP_SESSION
581  			    , p_table_name	IN	      VARCHAR2 DEFAULT NULL
582  			    , p_column_name	IN	      VARCHAR2 DEFAULT NULL
583  			    , p_min_value	IN	      NUMBER   DEFAULT NULL
584  			    , p_max_value	IN	      NUMBER   DEFAULT NULL
585  			    , p_increment_by	IN	      NUMBER   DEFAULT NULL
586  			    , p_cycle_flag	IN	      VARCHAR2 DEFAULT NULL
587  			    , p_order_flag	IN	      VARCHAR2 DEFAULT NULL
588  			    , p_cache_size	IN	      NUMBER   DEFAULT NULL
589  			    , p_scale_flag	IN	      VARCHAR2 DEFAULT NULL
590  			    , p_extend_flag	IN	      VARCHAR2 DEFAULT NULL
591  			    , p_sharded_flag	IN	      VARCHAR2 DEFAULT NULL
592  			    , p_session_flag	IN	      VARCHAR2 DEFAULT NULL
593  			    , p_keep_value	IN	      VARCHAR2 DEFAULT NULL
594  			    , p_table_owner	IN	      VARCHAR2 DEFAULT NULL
595  			    , p_schema		IN	      VARCHAR2 DEFAULT NULL
596  			    , p_description	IN	      VARCHAR2 DEFAULT NULL
597  			    , p_expected_result IN	      NUMBER   DEFAULT otap_constants.OTAP_NUM_TEST_PASSED
598  			    )
599  	 RETURN VARCHAR2
600    ;
601  
602    /** FUNCTION otap_api.has_scheduler_job
603    * @see otap_schema.has_scheduler_job and otap_test.has_scheduler_job
604    */
605    FUNCTION has_scheduler_job( p_job_name	     IN 	   VARCHAR2
606  				 , o_otap_session    IN OUT NOCOPY OTAP_SESSION
607  				 , p_job_style	     IN 	   VARCHAR2 DEFAULT NULL
608  				 , p_job_type	     IN 	   VARCHAR2 DEFAULT NULL
609  				 , p_job_action      IN 	   VARCHAR2 DEFAULT NULL
610  				 , p_schedule_type   IN 	   VARCHAR2 DEFAULT NULL
611  				 , p_repeat_interval IN 	   VARCHAR2 DEFAULT NULL
612  				 , p_job_class	     IN 	   VARCHAR2 DEFAULT NULL
613  				 , p_logging_level   IN 	   VARCHAR2 DEFAULT NULL
614  				 , p_store_output    IN 	   VARCHAR2 DEFAULT NULL
615  				 , p_schema	     IN 	   VARCHAR2 DEFAULT NULL
616  				 , p_description     IN 	   VARCHAR2 DEFAULT NULL
617  				 , p_expected_result IN 	   NUMBER   DEFAULT otap_constants.OTAP_NUM_TEST_PASSED
618  				 )
619  	 RETURN VARCHAR2
620    ;
621  
622    /** FUNCTION otap_api.has_user
623    * @see otap_schema.has_user and otap_test.has_user
624    */
625    FUNCTION has_user( p_username		  IN		VARCHAR2
626  			, o_otap_session	  IN OUT NOCOPY OTAP_SESSION
627  			, p_account_status	  IN		VARCHAR2 DEFAULT NULL
628  			, p_default_tablespace	  IN		VARCHAR2 DEFAULT NULL
629  			, p_temporary_tablespace  IN		VARCHAR2 DEFAULT NULL
630  			, p_local_temp_tablespace IN		VARCHAR2 DEFAULT NULL
631  			, p_profile		  IN		VARCHAR2 DEFAULT NULL
632  			, p_password_versions	  IN		VARCHAR2 DEFAULT NULL
633  			, p_authentication_type   IN		VARCHAR2 DEFAULT NULL
634  			, p_proxy_only_connect	  IN		VARCHAR2 DEFAULT NULL
635  			, p_protected		  IN		VARCHAR2 DEFAULT NULL
636  			, p_read_only		  IN		VARCHAR2 DEFAULT NULL
637  			, p_description 	  IN		VARCHAR2 DEFAULT NULL
638  			, p_expected_result	  IN		NUMBER	 DEFAULT otap_constants.OTAP_NUM_TEST_PASSED
639  			)
640  	 RETURN VARCHAR2
641    ;
642  
643    /** FUNCTION otap_api.ok
644    * @see otap_logic.ok and otap_test.ok
645    */
646    FUNCTION ok( p_boolean	      IN	    BOOLEAN
647  		  , o_otap_session    IN OUT NOCOPY OTAP_SESSION
648  		  , p_description     IN	    VARCHAR2	 DEFAULT NULL
649  		  , p_expected_result IN	    NUMBER	 DEFAULT otap_constants.OTAP_NUM_TEST_PASSED
650  		  , p_schema	      IN	    VARCHAR2	 DEFAULT NULL
651  		  )
652  	 RETURN VARCHAR2
653    ;
654  
655    /** FUNCTION otap_api.is_eq
656    * @see otap_logic.is_eq and otap_test.is_eq
657    */
658    FUNCTION is_eq( p_have		 IN	       VARCHAR2
659  		     , p_want		 IN	       VARCHAR2
660  		     , o_otap_session	 IN OUT NOCOPY OTAP_SESSION
661  		     , p_description	 IN	       VARCHAR2      DEFAULT NULL
662  		     , p_expected_result IN	       NUMBER	     DEFAULT otap_constants.OTAP_NUM_TEST_PASSED
663  		     , p_schema 	 IN	       VARCHAR2      DEFAULT NULL
664  		     )
665  	 RETURN VARCHAR2
666    ;
667    FUNCTION is_eq( p_have		 IN	       NUMBER
668  		     , p_want		 IN	       NUMBER
669  		     , o_otap_session	 IN OUT NOCOPY OTAP_SESSION
670  		     , p_description	 IN	       VARCHAR2      DEFAULT NULL
671  		     , p_expected_result IN	       NUMBER	     DEFAULT otap_constants.OTAP_NUM_TEST_PASSED
672  		     , p_schema 	 IN	       VARCHAR2      DEFAULT NULL
673  		     )
674  	 RETURN VARCHAR2
675    ;
676    FUNCTION is_eq( p_have		 IN	       DATE
677  		     , p_want		 IN	       DATE
678  		     , o_otap_session	 IN OUT NOCOPY OTAP_SESSION
679  		     , p_description	 IN	       VARCHAR2      DEFAULT NULL
680  		     , p_expected_result IN	       NUMBER	     DEFAULT otap_constants.OTAP_NUM_TEST_PASSED
681  		     , p_schema 	 IN	       VARCHAR2      DEFAULT NULL
682  		     )
683  	 RETURN VARCHAR2
684    ;
685  
686    /** FUNCTION otap_api.match_regex
687    * @see otap_logic.match_regex and otap_test.match_regex
688    */
689    FUNCTION match_regex( p_have	       IN	     VARCHAR2
690  			   , p_regex	       IN	     VARCHAR2
691  			   , o_otap_session    IN OUT NOCOPY OTAP_SESSION
692  			   , p_description     IN	     VARCHAR2	   DEFAULT NULL
693  			   , p_param	       IN	     VARCHAR2	   DEFAULT NULL
694  			   , p_expected_result IN	     NUMBER	   DEFAULT otap_constants.OTAP_NUM_TEST_PASSED
695  			   , p_schema	       IN	     VARCHAR2	   DEFAULT NULL
696  			   )
697  	 RETURN VARCHAR2
698    ;
699  
700    /** FUNCTION otap_api.alike
701    * @see otap_logic.alike and otap_test.alike
702    */
703    FUNCTION alike( p_have		 IN	       VARCHAR2
704  		     , p_like		 IN	       VARCHAR2
705  		     , o_otap_session	 IN OUT NOCOPY OTAP_SESSION
706  		     , p_case_sensitive  IN	       NUMBER	     DEFAULT otap_constants.OTAP_NUM_FALSE
707  		     , p_description	 IN	       VARCHAR2      DEFAULT NULL
708  		     , p_expected_result IN	       NUMBER	     DEFAULT otap_constants.OTAP_NUM_TEST_PASSED
709  		     , p_schema 	 IN	       VARCHAR2      DEFAULT NULL
710  		     )
711  	 RETURN VARCHAR2
712    ;
713  
714    /** FUNCTION otap_api.throws_ok
715    * @see otap_logic.throws_ok and otap_test.throws_ok
716    */
717    FUNCTION throws_ok( p_statement	     IN 	   VARCHAR2
718  			 , p_sqlerrm	     IN 	   VARCHAR2
719  			 , o_otap_session    IN OUT NOCOPY OTAP_SESSION
720  			 , p_header_def      IN 	   VARCHAR2	DEFAULT NULL
721  			 , p_description     IN 	   VARCHAR2	DEFAULT NULL
722  			 , p_expected_result IN 	   NUMBER	DEFAULT otap_constants.OTAP_NUM_TEST_PASSED
723  			 , p_schema	     IN 	   VARCHAR2	DEFAULT NULL
724  			 )
725  	 RETURN VARCHAR2
726    ;
727    FUNCTION throws_ok( p_statement	     IN 	   VARCHAR2
728  			 , p_sqlcode	     IN 	   NUMBER
729  			 , o_otap_session    IN OUT NOCOPY OTAP_SESSION
730  			 , p_header_def      IN 	   VARCHAR2	DEFAULT NULL
731  			 , p_description     IN 	   VARCHAR2	DEFAULT NULL
732  			 , p_expected_result IN 	   NUMBER	DEFAULT otap_constants.OTAP_NUM_TEST_PASSED
733  			 , p_schema	     IN 	   VARCHAR2	DEFAULT NULL
734  			 )
735  	 RETURN VARCHAR2
736    ;
737  
738    /** FUNCTION otap_api.throws_matches
739    * @see otap_logic.throws_matches and otap_test.throws_matches
740    */
741    FUNCTION throws_matches( p_statement	  IN		VARCHAR2
742  			      , p_regex_sqlerrm   IN		VARCHAR2
743  			      , o_otap_session	  IN OUT NOCOPY OTAP_SESSION
744  			      , p_param 	  IN		VARCHAR2     DEFAULT NULL
745  			      , p_header_def	  IN		VARCHAR2     DEFAULT NULL
746  			      , p_description	  IN		VARCHAR2     DEFAULT NULL
747  			      , p_expected_result IN		NUMBER	     DEFAULT otap_constants.OTAP_NUM_TEST_PASSED
748  			      , p_schema	  IN		VARCHAR2     DEFAULT NULL
749  			      )
750  	 RETURN VARCHAR2
751    ;
752  
753    /** FUNCTION otap_logic.throws_like
754    * @see otap_logic.throws_like and otap_test.throws_like
755    */
756    FUNCTION throws_like( p_statement       IN	     VARCHAR2
757  			   , p_like_sqlerrm    IN	     VARCHAR2
758  			   , o_otap_session    IN OUT NOCOPY OTAP_SESSION
759  			   , p_case_sensitive  IN	     NUMBER	  DEFAULT otap_constants.OTAP_NUM_FALSE
760  			   , p_header_def      IN	     VARCHAR2	  DEFAULT NULL
761  			   , p_description     IN	     VARCHAR2	  DEFAULT NULL
762  			   , p_expected_result IN	     NUMBER	  DEFAULT otap_constants.OTAP_NUM_TEST_PASSED
763  			   , p_schema	       IN	     VARCHAR2	  DEFAULT NULL
764  			   )
765  	 RETURN VARCHAR2
766    ;
767  
768    /** FUNCTION otap_api.test_error
769    * @see otap_test.test_error
770    */
771    FUNCTION test_error( p_description     IN	    VARCHAR2
772  			  , p_errors	      IN	    VARCHAR2
773  			  , o_otap_session    IN OUT NOCOPY OTAP_SESSION
774  			  , p_schema	      IN	    VARCHAR2	 DEFAULT NULL
775  			  )
776  	 RETURN VARCHAR2
777    ;
778  
779    /** FUNCTION otap_api.test_error_check
780    * @see otap_test.test_error_check
781    */
782    FUNCTION test_error_check( p_have	IN NUMBER
783  				, p_want	IN NUMBER
784  				, p_description IN VARCHAR2
785  				, o_otap_session    IN OUT NOCOPY OTAP_SESSION
786  				, p_schema	IN VARCHAR2 DEFAULT NULL
787  				)
788  	 RETURN VARCHAR2
789    ;
790  
791  END;
792  /

Package created.

SQL> @@../otap_ddl/packages/otap_api.pkb
SQL> -- (C) 2024 Michael Lindenau licensed via https://www.gnu.org/licenses/agpl-3.0.txt
SQL> -- and https://toent.ch/licenses/AI_DISCLOSURE_LICENSE_V1
SQL> -- Not allowed to be used as AI training material without explicite permission.
SQL> CREATE OR REPLACE PACKAGE BODY otap_api
  2  AS
  3    -- for description see header file
  4    PROCEDURE validate_otap(o_otap_session IN OUT NOCOPY OTAP_SESSION)
  5    IS
  6  	 l_script  VARCHAR2(1024 CHAR) := 'otap_api.validate_otap';
  7  	 l_errors  INTEGER;
  8    BEGIN
  9  	 SELECT COUNT(*)
 10  	   INTO l_errors
 11  	   FROM dba_objects
 12  	  WHERE owner = otap_constants.get_otap_schema
 13  	    AND status != 'VALID'
 14  	 ;
 15  	 IF l_errors > 0
 16  	 THEN
 17  	   -- log the error
 18  	   otap_log.log('-20099 The otap system is not valid. INVALID objects exist. Ask your admin to fix the system before testing.', l_script);
 19  	   -- only direct testing could call this currently as table has a NOT NULL constraint
 20  	   RAISE_APPLICATION_ERROR(-20099, 'The otap system is not valid. INVALID objects exist. Ask your admin to fix the system before testing.');
 21  	 END IF;
 22  	 SELECT COUNT(*)
 23  	   INTO l_errors
 24  	   FROM dba_triggers
 25  	  WHERE owner = otap_constants.get_otap_schema
 26  	    AND status != 'ENABLED'
 27  	 ;
 28  	 IF l_errors > 0
 29  	 THEN
 30  	   -- log the error
 31  	   otap_log.log('-20099 The otap system is not valid. Triggers are not enabled. Ask your admin to fix the system before testing.', l_script);
 32  	   -- only direct testing could call this currently as table has a NOT NULL constraint
 33  	   RAISE_APPLICATION_ERROR(-20099, 'The otap system is not valid. Triggers are not enabled. Ask your admin to fix the system before testing.');
 34  	 END IF;
 35  	 SELECT COUNT(*)
 36  	   INTO l_errors
 37  	   FROM otap_translate
 38  	  WHERE TRIM(UPPER(otap_identifier)) IN (SELECT config_name FROM otap_config WHERE translatable = otap_constants.get_otap_num_false)
 39  	 ;
 40  	 IF l_errors > 0
 41  	 THEN
 42  	   -- log the error
 43  	   otap_log.log('-20099 The otap system is not valid. OTAP_TRANSLATE contains invalid entries. Ask your admin to fix the system before testing.', l_script);
 44  	   -- only direct testing could call this currently as table has a NOT NULL constraint
 45  	   RAISE_APPLICATION_ERROR(-20099, 'The otap system is not valid. OTAP_TRANSLATE contains invalid entries. Ask your admin to fix the system before testing.');
 46  	 END IF;
 47  	 -- if all passed, check the session id, if not set, fetch sequence next val for new user
 48  	 IF o_otap_session.session_id = 0
 49  	 THEN
 50  	   o_otap_session.session_id := otap_test_session_seq.NEXTVAL;
 51  	 END IF;
 52    END validate_otap;
 53  
 54    FUNCTION init_test( p_test_count 	 IN	       NUMBER
 55  			 , p_test_set		 IN	       VARCHAR2
 56  			 , p_test_group 	 IN	       VARCHAR2
 57  			 , p_test_name		 IN	       VARCHAR2
 58  			 , p_prefix		 IN	       VARCHAR2
 59  			 , p_language_id	 IN	       VARCHAR2
 60  			 , p_name_precedence	 IN	       NUMBER
 61  			 , p_include_pkg	 IN	       NUMBER
 62  			 , p_persist		 IN	       NUMBER
 63  			 , p_schema		 IN	       VARCHAR2
 64  			 , p_user		 IN	       VARCHAR2
 65  			 , p_executor		 IN	       VARCHAR2
 66  			 , o_otap_session	 IN OUT NOCOPY OTAP_SESSION
 67  			 )
 68  	 RETURN VARCHAR2
 69    IS
 70  	 l_script  VARCHAR2(1024 CHAR) := 'otap_api.init_test';
 71  	 l_message VARCHAR2(4000 CHAR);
 72    BEGIN
 73  	 l_message := otap_constants.OTAP_INTERNAL_ERROR;
 74  	 -- execute the wrapped function in an extra block
 75  	 BEGIN
 76  	   l_message := otap_plan.init_test(p_test_count, p_test_set, p_test_group, p_test_name, p_prefix, p_language_id, p_name_precedence, p_include_pkg, p_persist, p_schema, p_user, p_executor, o_otap_session);
 77  	 EXCEPTION
 78  	   WHEN OTHERS THEN
 79  	     -- consume error
 80  	     otap_log.log(SQLERRM, l_script, 'Calling otap_plan.init_test');
 81  	     l_message := otap_string.reduce('Internal otap error init session variable: ' || SQLERRM, 4000);
 82  	 END;
 83  	 -- return or let exception happen
 84  	 RETURN l_message;
 85    END init_test;
 86  
 87    FUNCTION finish_test( p_write_count_rec IN	     NUMBER
 88  			   , o_otap_session    IN OUT NOCOPY OTAP_SESSION
 89  			   )
 90  	 RETURN VARCHAR2
 91    IS
 92  	 l_script  VARCHAR2(1024 CHAR) := 'otap_api.finish_test';
 93  	 l_message VARCHAR2(4000 CHAR);
 94    BEGIN
 95  	 l_message := otap_constants.OTAP_INTERNAL_ERROR;
 96  	 -- execute the wrapped function in an extra block
 97  	 BEGIN
 98  	   l_message := otap_plan.finish_test(p_write_count_rec, o_otap_session);
 99  	 EXCEPTION
100  	   WHEN OTHERS THEN
101  	     -- consume error
102  	     otap_log.log(SQLERRM, l_script, 'Calling otap_plan.finish_test');
103  	     l_message := otap_string.reduce('Internal otap error finish test: ' || SQLERRM, 4000);
104  	 END;
105  	 -- return or let exception happen
106  	 RETURN l_message;
107    END finish_test;
108  
109    FUNCTION finish_test_with_exit_code( p_write_count_rec IN	    NUMBER
110  					  , o_otap_session    IN OUT NOCOPY OTAP_SESSION
111  					  )
112  	 RETURN NUMBER
113    IS
114  	 l_script  VARCHAR2(1024 CHAR) := 'otap_api.finish_test_with_exit_code';
115  	 l_return  INTEGER;
116    BEGIN
117  	 -- default undefined
118  	 l_return := 2;
119  	 BEGIN
120  	   l_return := otap_plan.finish_test_with_exit_code(p_write_count_rec, o_otap_session);
121  	 EXCEPTION
122  	   WHEN OTHERS THEN
123  	     -- consume error
124  	     otap_log.log(SQLERRM, l_script, 'Calling otap_plan.finish_test_with_exit_code');
125  	     l_return := 2;
126  	 END;
127  	 -- return or let exception happen
128  	 RETURN l_return;
129    END finish_test_with_exit_code;
130  
131    FUNCTION otap_session_show(p_otap_session IN OTAP_SESSION)
132  	 RETURN VARCHAR2
133    IS
134  	 l_script  VARCHAR2(1024 CHAR) := 'otap_api.otap_session_show';
135  	 l_message VARCHAR2(4000 CHAR);
136    BEGIN
137  	 l_message := otap_constants.OTAP_INTERNAL_ERROR;
138  	 -- execute the wrapped function in an extra block
139  	 BEGIN
140  	   l_message := otap_objects.otap_session_show(p_otap_session);
141  	 EXCEPTION
142  	   WHEN OTHERS THEN
143  	     -- consume error
144  	     otap_log.log(SQLERRM, l_script, 'Calling otap_objects.otap_session_show');
145  	     l_message := otap_string.reduce('Internal otap error session show: ' || SQLERRM, 4000);
146  	 END;
147  	 -- return or let exception happen
148  	 RETURN l_message;
149    END otap_session_show;
150  
151    FUNCTION otap_session_summary(p_otap_session IN OTAP_SESSION)
152  	 RETURN VARCHAR2
153    IS
154  	 l_script  VARCHAR2(1024 CHAR) := 'otap_api.otap_session_summary';
155  	 l_message VARCHAR2(4000 CHAR);
156    BEGIN
157  	 l_message := otap_constants.OTAP_INTERNAL_ERROR;
158  	 -- execute the wrapped function in an extra block
159  	 BEGIN
160  	   l_message := otap_objects.otap_session_summary(p_otap_session);
161  	 EXCEPTION
162  	   WHEN OTHERS THEN
163  	     -- consume error
164  	     otap_log.log(SQLERRM, l_script, 'Calling otap_objects.otap_session_summary');
165  	     l_message := otap_string.reduce('Internal otap error session summary: ' || SQLERRM, 4000);
166  	 END;
167  	 -- return or let exception happen
168  	 RETURN l_message;
169    END otap_session_summary;
170  
171    FUNCTION otap_session_set_test_name( p_test_name    IN		 VARCHAR2
172  					  , o_otap_session IN OUT NOCOPY OTAP_SESSION
173  					  )
174  	 RETURN VARCHAR2
175    IS
176  	 l_script  VARCHAR2(1024 CHAR) := 'otap_api.otap_session_set_test_name';
177  	 l_message VARCHAR2(4000 CHAR);
178    BEGIN
179  	 l_message := otap_constants.OTAP_INTERNAL_ERROR;
180  	 -- execute the wrapped function in an extra block
181  	 BEGIN
182  	   l_message := otap_objects.otap_session_set_test_name(p_test_name, o_otap_session);
183  	 EXCEPTION
184  	   WHEN OTHERS THEN
185  	     -- consume error
186  	     otap_log.log(SQLERRM, l_script, 'Calling otap_objects.otap_session_set_test_name');
187  	     l_message := otap_string.reduce('Internal otap error set test name: ' || SQLERRM, 4000);
188  	 END;
189  	 -- return or let exception happen
190  	 RETURN l_message;
191    END otap_session_set_test_name;
192  
193    FUNCTION otap_session_set_test_group( p_test_group   IN		  VARCHAR2
194  					   , o_otap_session IN OUT NOCOPY OTAP_SESSION
195  					   )
196  	 RETURN VARCHAR2
197    IS
198  	 l_script  VARCHAR2(1024 CHAR) := 'otap_objects.otap_session_set_test_group';
199  	 l_message VARCHAR2(4000 CHAR);
200    BEGIN
201  	 l_message := otap_constants.OTAP_INTERNAL_ERROR;
202  	 -- execute the wrapped function in an extra block
203  	 BEGIN
204  	   l_message := otap_objects.otap_session_set_test_group(p_test_group, o_otap_session);
205  	 EXCEPTION
206  	   WHEN OTHERS THEN
207  	     -- consume error
208  	     otap_log.log(SQLERRM, l_script, 'Calling otap_objects.otap_session_set_test_group');
209  	     l_message := otap_string.reduce('Internal otap error set group name: ' || SQLERRM, 4000);
210  	 END;
211  	 -- return or let exception happen
212  	 RETURN l_message;
213    END otap_session_set_test_group;
214  
215    FUNCTION otap_session_set_test_set( p_test_set	  IN		VARCHAR2
216  					 , o_otap_session IN OUT NOCOPY OTAP_SESSION
217  					 )
218  	 RETURN VARCHAR2
219    IS
220  	 l_script  VARCHAR2(1024 CHAR) := 'otap_api.otap_session_set_test_set';
221  	 l_message VARCHAR2(4000 CHAR);
222    BEGIN
223  	 l_message := otap_constants.OTAP_INTERNAL_ERROR;
224  	 -- execute the wrapped function in an extra block
225  	 BEGIN
226  	   l_message := otap_objects.otap_session_set_test_set(p_test_set, o_otap_session);
227  	 EXCEPTION
228  	   WHEN OTHERS THEN
229  	     -- consume error
230  	     otap_log.log(SQLERRM, l_script, 'Calling otap_objects.otap_session_set_test_set');
231  	     l_message := otap_string.reduce('Internal otap error set test set name: ' || SQLERRM, 4000);
232  	 END;
233  	 -- return or let exception happen
234  	 RETURN l_message;
235    END otap_session_set_test_set;
236  
237    FUNCTION otap_session_set_language( p_language_id  IN		VARCHAR2
238  					 , o_otap_session IN OUT NOCOPY OTAP_SESSION
239  					 )
240  	 RETURN VARCHAR2
241    IS
242  	 l_script  VARCHAR2(1024 CHAR) := 'otap_api.otap_session_set_language';
243  	 l_message VARCHAR2(4000 CHAR);
244    BEGIN
245  	 l_message := otap_constants.OTAP_INTERNAL_ERROR;
246  	 -- execute the wrapped function in an extra block
247  	 BEGIN
248  	   l_message := otap_objects.otap_session_set_language(p_language_id, o_otap_session);
249  	 EXCEPTION
250  	   WHEN OTHERS THEN
251  	     -- consume error
252  	     otap_log.log(SQLERRM, l_script, 'Calling otap_objects.otap_session_set_language');
253  	     l_message := otap_string.reduce('Internal otap error set test set name: ' || SQLERRM, 4000);
254  	 END;
255  	 -- return or let exception happen
256  	 RETURN l_message;
257    END otap_session_set_language;
258  
259    FUNCTION otap_session_get_language(p_otap_session IN OTAP_SESSION)
260  	 RETURN VARCHAR2
261    IS
262  	 l_script  VARCHAR2(1024 CHAR) := 'otap_api.otap_session_get_language';
263  	 l_return  VARCHAR2(3 CHAR);
264    BEGIN
265  	 l_return := otap_constants.OTAP_INTERNAL_NA;
266  	 -- execute the wrapped function in an extra block
267  	 BEGIN
268  	   l_return := otap_objects.otap_session_get_language(p_otap_session);
269  	 EXCEPTION
270  	   WHEN OTHERS THEN
271  	     -- consume error
272  	     otap_log.log(SQLERRM, l_script, 'Calling otap_objects.otap_session_get_language');
273  	     l_return := -1;
274  	 END;
275  	 -- return or let exception happen
276  	 RETURN l_return;
277    END otap_session_get_language;
278  
279    FUNCTION otap_session_get_schema(p_otap_session IN OTAP_SESSION)
280  	 RETURN VARCHAR2
281    IS
282  	 l_script  VARCHAR2(1024 CHAR) := 'otap_api.otap_session_get_schema';
283  	 l_return  VARCHAR2(256 CHAR);
284    BEGIN
285  	 l_return := SYS_CONTEXT('USERENV', 'CURRENT_SCHEMA');
286  	 -- execute the wrapped function in an extra block
287  	 BEGIN
288  	   l_return := otap_objects.otap_session_get_schema(p_otap_session);
289  	 EXCEPTION
290  	   WHEN OTHERS THEN
291  	     -- consume error
292  	     otap_log.log(SQLERRM, l_script, 'Calling otap_objects.otap_session_get_schema');
293  	     l_return := SYS_CONTEXT('USERENV', 'CURRENT_SCHEMA');
294  	 END;
295  	 -- return or let exception happen
296  	 RETURN l_return;
297    END otap_session_get_schema;
298  
299    FUNCTION otap_session_get_prefix(p_otap_session IN OTAP_SESSION)
300  	 RETURN VARCHAR2
301    IS
302  	 l_script  VARCHAR2(1024 CHAR) := 'otap_api.otap_session_get_prefix';
303  	 l_return  VARCHAR2(4 CHAR);
304    BEGIN
305  	 l_return := 'TEST';
306  	 -- execute the wrapped function in an extra block
307  	 BEGIN
308  	   l_return := otap_objects.otap_session_get_prefix(p_otap_session);
309  	 EXCEPTION
310  	   WHEN OTHERS THEN
311  	     -- consume error
312  	     otap_log.log(SQLERRM, l_script, 'Calling otap_objects.otap_session_get_prefix');
313  	     l_return := 'TEST';
314  	 END;
315  	 -- return or let exception happen
316  	 RETURN l_return;
317    END otap_session_get_prefix;
318  
319    FUNCTION otap_session_name_precedence(p_otap_session IN OTAP_SESSION)
320  	 RETURN BOOLEAN
321    IS
322  	 l_script  VARCHAR2(1024 CHAR) := 'otap_api.otap_session_name_precedence';
323  	 l_return  BOOLEAN;
324    BEGIN
325  	 l_return := FALSE;
326  	 -- execute the wrapped function in an extra block
327  	 BEGIN
328  	   l_return := otap_objects.otap_session_name_precedence(p_otap_session);
329  	 EXCEPTION
330  	   WHEN OTHERS THEN
331  	     -- consume error
332  	     otap_log.log(SQLERRM, l_script, 'Calling otap_objects.otap_session_name_precedence');
333  	     l_return := FALSE;
334  	 END;
335  	 -- return or let exception happen
336  	 RETURN l_return;
337    END otap_session_name_precedence;
338  
339    FUNCTION otap_session_include_packages(p_otap_session IN OTAP_SESSION)
340  	 RETURN BOOLEAN
341    IS
342  	 l_script  VARCHAR2(1024 CHAR) := 'otap_api.otap_session_include_packages';
343  	 l_return  BOOLEAN;
344    BEGIN
345  	 l_return := FALSE;
346  	 -- execute the wrapped function in an extra block
347  	 BEGIN
348  	   l_return := otap_objects.otap_session_include_packages(p_otap_session);
349  	 EXCEPTION
350  	   WHEN OTHERS THEN
351  	     -- consume error
352  	     otap_log.log(SQLERRM, l_script, 'Calling otap_objects.otap_session_include_packages');
353  	     l_return := FALSE;
354  	 END;
355  	 -- return or let exception happen
356  	 RETURN l_return;
357    END otap_session_include_packages;
358  
359    FUNCTION otap_session_get_test_id(p_otap_session IN OTAP_SESSION)
360  	 RETURN NUMBER
361    IS
362  	 l_script  VARCHAR2(1024 CHAR) := 'otap_api.otap_session_get_test_id';
363  	 l_return  NUMBER;
364    BEGIN
365  	 l_return := -1;
366  	 -- execute the wrapped function in an extra block
367  	 BEGIN
368  	   l_return := otap_objects.otap_session_get_test_id(p_otap_session);
369  	 EXCEPTION
370  	   WHEN OTHERS THEN
371  	     -- consume error
372  	     otap_log.log(SQLERRM, l_script, 'Calling otap_objects.otap_session_get_test_id');
373  	     l_return := -1;
374  	 END;
375  	 -- return or let exception happen
376  	 RETURN l_return;
377    END otap_session_get_test_id;
378  
379    FUNCTION otap_session_get_report_id(p_otap_session IN OTAP_SESSION)
380  	 RETURN NUMBER
381    IS
382  	 l_script  VARCHAR2(1024 CHAR) := 'otap_api.otap_session_get_report_id';
383  	 l_return  NUMBER;
384    BEGIN
385  	 l_return := -1;
386  	 -- execute the wrapped function in an extra block
387  	 BEGIN
388  	   l_return := otap_objects.otap_session_get_report_id(p_otap_session);
389  	 EXCEPTION
390  	   WHEN OTHERS THEN
391  	     -- consume error
392  	     otap_log.log(SQLERRM, l_script, 'Calling otap_objects.otap_session_get_report_id');
393  	     l_return := -1;
394  	 END;
395  	 -- return or let exception happen
396  	 RETURN l_return;
397    END otap_session_get_report_id;
398  
399    FUNCTION set_active_report_id( p_report_id    IN 	   NUMBER
400  				    , o_otap_session IN OUT NOCOPY OTAP_SESSION
401  				    )
402  	 RETURN VARCHAR2
403    IS
404  	 l_script  VARCHAR2(1024 CHAR) := 'otap_api.set_active_report_id';
405  	 l_message VARCHAR2(4000);
406  	 l_return  NUMBER;
407  	 l_old_id  NUMBER;
408  	 l_count   NUMBER;
409    BEGIN
410  	 l_return  := 0;
411  	 l_message := otap_constants.OTAP_INTERNAL_ERROR;
412  	 -- execute the wrapped function in an extra block
413  	 BEGIN
414  	   -- save the old id for compare
415  	   l_old_id := otap_objects.otap_session_get_report_id(o_otap_session);
416  	   IF l_old_id = p_report_id
417  	   THEN
418  	     -- nothing to do
419  	     l_message := 'The report id ' || p_report_id || ' is currently active. No change.';
420  	   ELSE
421  	     -- check given id
422  	     SELECT COUNT(*) INTO l_count FROM otap_results WHERE test_session_id = p_report_id;
423  	     IF l_count > 0
424  	     THEN
425  	       l_return := otap_objects.otap_session_set_session_view_id(p_report_id, o_otap_session);
426  	     ELSE
427  	       otap_log.log('Invalid report id ' || p_report_id || ' does not exist in OTAP_RESULTS', l_script);
428  	       l_return  := l_old_id;
429  	       l_message := 'Report id ' || p_report_id || ' not found';
430  	     END IF;
431  	     IF l_return != l_old_id
432  	     THEN
433  	       l_message := 'New report id ' || l_return;
434  	     ELSE
435  	       l_message := 'ERROR report id ' || l_return || ' not changed. ' || l_message;
436  	     END IF;
437  	   END IF;
438  	 EXCEPTION
439  	   WHEN OTHERS THEN
440  	     -- consume error
441  	     otap_log.log(SQLERRM, l_script, 'Checking and calling otap_objects.otap_session_set_session_view_id');
442  	     l_message := otap_string.reduce('ERROR ' || l_script || ': ' || SQLERRM, 4000);
443  	 END;
444  	 -- return or let exception happen
445  	 RETURN l_message;
446    END set_active_report_id;
447  
448    FUNCTION max_text_size( p_session_id  IN NUMBER
449  			     , p_language_id IN VARCHAR2 DEFAULT otap_constants.OTAP_INTERNAL_NA
450  			     )
451  	 RETURN NUMBER
452    IS
453  	 l_script    VARCHAR2(1024 CHAR) := 'otap_api.otap_session_get_test_id';
454  	 l_return    NUMBER;
455  	 l_interval  NUMBER;
456    BEGIN
457  	 l_return := otap_constants.OTAP_NUM_MIN_FILL_LENGTH;
458  	 -- execute the wrapped function in an extra block
459  	 BEGIN
460  	   l_return := otap_util.max_text_size(p_session_id);
461  	   -- now add the extra columns on the result line
462  	   SELECT LENGTH(((SYSTIMESTAMP - SYSTIMESTAMP) DAY TO SECOND)) INTO l_interval FROM dual;
463  	   l_return := l_return + l_interval + (2 * otap_util.get_length_test_state(p_language_id)) + 3;
464  	 EXCEPTION
465  	   WHEN OTHERS THEN
466  	     -- consume error
467  	     otap_log.log(SQLERRM, l_script, 'Calling otap_util.max_text_size');
468  	     l_return := otap_constants.OTAP_NUM_MIN_FILL_LENGTH;
469  	 END;
470  	 -- return or let exception happen
471  	 RETURN l_return;
472    END max_text_size;
473  
474    FUNCTION get_report_header( p_min_fill	 IN INTEGER  DEFAULT otap_constants.OTAP_NUM_MIN_FILL_LENGTH
475  				 , p_language_id IN VARCHAR2 DEFAULT otap_constants.OTAP_INTERNAL_NA
476  				 )
477  	 RETURN VARCHAR2
478    IS
479  	 l_script  VARCHAR2(1024 CHAR) := 'otap_api.get_report_header';
480  	 l_message VARCHAR2(4000 CHAR);
481    BEGIN
482  	 l_message := otap_constants.OTAP_INTERNAL_ERROR;
483  	 -- execute the wrapped function in an extra block
484  	 BEGIN
485  	   l_message := otap_report.get_report_header(p_min_fill, p_language_id);
486  	 EXCEPTION
487  	   WHEN OTHERS THEN
488  	     -- consume error
489  	     otap_log.log(SQLERRM, l_script, 'Calling otap_report.get_report_header');
490  	     l_message := otap_string.reduce('Internal otap error get report header: ' || SQLERRM, 4000);
491  	 END;
492  	 -- return or let exception happen
493  	 RETURN l_message;
494    END get_report_header;
495  
496    FUNCTION get_session_id_text( p_session_id  IN NUMBER
497  				   , p_min_fill    IN INTEGER  DEFAULT otap_constants.OTAP_NUM_MIN_FILL_LENGTH
498  				   , p_language_id IN VARCHAR2 DEFAULT otap_constants.OTAP_INTERNAL_NA
499  				   )
500  	 RETURN VARCHAR2
501    IS
502  	 l_script  VARCHAR2(1024 CHAR) := 'otap_api.get_session_id_text';
503  	 l_message VARCHAR2(4000 CHAR);
504    BEGIN
505  	 l_message := otap_constants.OTAP_INTERNAL_ERROR;
506  	 -- execute the wrapped function in an extra block
507  	 BEGIN
508  	   l_message := otap_report.get_session_id_text(p_session_id, p_min_fill, p_language_id);
509  	 EXCEPTION
510  	   WHEN OTHERS THEN
511  	     -- consume error
512  	     otap_log.log(SQLERRM, l_script, 'Calling otap_report.get_session_id_text');
513  	     l_message := otap_string.reduce('Internal otap error get report session id text: ' || SQLERRM, 4000);
514  	 END;
515  	 -- return or let exception happen
516  	 RETURN l_message;
517    END get_session_id_text;
518  
519    FUNCTION get_set_text( p_test_set    IN VARCHAR2
520  			    , p_min_fill    IN INTEGER	DEFAULT otap_constants.OTAP_NUM_MIN_FILL_LENGTH
521  			    , p_language_id IN VARCHAR2 DEFAULT otap_constants.OTAP_INTERNAL_NA
522  			    )
523  	 RETURN VARCHAR2
524    IS
525  	 l_script  VARCHAR2(1024 CHAR) := 'otap_api.get_set_text';
526  	 l_message VARCHAR2(4000 CHAR);
527    BEGIN
528  	 l_message := otap_constants.OTAP_INTERNAL_ERROR;
529  	 -- execute the wrapped function in an extra block
530  	 BEGIN
531  	   l_message := otap_report.get_set_text(p_test_set, p_min_fill, p_language_id);
532  	 EXCEPTION
533  	   WHEN OTHERS THEN
534  	     -- consume error
535  	     otap_log.log(SQLERRM, l_script, 'Calling otap_report.get_set_text');
536  	     l_message := otap_string.reduce('Internal otap error get report test set text: ' || SQLERRM, 4000);
537  	 END;
538  	 -- return or let exception happen
539  	 RETURN l_message;
540    END get_set_text;
541  
542    FUNCTION get_summary_header( p_min_fill	  IN INTEGER  DEFAULT otap_constants.OTAP_NUM_MIN_FILL_LENGTH
543  				  , p_language_id IN VARCHAR2 DEFAULT otap_constants.OTAP_INTERNAL_NA
544  				  )
545  	 RETURN VARCHAR2
546    IS
547  	 l_script  VARCHAR2(1024 CHAR) := 'otap_api.get_summary_header';
548  	 l_message VARCHAR2(4000 CHAR);
549    BEGIN
550  	 l_message := otap_constants.OTAP_INTERNAL_ERROR;
551  	 -- execute the wrapped function in an extra block
552  	 BEGIN
553  	   l_message := otap_report.get_summary_header(p_min_fill, p_language_id);
554  	 EXCEPTION
555  	   WHEN OTHERS THEN
556  	     -- consume error
557  	     otap_log.log(SQLERRM, l_script, 'Calling otap_report.get_summary_header');
558  	     l_message := otap_string.reduce('Internal otap error get summary header: ' || SQLERRM, 4000);
559  	 END;
560  	 -- return or let exception happen
561  	 RETURN l_message;
562    END get_summary_header;
563  
564    FUNCTION get_summary( p_runtime	   IN VARCHAR2 DEFAULT otap_constants.OTAP_INTERNAL_NA
565  			   , p_exectime    IN VARCHAR2 DEFAULT otap_constants.OTAP_INTERNAL_NA
566  			   , p_runs	   IN NUMBER   DEFAULT 0
567  			   , p_errors	   IN NUMBER   DEFAULT 0
568  			   , p_issues	   IN NUMBER   DEFAULT 0
569  			   , p_min_fill    IN INTEGER  DEFAULT otap_constants.OTAP_NUM_MIN_FILL_LENGTH
570  			   , p_language_id IN VARCHAR2 DEFAULT otap_constants.OTAP_INTERNAL_NA
571  			   )
572  	 RETURN VARCHAR2
573    IS
574  	 l_script  VARCHAR2(1024 CHAR) := 'otap_api.get_summary';
575  	 l_message VARCHAR2(4000 CHAR);
576  	 l_status  VARCHAR2(4000 CHAR);
577    BEGIN
578  	 l_message := otap_constants.OTAP_INTERNAL_ERROR;
579  	 -- execute the wrapped function in an extra block
580  	 BEGIN
581  	   l_status := CASE
582  			 WHEN p_issues > 0
583  			 THEN otap_util.get_config_value(otap_util.CFG_TEXT_TEST_UNDEFINED, p_language_id)
584  			 WHEN p_errors > 0 AND p_issues <= 0
585  			 THEN otap_util.get_config_value(otap_util.CFG_TEXT_TEST_FAILED, p_language_id)
586  			 ELSE otap_util.get_config_value(otap_util.CFG_TEXT_TEST_PASSED, p_language_id)
587  		       END
588  	   ;
589  	   l_message := otap_report.get_summary(l_status, p_runtime, p_exectime, p_runs, p_errors, p_issues, p_min_fill, p_language_id);
590  	 EXCEPTION
591  	   WHEN OTHERS THEN
592  	     -- consume error
593  	     otap_log.log(SQLERRM, l_script, 'Calling otap_report.get_summary');
594  	     l_message := otap_string.reduce('Internal otap error get report summary: ' || SQLERRM, 4000);
595  	 END;
596  	 -- return or let exception happen
597  	 RETURN l_message;
598    END get_summary;
599  
600    FUNCTION get_group_text( p_test_group  IN VARCHAR2
601  			      , p_min_fill    IN INTEGER  DEFAULT otap_constants.OTAP_NUM_MIN_FILL_LENGTH
602  			      , p_language_id IN VARCHAR2 DEFAULT otap_constants.OTAP_INTERNAL_NA
603  			      )
604  	 RETURN VARCHAR2
605    IS
606  	 l_script  VARCHAR2(1024 CHAR) := 'otap_api.get_group_text';
607  	 l_message VARCHAR2(4000 CHAR);
608    BEGIN
609  	 l_message := otap_constants.OTAP_INTERNAL_ERROR;
610  	 -- execute the wrapped function in an extra block
611  	 BEGIN
612  	   l_message := otap_report.get_group_text(p_test_group, p_min_fill, p_language_id);
613  	 EXCEPTION
614  	   WHEN OTHERS THEN
615  	     -- consume error
616  	     otap_log.log(SQLERRM, l_script, 'Calling otap_report.get_group_text');
617  	     l_message := otap_string.reduce('Internal otap error get report group text: ' || SQLERRM, 4000);
618  	 END;
619  	 -- return or let exception happen
620  	 RETURN l_message;
621    END get_group_text;
622  
623    FUNCTION get_test_name_text( p_test_name   IN VARCHAR2
624  				  , p_min_fill	  IN INTEGER  DEFAULT otap_constants.OTAP_NUM_MIN_FILL_LENGTH
625  				  , p_language_id IN VARCHAR2 DEFAULT otap_constants.OTAP_INTERNAL_NA
626  				  )
627  	 RETURN VARCHAR2
628    IS
629  	 l_script  VARCHAR2(1024 CHAR) := 'otap_api.get_test_name_text';
630  	 l_message VARCHAR2(4000 CHAR);
631    BEGIN
632  	 l_message := otap_constants.OTAP_INTERNAL_ERROR;
633  	 -- execute the wrapped function in an extra block
634  	 BEGIN
635  	   l_message := otap_report.get_test_name_text(p_test_name, p_min_fill, p_language_id);
636  	 EXCEPTION
637  	   WHEN OTHERS THEN
638  	     -- consume error
639  	     otap_log.log(SQLERRM, l_script, 'Calling otap_report.get_test_name_text');
640  	     l_message := otap_string.reduce('Internal otap error get report test name text: ' || SQLERRM, 4000);
641  	 END;
642  	 -- return or let exception happen
643  	 RETURN l_message;
644    END get_test_name_text;
645  
646    FUNCTION get_result_header( p_min_fill	 IN INTEGER  DEFAULT otap_constants.OTAP_NUM_MIN_FILL_LENGTH
647  				 , p_language_id IN VARCHAR2 DEFAULT otap_constants.OTAP_INTERNAL_NA
648  				 )
649  	 RETURN VARCHAR2
650    IS
651  	 l_script  VARCHAR2(1024 CHAR) := 'otap_api.get_result_header';
652  	 l_message VARCHAR2(4000 CHAR);
653    BEGIN
654  	 l_message := otap_constants.OTAP_INTERNAL_ERROR;
655  	 -- execute the wrapped function in an extra block
656  	 BEGIN
657  	   l_message := otap_report.get_result_header(p_min_fill, p_language_id);
658  	 EXCEPTION
659  	   WHEN OTHERS THEN
660  	     -- consume error
661  	     otap_log.log(SQLERRM, l_script, 'Calling otap_report.get_result_header');
662  	     l_message := otap_string.reduce('Internal otap error get result header: ' || SQLERRM, 4000);
663  	 END;
664  	 -- return or let exception happen
665  	 RETURN l_message;
666    END get_result_header;
667  
668    FUNCTION get_result_underline( p_min_fill    IN INTEGER	DEFAULT otap_constants.OTAP_NUM_MIN_FILL_LENGTH
669  				    , p_language_id IN VARCHAR2 DEFAULT otap_constants.OTAP_INTERNAL_NA
670  				    )
671  	 RETURN VARCHAR2
672    IS
673  	 l_script  VARCHAR2(1024 CHAR) := 'otap_api.get_result_underline';
674  	 l_message VARCHAR2(4000 CHAR);
675    BEGIN
676  	 l_message := otap_constants.OTAP_INTERNAL_ERROR;
677  	 -- execute the wrapped function in an extra block
678  	 BEGIN
679  	   l_message := otap_report.get_result_underline(p_min_fill, p_language_id);
680  	 EXCEPTION
681  	   WHEN OTHERS THEN
682  	     -- consume error
683  	     otap_log.log(SQLERRM, l_script, 'Calling otap_report.get_result_underline');
684  	     l_message := otap_string.reduce('Internal otap error get result underline: ' || SQLERRM, 4000);
685  	 END;
686  	 -- return or let exception happen
687  	 RETURN l_message;
688    END get_result_underline;
689  
690    FUNCTION get_result_line( p_test_state  IN VARCHAR2 DEFAULT otap_constants.OTAP_FALLBACK_TEXT_TEST_UNDEFINED
691  			       , p_issue_state IN VARCHAR2 DEFAULT otap_constants.OTAP_FALLBACK_TEXT_TEST_UNDEFINED
692  			       , p_runtime     IN VARCHAR2 DEFAULT otap_constants.OTAP_INTERNAL_NA
693  			       , p_test_desc   IN VARCHAR2 DEFAULT otap_constants.OTAP_INTERNAL_NA
694  			       , p_min_fill    IN INTEGER  DEFAULT otap_constants.OTAP_NUM_MIN_FILL_LENGTH
695  			       , p_language_id IN VARCHAR2 DEFAULT otap_constants.OTAP_INTERNAL_NA
696  			       )
697  	 RETURN VARCHAR2
698    IS
699  	 l_script  VARCHAR2(1024 CHAR) := 'otap_api.get_result_line';
700  	 l_message VARCHAR2(4000 CHAR);
701    BEGIN
702  	 l_message := otap_constants.OTAP_INTERNAL_ERROR;
703  	 -- execute the wrapped function in an extra block
704  	 BEGIN
705  	   l_message := otap_report.get_result_line(p_test_state, p_issue_state, p_runtime, p_test_desc, p_min_fill, p_language_id);
706  	 EXCEPTION
707  	   WHEN OTHERS THEN
708  	     -- consume error
709  	     otap_log.log(SQLERRM, l_script, 'Calling otap_report.get_result_line');
710  	     l_message := otap_string.reduce('Internal otap error get result line: ' || SQLERRM, 4000);
711  	 END;
712  	 -- return or let exception happen
713  	 RETURN l_message;
714    END get_result_line;
715  
716    FUNCTION test_result_to_text( p_test_passed IN NUMBER
717  				   , p_language_id IN VARCHAR2 DEFAULT otap_constants.OTAP_INTERNAL_NA
718  				   )
719  	 RETURN VARCHAR
720    IS
721  	 l_script  VARCHAR2(1024 CHAR) := 'otap_api.test_result_to_text';
722  	 l_message VARCHAR2(4000 CHAR);
723    BEGIN
724  	 l_message := otap_constants.OTAP_INTERNAL_ERROR;
725  	 -- execute the wrapped function in an extra block
726  	 BEGIN
727  	   l_message := otap_util.test_result_to_text(p_test_passed, p_language_id);
728  	 EXCEPTION
729  	   WHEN OTHERS THEN
730  	     -- consume error
731  	     otap_log.log(SQLERRM, l_script, 'Calling  otap_util.test_result_to_text');
732  	     l_message := otap_string.reduce('Internal otap error translate test result to text: ' || SQLERRM, 4000);
733  	 END;
734  	 -- return or let exception happen
735  	 RETURN l_message;
736    END test_result_to_text;
737  
738    FUNCTION get_error_result_header( p_test_name   IN VARCHAR2
739  				       , p_min_fill    IN INTEGER  DEFAULT otap_constants.OTAP_NUM_MIN_FILL_LENGTH
740  				       , p_language_id IN VARCHAR2 DEFAULT otap_constants.OTAP_INTERNAL_NA
741  				       )
742  	 RETURN VARCHAR2
743    IS
744  	 l_script  VARCHAR2(1024 CHAR) := 'otap_api.get_error_result_header';
745  	 l_message VARCHAR2(4000 CHAR);
746    BEGIN
747  	 l_message := otap_constants.OTAP_INTERNAL_ERROR;
748  	 -- execute the wrapped function in an extra block
749  	 BEGIN
750  	   l_message := otap_report.get_error_result_header(p_test_name, p_min_fill, p_language_id);
751  	 EXCEPTION
752  	   WHEN OTHERS THEN
753  	     -- consume error
754  	     otap_log.log(SQLERRM, l_script, 'Calling otap_report.get_error_result_header');
755  	     l_message := otap_string.reduce('Internal otap error get error result header: ' || SQLERRM, 4000);
756  	 END;
757  	 -- return or let exception happen
758  	 RETURN l_message;
759    END get_error_result_header;
760  
761    FUNCTION get_error_details( p_test_desc	 IN VARCHAR2 DEFAULT otap_constants.OTAP_INTERNAL_NA
762  				 , p_error_info  IN VARCHAR2 DEFAULT otap_constants.OTAP_INTERNAL_NA
763  				 , p_min_fill	 IN INTEGER  DEFAULT otap_constants.OTAP_NUM_MIN_FILL_LENGTH
764  				 , p_language_id IN VARCHAR2 DEFAULT otap_constants.OTAP_INTERNAL_NA
765  				 )
766  	 RETURN VARCHAR2
767    IS
768  	 l_script  VARCHAR2(1024 CHAR) := 'otap_api.get_error_details';
769  	 l_message VARCHAR2(4000 CHAR);
770    BEGIN
771  	 l_message := otap_constants.OTAP_INTERNAL_ERROR;
772  	 -- execute the wrapped function in an extra block
773  	 BEGIN
774  	   l_message := otap_report.get_error_details(p_test_desc, p_error_info, p_min_fill, p_language_id);
775  	 EXCEPTION
776  	   WHEN OTHERS THEN
777  	     -- consume error
778  	     otap_log.log(SQLERRM, l_script, 'Calling otap_report.get_error_details');
779  	     l_message := otap_string.reduce('Internal otap error get error details: ' || SQLERRM, 4000);
780  	 END;
781  	 -- return or let exception happen
782  	 RETURN l_message;
783    END get_error_details;
784  
785    FUNCTION get_no_data_text( p_session_id	IN NUMBER
786  				, p_min_fill	IN INTEGER  DEFAULT otap_constants.OTAP_NUM_MIN_FILL_LENGTH
787  				, p_language_id IN VARCHAR2 DEFAULT otap_constants.OTAP_INTERNAL_NA
788  				)
789  	 RETURN VARCHAR2
790    IS
791  	 l_script  VARCHAR2(1024 CHAR) := 'otap_api.get_no_data_text';
792  	 l_message VARCHAR2(4000 CHAR);
793    BEGIN
794  	 l_message := otap_constants.OTAP_INTERNAL_ERROR;
795  	 -- execute the wrapped function in an extra block
796  	 BEGIN
797  	   l_message := otap_report.get_no_data_text(p_session_id, p_min_fill, p_language_id);
798  	 EXCEPTION
799  	   WHEN OTHERS THEN
800  	     -- consume error
801  	     otap_log.log(SQLERRM, l_script, 'Calling otap_report.get_no_data_text');
802  	     l_message := otap_string.reduce('Internal otap error get no data text: ' || SQLERRM, 4000);
803  	 END;
804  	 -- return or let exception happen
805  	 RETURN l_message;
806    END get_no_data_text;
807  
808    FUNCTION get_report_footer( p_min_fill	 IN INTEGER  DEFAULT otap_constants.OTAP_NUM_MIN_FILL_LENGTH
809  				 , p_language_id IN VARCHAR2 DEFAULT otap_constants.OTAP_INTERNAL_NA
810  				 )
811  	 RETURN VARCHAR2
812    IS
813  	 l_script  VARCHAR2(1024 CHAR) := 'otap_api.get_report_footer';
814  	 l_message VARCHAR2(4000 CHAR);
815    BEGIN
816  	 l_message := otap_constants.OTAP_INTERNAL_ERROR;
817  	 -- execute the wrapped function in an extra block
818  	 BEGIN
819  	   l_message := otap_report.get_report_footer(p_min_fill, p_language_id);
820  	 EXCEPTION
821  	   WHEN OTHERS THEN
822  	     -- consume error
823  	     otap_log.log(SQLERRM, l_script, 'Calling otap_report.get_report_footer');
824  	     l_message := otap_string.reduce('Internal otap error get report footer: ' || SQLERRM, 4000);
825  	 END;
826  	 -- return or let exception happen
827  	 RETURN l_message;
828    END get_report_footer;
829  
830    FUNCTION get_version_info( p_info	IN VARCHAR2
831  				, p_min_fill	IN INTEGER  DEFAULT otap_constants.OTAP_NUM_MIN_FILL_LENGTH
832  				)
833  	 RETURN VARCHAR2
834    IS
835  	 l_script  VARCHAR2(1024 CHAR) := 'otap_api.get_version_info';
836  	 l_message VARCHAR2(4000 CHAR);
837    BEGIN
838  	 l_message := otap_constants.OTAP_INTERNAL_ERROR;
839  	 -- execute the wrapped function in an extra block
840  	 BEGIN
841  	   l_message := otap_string.decorate_blank(p_info, p_min_fill);
842  	 EXCEPTION
843  	   WHEN OTHERS THEN
844  	     -- consume error
845  	     otap_log.log(SQLERRM, l_script, 'Calling otap_report.get_version_info');
846  	     l_message := otap_string.reduce('Internal otap error get version info: ' || SQLERRM, 4000);
847  	 END;
848  	 -- return or let exception happen
849  	 RETURN l_message;
850    END get_version_info;
851  
852    FUNCTION flatten( p_string VARCHAR2 DEFAULT NULL
853  		       , p_size   INTEGER  DEFAULT 0
854  		       )
855  	 RETURN VARCHAR2
856    IS
857  	 l_script  VARCHAR2(1024 CHAR) := 'otap_api.flatten';
858  	 l_message VARCHAR2(4000 CHAR);
859    BEGIN
860  	 l_message := otap_constants.OTAP_INTERNAL_ERROR;
861  	 -- execute the wrapped function in an extra block
862  	 BEGIN
863  	   l_message := otap_string.flatten(p_string, p_size);
864  	 EXCEPTION
865  	   WHEN OTHERS THEN
866  	     -- consume error
867  	     otap_log.log(SQLERRM, l_script, 'Calling otap_string.flatten');
868  	     l_message := otap_string.reduce('Internal otap error flatten string: ' || SQLERRM, 4000);
869  	 END;
870  	 -- return or let exception happen
871  	 RETURN l_message;
872    END flatten;
873  
874    FUNCTION get_test_count_header( p_min_fill    IN INTEGER DEFAULT otap_constants.OTAP_NUM_MIN_FILL_LENGTH
875  				     , p_language_id IN VARCHAR2 DEFAULT otap_constants.OTAP_INTERNAL_NA
876  				     )
877  	 RETURN VARCHAR2
878    IS
879  	 l_script  VARCHAR2(1024 CHAR) := 'otap_api.get_test_count_header';
880  	 l_message VARCHAR2(4000 CHAR);
881    BEGIN
882  	 l_message := otap_constants.OTAP_INTERNAL_ERROR;
883  	 -- execute the wrapped function in an extra block
884  	 BEGIN
885  	   l_message := otap_report.get_test_count_header(p_min_fill, p_language_id);
886  	 EXCEPTION
887  	   WHEN OTHERS THEN
888  	     -- consume error
889  	     otap_log.log(SQLERRM, l_script, 'Calling otap_report.get_test_count_header');
890  	     l_message := otap_string.reduce('Internal otap error get test count header: ' || SQLERRM, 4000);
891  	 END;
892  	 -- return or let exception happen
893  	 RETURN l_message;
894    END get_test_count_header;
895  
896    FUNCTION get_report_total( p_min_fill	IN INTEGER  DEFAULT otap_constants.OTAP_NUM_MIN_FILL_LENGTH
897  				, p_language_id IN VARCHAR2 DEFAULT otap_constants.OTAP_INTERNAL_NA
898  				)
899  	 RETURN VARCHAR2
900    IS
901  	 l_script  VARCHAR2(1024 CHAR) := 'otap_api.get_report_total';
902  	 l_message VARCHAR2(4000 CHAR);
903    BEGIN
904  	 l_message := otap_constants.OTAP_INTERNAL_ERROR;
905  	 -- execute the wrapped function in an extra block
906  	 BEGIN
907  	   l_message := otap_report.get_report_total(p_min_fill, p_language_id);
908  	 EXCEPTION
909  	   WHEN OTHERS THEN
910  	     -- consume error
911  	     otap_log.log(SQLERRM, l_script, 'Calling otap_report.get_report_total');
912  	     l_message := otap_string.reduce('Internal otap error get total header: ' || SQLERRM, 4000);
913  	 END;
914  	 -- return or let exception happen
915  	 RETURN l_message;
916    END get_report_total;
917  
918    FUNCTION get_report_total_details( p_sets	 IN INTEGER  DEFAULT 0
919  					, p_groups	 IN INTEGER  DEFAULT 0
920  					, p_names	 IN INTEGER  DEFAULT 0
921  					, p_descriptions IN INTEGER  DEFAULT 0
922  					, p_min_fill	 IN INTEGER  DEFAULT otap_constants.OTAP_NUM_MIN_FILL_LENGTH
923  					, p_language_id  IN VARCHAR2 DEFAULT otap_constants.OTAP_INTERNAL_NA
924  					)
925  	 RETURN VARCHAR2
926    IS
927  	 l_script  VARCHAR2(1024 CHAR) := 'otap_api.get_report_total_details';
928  	 l_message VARCHAR2(4000 CHAR);
929    BEGIN
930  	 l_message := otap_constants.OTAP_INTERNAL_ERROR;
931  	 -- execute the wrapped function in an extra block
932  	 BEGIN
933  	   l_message := otap_report.get_report_total_details(p_sets, p_groups, p_names, p_descriptions, p_min_fill, p_language_id);
934  	 EXCEPTION
935  	   WHEN OTHERS THEN
936  	     -- consume error
937  	     otap_log.log(SQLERRM, l_script, 'Calling otap_report.get_report_total_details');
938  	     l_message := otap_string.reduce('Internal otap error get total details: ' || SQLERRM, 4000);
939  	 END;
940  	 -- return or let exception happen
941  	 RETURN l_message;
942    END get_report_total_details;
943  
944    FUNCTION result_view( p_session_id   IN NUMBER
945  			   , p_language_id  IN VARCHAR2 DEFAULT otap_constants.OTAP_INTERNAL_NA
946  			   )
947  	 RETURN otap_view_result_tbl PIPELINED
948    IS
949  	 l_delim_updown VARCHAR2(1 CHAR) := '=';
950  	 l_delim_tests	VARCHAR2(1 CHAR) := '-';
951  	 l_text_column	VARCHAR2(4000 CHAR);
952  	 l_setup_set	VARCHAR2(256 CHAR);
953  	 l_setup_group	VARCHAR2(256 CHAR);
954  	 l_setup_name	VARCHAR2(256 CHAR);
955  	 l_has_errors	INTEGER;
956  	 l_has_records	INTEGER;
957  	 l_report_size	INTEGER;
958  	 CURSOR cur_test_sets( cp_session_id  IN NUMBER
959  			     , cp_setup_set   IN VARCHAR2
960  			     )
961  	 IS
962  	   SELECT test_set
963  		, COUNT(*) AS test_runs
964  		, SUM(CASE WHEN test_passed = -1 THEN 1 ELSE 0 END) AS test_errors
965  		, SUM(CASE WHEN test_errors IS NOT NULL THEN 1 ELSE 0 END) AS setup_errors
966  		, CAST((MAX(test_end) - MIN(test_start)) AS INTERVAL DAY(2) TO SECOND) AS run_time
967  		, CAST(SUM(test_end - test_start) AS INTERVAL DAY(2) TO SECOND) AS exec_time
968  	     FROM otap_results
969  	    WHERE test_session_id = cp_session_id
970  	      AND test_set	 != cp_setup_set
971  	    GROUP BY test_set
972  	    ORDER BY MIN(test_run_date)
973  	 ;
974  	 CURSOR cur_test_groups( cp_session_id	IN NUMBER
975  			       , cp_test_set	IN VARCHAR2
976  			       , cp_setup_group IN VARCHAR2
977  			       )
978  	 IS
979  	   SELECT test_group
980  		, COUNT(*) AS test_runs
981  		, SUM(CASE WHEN test_passed = -1 THEN 1 ELSE 0 END) AS test_errors
982  		, SUM(CASE WHEN test_errors IS NOT NULL THEN 1 ELSE 0 END) AS setup_errors
983  		, CAST((MAX(test_end) - MIN(test_start)) AS INTERVAL DAY(2) TO SECOND) AS run_time
984  		, CAST(SUM(test_end - test_start) AS INTERVAL DAY(2) TO SECOND) AS exec_time
985  	     FROM otap_results
986  	    WHERE test_session_id = cp_session_id
987  	      AND test_set	  = cp_test_set
988  	      AND test_group	 != cp_setup_group
989  	    GROUP BY test_group
990  	    ORDER BY MIN(test_run_date)
991  	 ;
992  	 CURSOR cur_test_names( cp_session_id  IN NUMBER
993  			      , cp_test_set    IN VARCHAR2
994  			      , cp_test_group  IN VARCHAR2
995  			      , cp_setup_name  IN VARCHAR2
996  			      )
997  	 IS
998  	   SELECT test_name
999  		, COUNT(*) AS test_runs
1000  		 , SUM(CASE WHEN test_passed = -1 THEN 1 ELSE 0 END) AS test_errors
1001  		 , SUM(CASE WHEN test_errors IS NOT NULL THEN 1 ELSE 0 END) AS setup_errors
1002  		 , CAST((MAX(test_end) - MIN(test_start)) AS INTERVAL DAY(2) TO SECOND) AS run_time
1003  		 , CAST(SUM(test_end - test_start) AS INTERVAL DAY(2) TO SECOND) AS exec_time
1004  	      FROM otap_results
1005  	     WHERE test_session_id = cp_session_id
1006  	       AND test_set	   = cp_test_set
1007  	       AND test_group	   = cp_test_group
1008  	       AND test_name	  != cp_setup_name
1009  	     GROUP BY test_name
1010  	     ORDER BY MIN(test_run_date)
1011  	  ;
1012  	  CURSOR cur_setup_sets( cp_session_id	IN NUMBER
1013  			       , cp_setup_set	IN VARCHAR2
1014  			       )
1015  	  IS
1016  	    SELECT test_set
1017  		 , COUNT(*) AS test_runs
1018  		 , SUM(CASE WHEN test_passed = -1 THEN 1 ELSE 0 END) AS test_errors
1019  		 , SUM(CASE WHEN test_errors IS NOT NULL THEN 1 ELSE 0 END) AS setup_errors
1020  		 , CAST((MAX(test_end) - MIN(test_start)) AS INTERVAL DAY(2) TO SECOND) AS run_time
1021  		 , CAST(SUM(test_end - test_start) AS INTERVAL DAY(2) TO SECOND) AS exec_time
1022  	      FROM otap_results
1023  	     WHERE test_session_id = cp_session_id
1024  	       AND test_set	   = cp_setup_set
1025  	     GROUP BY test_set
1026  	     ORDER BY MIN(test_run_date)
1027  	  ;
1028  	  CURSOR cur_setup_groups( cp_session_id  IN NUMBER
1029  				 , cp_test_set	  IN VARCHAR2
1030  				 , cp_setup_group IN VARCHAR2
1031  				 )
1032  	  IS
1033  	    SELECT test_group
1034  		 , COUNT(*) AS test_runs
1035  		 , SUM(CASE WHEN test_passed = -1 THEN 1 ELSE 0 END) AS test_errors
1036  		 , SUM(CASE WHEN test_errors IS NOT NULL THEN 1 ELSE 0 END) AS setup_errors
1037  		 , CAST((MAX(test_end) - MIN(test_start)) AS INTERVAL DAY(2) TO SECOND) AS run_time
1038  		 , CAST(SUM(test_end - test_start) AS INTERVAL DAY(2) TO SECOND) AS exec_time
1039  	      FROM otap_results
1040  	     WHERE test_session_id = cp_session_id
1041  	       AND test_set	   = cp_test_set
1042  	       AND test_group	   = cp_setup_group
1043  	     GROUP BY test_group
1044  	     ORDER BY MIN(test_run_date)
1045  	  ;
1046  	  CURSOR cur_setup_names( cp_session_id  IN NUMBER
1047  				, cp_test_set	 IN VARCHAR2
1048  				, cp_test_group  IN VARCHAR2
1049  				, cp_setup_name  IN VARCHAR2
1050  				)
1051  	  IS
1052  	    SELECT test_name
1053  		 , COUNT(*) AS test_runs
1054  		 , SUM(CASE WHEN test_passed = -1 THEN 1 ELSE 0 END) AS test_errors
1055  		 , SUM(CASE WHEN test_errors IS NOT NULL THEN 1 ELSE 0 END) AS setup_errors
1056  		 , CAST((MAX(test_end) - MIN(test_start)) AS INTERVAL DAY(2) TO SECOND) AS run_time
1057  		 , CAST(SUM(test_end - test_start) AS INTERVAL DAY(2) TO SECOND) AS exec_time
1058  	      FROM otap_results
1059  	     WHERE test_session_id = cp_session_id
1060  	       AND test_set	   = cp_test_set
1061  	       AND test_group	   = cp_test_group
1062  	       AND test_name	   = cp_setup_name
1063  	     GROUP BY test_name
1064  	     ORDER BY MIN(test_run_date)
1065  	  ;
1066  	  CURSOR cur_session_total(cp_session_id  IN NUMBER)
1067  	  IS
1068  	    SELECT test_session_id
1069  		 , COUNT(DISTINCT test_set) AS test_sets
1070  		 , COUNT(DISTINCT test_group) AS test_groups
1071  		 , COUNT(DISTINCT test_name) AS test_names
1072  		 , COUNT(DISTINCT test_desc) AS test_descs
1073  		 , COUNT(*) AS test_runs
1074  		 , SUM(CASE WHEN test_passed = -1 THEN 1 ELSE 0 END) AS test_errors
1075  		 , SUM(CASE WHEN test_errors IS NOT NULL THEN 1 ELSE 0 END) AS setup_errors
1076  		 , CAST((MAX(test_end) - MIN(test_start)) AS INTERVAL DAY(2) TO SECOND) AS run_time
1077  		 , CAST(SUM(test_end - test_start) AS INTERVAL DAY(2) TO SECOND) AS exec_time
1078  	      FROM otap_results
1079  	     WHERE test_session_id = cp_session_id
1080  	     GROUP BY test_session_id
1081  	     ORDER BY MIN(test_run_date)
1082  	  ;
1083  	  CURSOR cur_tests( cp_session_id  IN NUMBER
1084  			  , cp_test_set    IN VARCHAR2
1085  			  , cp_test_group  IN VARCHAR2
1086  			  , cp_test_name   IN VARCHAR2
1087  			  , cp_language_id IN VARCHAR2
1088  			  )
1089  	  IS
1090  	    SELECT test_desc
1091  		 , test_passed
1092  		 , otap_api.test_result_to_text(test_passed, cp_language_id) AS test_state
1093  		 , CAST((test_end - test_start) AS INTERVAL DAY(2) TO SECOND) AS run_time
1094  		 , test_errors
1095  		 , otap_api.test_result_to_text(CASE WHEN test_errors IS NULL THEN 1 ELSE -1 END, cp_language_id) AS issue_state
1096  	      FROM otap_results
1097  	     WHERE test_session_id = cp_session_id
1098  	       AND test_set	   = cp_test_set
1099  	       AND test_group	   = cp_test_group
1100  	       AND test_name	   = cp_test_name
1101  	     ORDER BY test_run_date
1102  	  ;
1103  	BEGIN
1104  	  l_setup_set	:= otap_util.get_config_value(otap_util.CFG_TEXT_TEST_SETUP_SET, p_language_id);
1105  	  l_setup_group := otap_util.get_config_value(otap_util.CFG_TEXT_TEST_SETUP_GROUP, p_language_id);
1106  	  l_setup_name	:= otap_util.get_config_value(otap_util.CFG_TEXT_TEST_SETUP_NAME, p_language_id);
1107  	  l_report_size := otap_api.max_text_size(p_session_id, p_language_id);
1108  	  -- header row
1109  	  l_text_column := otap_api.get_report_header(l_report_size, p_language_id);
1110  	  PIPE ROW (otap_view_result_rec(l_text_column, NULL));
1111  	  l_text_column := otap_api.get_session_id_text(p_session_id, l_report_size);
1112  	  PIPE ROW (otap_view_result_rec(l_text_column, NULL));
1113  	  -- check for records
1114  	  SELECT COUNT(*) INTO l_has_records FROM otap_results WHERE test_session_id = p_session_id;
1115  	  IF l_has_records > 0
1116  	  THEN
1117  	    -- loop through the set
1118  	    FOR rec_set IN cur_test_sets(p_session_id, l_setup_set)
1119  	    LOOP
1120  	      -- build test set column
1121  	      l_text_column := otap_api.get_set_text(rec_set.test_set, l_report_size, p_language_id);
1122  	      PIPE ROW (otap_view_result_rec(l_text_column, NULL));
1123  	      -- build test set summary
1124  	      l_text_column := otap_api.get_summary_header(l_report_size, p_language_id);
1125  	      PIPE ROW (otap_view_result_rec(l_text_column, NULL));
1126  	      l_text_column := otap_api.get_summary(rec_set.run_time, rec_set.exec_time, rec_set.test_runs, rec_set.test_errors, rec_set.setup_errors, l_report_size, p_language_id);
1127  	      PIPE ROW (otap_view_result_rec(l_text_column, NULL));
1128  	      -- loop through the group
1129  	      FOR rec_grp IN cur_test_groups(p_session_id, rec_set.test_set, l_setup_group)
1130  	      LOOP
1131  		l_text_column := otap_api.get_group_text(rec_grp.test_group, l_report_size, p_language_id);
1132  		PIPE ROW (otap_view_result_rec(l_text_column, NULL));
1133  		-- build test set summary
1134  		l_text_column := otap_api.get_summary_header(l_report_size, p_language_id);
1135  		PIPE ROW (otap_view_result_rec(l_text_column, NULL));
1136  		l_text_column := otap_api.get_summary(rec_grp.run_time, rec_grp.exec_time, rec_grp.test_runs, rec_grp.test_errors, rec_grp.setup_errors, l_report_size, p_language_id);
1137  		PIPE ROW (otap_view_result_rec(l_text_column, NULL));
1138  		-- loop through the names
1139  		FOR rec_nam IN cur_test_names(p_session_id, rec_set.test_set, rec_grp.test_group, l_setup_name)
1140  		LOOP
1141  		  l_text_column := otap_api.get_test_name_text(rec_nam.test_name, l_report_size, p_language_id);
1142  		  PIPE ROW (otap_view_result_rec(l_text_column, NULL));
1143  		  -- build test set summary
1144  		  l_text_column := otap_api.get_summary_header(l_report_size, p_language_id);
1145  		  PIPE ROW (otap_view_result_rec(l_text_column, NULL));
1146  		  l_text_column := otap_api.get_summary(rec_nam.run_time, rec_nam.exec_time, rec_nam.test_runs, rec_nam.test_errors, rec_nam.setup_errors, l_report_size, p_language_id);
1147  		  PIPE ROW (otap_view_result_rec(l_text_column, NULL));
1148  		  -- build header
1149  		  l_text_column := otap_api.get_result_header(l_report_size, p_language_id);
1150  		  PIPE ROW (otap_view_result_rec(l_text_column, NULL));
1151  		  --l_text_column := otap_api.get_result_underline(l_report_size, p_language_id);
1152  		  --PIPE ROW (otap_view_result_rec(l_text_column, NULL));
1153  		  -- loop through the tests
1154  		  FOR rec_tst IN cur_tests(p_session_id, rec_set.test_set, rec_grp.test_group, rec_nam.test_name, p_language_id)
1155  		  LOOP
1156  		    l_text_column := otap_api.get_result_line(rec_tst.test_state, rec_tst.issue_state, rec_tst.run_time, rec_tst.test_desc, l_report_size, p_language_id);
1157  		    PIPE ROW (otap_view_result_rec(l_text_column, rec_tst.test_errors));
1158  		  END LOOP;
1159  		  SELECT COUNT(*)
1160  		    INTO l_has_errors
1161  		    FROM otap_results
1162  		   WHERE test_session_id = p_session_id
1163  		     AND test_set	 = rec_set.test_set
1164  		     AND test_group	 = rec_grp.test_group
1165  		     AND test_name	 = rec_nam.test_name
1166  		     AND test_errors	IS NOT NULL
1167  		  ;
1168  		  IF l_has_errors > 0
1169  		  THEN
1170  		    -- build error delimiter for tests
1171  		    l_text_column := otap_api.get_error_result_header(rec_nam.test_name, l_report_size, p_language_id);
1172  		    PIPE ROW (otap_view_result_rec(l_text_column, NULL));
1173  		    FOR rec_tst IN cur_tests(p_session_id, rec_set.test_set, rec_grp.test_group, rec_nam.test_name, p_language_id)
1174  		    LOOP
1175  		      IF rec_tst.test_errors IS NOT NULL
1176  		      THEN
1177  			l_text_column := otap_api.get_error_details(rec_tst.test_desc, otap_api.flatten(rec_tst.test_errors, 4000), l_report_size, p_language_id);
1178  			PIPE ROW (otap_view_result_rec(l_text_column, rec_tst.test_errors));
1179  		      END IF;
1180  		    END LOOP;
1181  		  END IF;
1182  		END LOOP;
1183  	      END LOOP;
1184  	    END LOOP;
1185  	    -- no loop through the test setup checks like count if exists
1186  	    FOR rec_set IN cur_setup_sets(p_session_id, l_setup_set)
1187  	    LOOP
1188  	      -- build test set column
1189  	      l_text_column := otap_api.get_set_text(rec_set.test_set, l_report_size, p_language_id);
1190  	      PIPE ROW (otap_view_result_rec(l_text_column, NULL));
1191  	      -- build test set summary
1192  	      l_text_column := otap_api.get_summary_header(l_report_size, p_language_id);
1193  	      PIPE ROW (otap_view_result_rec(l_text_column, NULL));
1194  	      l_text_column := otap_api.get_summary(rec_set.run_time, rec_set.exec_time, rec_set.test_runs, rec_set.test_errors, rec_set.setup_errors, l_report_size, p_language_id);
1195  	      PIPE ROW (otap_view_result_rec(l_text_column, NULL));
1196  	      -- loop through the group
1197  	      FOR rec_grp IN cur_setup_groups(p_session_id, rec_set.test_set, l_setup_group)
1198  	      LOOP
1199  		l_text_column := otap_api.get_group_text(rec_grp.test_group, l_report_size, p_language_id);
1200  		PIPE ROW (otap_view_result_rec(l_text_column, NULL));
1201  		-- build test set summary
1202  		l_text_column := otap_api.get_summary(rec_grp.run_time, rec_grp.exec_time, rec_grp.test_runs, rec_grp.test_errors, rec_grp.setup_errors, l_report_size, p_language_id);
1203  		PIPE ROW (otap_view_result_rec(l_text_column, NULL));
1204  		-- loop through the names
1205  		FOR rec_nam IN cur_setup_names(p_session_id, rec_set.test_set, rec_grp.test_group, l_setup_name)
1206  		LOOP
1207  		  l_text_column := otap_api.get_test_name_text(rec_nam.test_name, l_report_size, p_language_id);
1208  		  PIPE ROW (otap_view_result_rec(l_text_column, NULL));
1209  		  -- build test set summary
1210  		  l_text_column := otap_api.get_summary_header(l_report_size, p_language_id);
1211  		  PIPE ROW (otap_view_result_rec(l_text_column, NULL));
1212  		  l_text_column := otap_api.get_summary(rec_nam.run_time, rec_nam.exec_time, rec_nam.test_runs, rec_nam.test_errors, rec_nam.setup_errors, l_report_size, p_language_id);
1213  		  PIPE ROW (otap_view_result_rec(l_text_column, NULL));
1214  		  -- build header
1215  		  l_text_column := otap_api.get_result_header(l_report_size, p_language_id);
1216  		  PIPE ROW (otap_view_result_rec(l_text_column, NULL));
1217  		  --l_text_column := otap_api.get_result_underline(l_report_size, p_language_id);
1218  		  --PIPE ROW (otap_view_result_rec(l_text_column, NULL));
1219  		  -- loop through the tests
1220  		  FOR rec_tst IN cur_tests(p_session_id, rec_set.test_set, rec_grp.test_group, rec_nam.test_name, p_language_id)
1221  		  LOOP
1222  		    l_text_column := otap_api.get_result_line(rec_tst.test_state, rec_tst.issue_state, rec_tst.run_time, rec_tst.test_desc, l_report_size, p_language_id);
1223  		    PIPE ROW (otap_view_result_rec(l_text_column, rec_tst.test_errors));
1224  		  END LOOP;
1225  		  SELECT COUNT(*)
1226  		    INTO l_has_errors
1227  		    FROM otap_results
1228  		   WHERE test_session_id = p_session_id
1229  		     AND test_set	 = rec_set.test_set
1230  		     AND test_group	 = rec_grp.test_group
1231  		     AND test_name	 = rec_nam.test_name
1232  		     AND test_errors	IS NOT NULL
1233  		  ;
1234  		  IF l_has_errors > 0
1235  		  THEN
1236  		    -- build error delimiter for tests
1237  		    l_text_column := otap_api.get_error_result_header(rec_nam.test_name, l_report_size, p_language_id);
1238  		    PIPE ROW (otap_view_result_rec(l_text_column, NULL));
1239  		    FOR rec_tst IN cur_tests(p_session_id, rec_set.test_set, rec_grp.test_group, rec_nam.test_name, p_language_id)
1240  		    LOOP
1241  		      IF rec_tst.test_errors IS NOT NULL
1242  		      THEN
1243  			l_text_column := otap_api.get_error_details(rec_tst.test_desc, otap_api.flatten(rec_tst.test_errors, 4000), l_report_size, p_language_id);
1244  			PIPE ROW (otap_view_result_rec(l_text_column, rec_tst.test_errors));
1245  		      END IF;
1246  		    END LOOP;
1247  		  END IF;
1248  		END LOOP;
1249  	      END LOOP;
1250  	    END LOOP;
1251  	    -- eventually build the totals for the test session
1252  	    l_text_column := otap_api.get_report_total(l_report_size, p_language_id);
1253  	    PIPE ROW (otap_view_result_rec(l_text_column, NULL));
1254  	    FOR rec IN cur_session_total(p_session_id)
1255  	    LOOP
1256  	      l_text_column := otap_api.get_report_total_details(rec.test_sets, rec.test_groups, rec.test_names, rec.test_descs, l_report_size, p_language_id);
1257  	      PIPE ROW (otap_view_result_rec(l_text_column, NULL));
1258  	      l_text_column := otap_api.get_summary_header(l_report_size, p_language_id);
1259  	      PIPE ROW (otap_view_result_rec(l_text_column, NULL));
1260  	      l_text_column := otap_api.get_summary(rec.run_time, rec.exec_time, rec.test_runs, rec.test_errors, rec.setup_errors, l_report_size, p_language_id);
1261  	      PIPE ROW (otap_view_result_rec(l_text_column, NULL));
1262  	    END LOOP;
1263  	  ELSE
1264  	    l_text_column := otap_api.get_no_data_text(p_session_id, l_report_size, p_language_id);
1265  	    PIPE ROW (otap_view_result_rec(l_text_column, NULL));
1266  	  END IF;
1267  	  -- footer row
1268  	  l_text_column := otap_api.get_report_footer(l_report_size, p_language_id);
1269  	  PIPE ROW (otap_view_result_rec(l_text_column, NULL));
1270  	  -- add AI and copyright
1271  	  l_text_column := otap_api.get_version_info(otap_constants.OTAP_INTERNAL_NAME, l_report_size);
1272  	  PIPE ROW (otap_view_result_rec(l_text_column, NULL));
1273  	  l_text_column := otap_api.get_version_info(otap_constants.OTAP_INTERNAL_VERSION_NR, l_report_size);
1274  	  PIPE ROW (otap_view_result_rec(l_text_column, NULL));
1275  	  l_text_column := otap_api.get_version_info(otap_constants.OTAP_INTERNAL_COPYRIGHT1, l_report_size);
1276  	  PIPE ROW (otap_view_result_rec(l_text_column, NULL));
1277  	  l_text_column := otap_api.get_version_info(otap_constants.OTAP_INTERNAL_COPYRIGHT2, l_report_size);
1278  	  PIPE ROW (otap_view_result_rec(l_text_column, NULL));
1279  	  l_text_column := otap_api.get_version_info(otap_constants.OTAP_INTERNAL_COPYRIGHT3, l_report_size);
1280  	  PIPE ROW (otap_view_result_rec(l_text_column, NULL));
1281  	  RETURN;
1282  	EXCEPTION
1283  	  WHEN NO_DATA_NEEDED THEN
1284  	    RAISE;
1285  	  WHEN OTHERS THEN
1286  	    IF SQLCODE != -20099
1287  	    THEN
1288  	      otap_log.log(SQLERRM, 'otap_api.result_view', 'Unhandled exception otap_api.result_view');
1289  	    END IF;
1290  	    RAISE;
1291  	END result_view;
1292  
1293  	-- test functions
1294  
1295  	FUNCTION has_table( p_table_name      IN	    VARCHAR2
1296  			  , o_otap_session    IN OUT NOCOPY OTAP_SESSION
1297  			  , p_schema	      IN	    VARCHAR2	 DEFAULT NULL
1298  			  , p_description     IN	    VARCHAR2	 DEFAULT NULL
1299  			  , p_expected_result IN	    NUMBER	 DEFAULT otap_constants.OTAP_NUM_TEST_PASSED
1300  			  )
1301  	  RETURN VARCHAR2
1302  	IS
1303  	  l_script	     VARCHAR2(1024 CHAR)		  := 'otap_api.has_table';
1304  	  l_start	     TIMESTAMP;
1305  	  l_result	     INTEGER;
1306  	  l_return	     VARCHAR2(4000 CHAR);
1307  	  l_errors	     otap_results.test_errors%TYPE;
1308  	  l_schema	     otap_results.db_schema%TYPE;
1309  	  l_desc	     otap_results.test_desc%TYPE;
1310  	BEGIN
1311  	  l_start  := SYSTIMESTAMP;
1312  	  -- default return
1313  	  l_return := otap_util.test_result_to_text(otap_constants.OTAP_NUM_TEST_UNDEFINED, o_otap_session.session_language) || ' ' || otap_constants.OTAP_INTERNAL_NA;
1314  	  -- own begin-end for the transaction after the function
1315  	  BEGIN
1316  	    -- own begin-end block for the function itself and prepare
1317  	    BEGIN
1318  	      l_schema := TRIM(NVL(p_schema, o_otap_session.db_schema));
1319  	      l_desc   := otap_string.reduce( otap_report.get_exists_msg( p_object_name => p_table_name
1320  									, p_schema_name => l_schema
1321  									, p_object_type => otap_util.CFG_LABEL_TABLE
1322  									, p_sub_object => NULL
1323  									, p_test_desc => p_description
1324  									, p_language_id => o_otap_session.session_language
1325  									)
1326  					    , 256
1327  					    )
1328  	      ;
1329  	      -- call function
1330  	      l_result := otap_schema.has_table( p_table_name
1331  					       , l_errors
1332  					       , l_schema
1333  					       , p_expected_result
1334  					       )
1335  	      ;
1336  	    EXCEPTION
1337  	      WHEN OTHERS THEN
1338  	      -- consume error
1339  	      l_result := otap_constants.OTAP_NUM_TEST_UNDEFINED;
1340  	      l_errors := otap_string.reduce('Internal error ' || l_script || ': ' || SQLERRM, 4000);
1341  	      otap_log.log(SQLERRM, l_script, 'Execute ' || l_script || ' function');
1342  	    END;
1343  	    -- write result
1344  	    l_return := otap_plan.write_test_result(l_desc, o_otap_session, l_schema, l_result, l_start, l_errors);
1345  	  EXCEPTION
1346  	    WHEN OTHERS THEN
1347  	      -- consume error
1348  	      l_result := otap_constants.OTAP_NUM_TEST_UNDEFINED;
1349  	      l_errors := otap_string.reduce('Internal error ' || l_script || ': ' || SQLERRM, 4000);
1350  	      otap_log.log(SQLERRM, l_script, 'Execute ' || l_script || ' function');
1351  	      -- try again
1352  	      l_return := otap_plan.write_test_result(l_desc, o_otap_session, l_schema, l_result, l_start, l_errors);
1353  	  END;
1354  	  -- return result or let exception happen
1355  	  RETURN l_return;
1356  	END has_table;
1357  
1358  	FUNCTION has_column( p_table_name      IN	     VARCHAR2
1359  			   , p_column_name     IN	     VARCHAR2
1360  			   , o_otap_session    IN OUT NOCOPY OTAP_SESSION
1361  			   , p_schema	       IN	     VARCHAR2	  DEFAULT NULL
1362  			   , p_description     IN	     VARCHAR2	  DEFAULT NULL
1363  			   , p_data_type       IN	     VARCHAR2	  DEFAULT NULL
1364  			   , p_data_length     IN	     NUMBER	  DEFAULT NULL
1365  			   , p_data_precision  IN	     NUMBER	  DEFAULT NULL
1366  			   , p_data_scale      IN	     NUMBER	  DEFAULT NULL
1367  			   , p_nullable        IN	     VARCHAR2	  DEFAULT NULL
1368  			   , p_data_default    IN	     VARCHAR2	  DEFAULT NULL
1369  			   , p_expected_result IN	     NUMBER	  DEFAULT otap_constants.OTAP_NUM_TEST_PASSED
1370  			   )
1371  	  RETURN VARCHAR2
1372  	IS
1373  	  l_script	     VARCHAR2(1024 CHAR)		  := 'otap_api.has_column';
1374  	  l_start	     TIMESTAMP;
1375  	  l_result	     INTEGER;
1376  	  l_return	     VARCHAR2(4000 CHAR);
1377  	  l_errors	     otap_results.test_errors%TYPE;
1378  	  l_schema	     otap_results.db_schema%TYPE;
1379  	  l_desc	     otap_results.test_desc%TYPE;
1380  	BEGIN
1381  	  l_start  := SYSTIMESTAMP;
1382  	  -- default return
1383  	  l_return := otap_util.test_result_to_text(otap_constants.OTAP_NUM_TEST_UNDEFINED, o_otap_session.session_language) || ' ' || otap_constants.OTAP_INTERNAL_NA;
1384  	  -- own begin-end for the transaction after the function
1385  	  BEGIN
1386  	    -- own begin-end block for the function itself and prepare
1387  	    BEGIN
1388  	      l_schema := TRIM(NVL(p_schema, o_otap_session.db_schema));
1389  	      l_desc   := otap_string.reduce( otap_report.get_exists_msg( p_object_name => p_table_name
1390  									, p_schema_name => l_schema
1391  									, p_object_type => otap_util.CFG_LABEL_COLUMN
1392  									, p_sub_object => p_column_name
1393  									, p_test_desc => p_description
1394  									, p_language_id => o_otap_session.session_language
1395  									)
1396  					    , 256
1397  					    )
1398  	      ;
1399  	      -- call function
1400  	      l_result := otap_schema.has_column( p_table_name
1401  						, p_column_name
1402  						, l_errors
1403  						, l_schema
1404  						, p_data_type
1405  						, p_data_length
1406  						, p_data_precision
1407  						, p_data_scale
1408  						, p_nullable
1409  						, p_data_default
1410  						, p_expected_result
1411  						)
1412  	      ;
1413  	    EXCEPTION
1414  	      WHEN OTHERS THEN
1415  	      -- consume error
1416  	      l_result := otap_constants.OTAP_NUM_TEST_UNDEFINED;
1417  	      l_errors := otap_string.reduce('Internal error ' || l_script || ': ' || SQLERRM, 4000);
1418  	      otap_log.log(SQLERRM, l_script, 'Execute ' || l_script || ' function');
1419  	    END;
1420  	    -- write result
1421  	    l_return := otap_plan.write_test_result(l_desc, o_otap_session, l_schema, l_result, l_start, l_errors);
1422  	  EXCEPTION
1423  	    WHEN OTHERS THEN
1424  	      -- consume error
1425  	      l_result := otap_constants.OTAP_NUM_TEST_UNDEFINED;
1426  	      l_errors := otap_string.reduce('Internal error ' || l_script || ': ' || SQLERRM, 4000);
1427  	      otap_log.log(SQLERRM, l_script, 'Execute ' || l_script || ' function');
1428  	      -- try again
1429  	      l_return := otap_plan.write_test_result(l_desc, o_otap_session, l_schema, l_result, l_start, l_errors);
1430  	  END;
1431  	  -- return result or let exception happen
1432  	  RETURN l_return;
1433  	END has_column;
1434  
1435  	FUNCTION has_package( p_package_name	IN	      VARCHAR2
1436  			    , o_otap_session	IN OUT NOCOPY OTAP_SESSION
1437  			    , p_schema		IN	      VARCHAR2	    DEFAULT NULL
1438  			    , p_description	IN	      VARCHAR2	    DEFAULT NULL
1439  			    , p_package_type	IN	      VARCHAR2	    DEFAULT 'PACKAGE'
1440  			    , p_expected_result IN	      NUMBER	    DEFAULT otap_constants.OTAP_NUM_TEST_PASSED
1441  			    )
1442  	  RETURN VARCHAR2
1443  	IS
1444  	  l_script	     VARCHAR2(1024 CHAR)		  := 'otap_api.has_package';
1445  	  l_start	     TIMESTAMP;
1446  	  l_result	     INTEGER;
1447  	  l_return	     VARCHAR2(4000 CHAR);
1448  	  l_errors	     otap_results.test_errors%TYPE;
1449  	  l_schema	     otap_results.db_schema%TYPE;
1450  	  l_desc	     otap_results.test_desc%TYPE;
1451  	BEGIN
1452  	  l_start  := SYSTIMESTAMP;
1453  	  -- default return
1454  	  l_return := otap_util.test_result_to_text(otap_constants.OTAP_NUM_TEST_UNDEFINED, o_otap_session.session_language) || ' ' || otap_constants.OTAP_INTERNAL_NA;
1455  	  -- own begin-end for the transaction after the function
1456  	  BEGIN
1457  	    -- own begin-end block for the function itself and prepare
1458  	    BEGIN
1459  	      l_schema := TRIM(NVL(p_schema, o_otap_session.db_schema));
1460  	      l_desc   := otap_string.reduce( otap_report.get_exists_msg( p_object_name => p_package_name
1461  									, p_schema_name => l_schema
1462  									, p_object_type => otap_util.get_label_id(p_package_type)
1463  									, p_sub_object => NULL
1464  									, p_test_desc => p_description
1465  									, p_language_id => o_otap_session.session_language
1466  									)
1467  					    , 256
1468  					    )
1469  	      ;
1470  	      -- call function
1471  	      l_result := otap_schema.has_package( p_package_name
1472  						 , l_errors
1473  						 , l_schema
1474  						 , p_package_type
1475  						 , p_expected_result
1476  						 )
1477  	      ;
1478  	    EXCEPTION
1479  	      WHEN OTHERS THEN
1480  	      -- consume error
1481  	      l_result := otap_constants.OTAP_NUM_TEST_UNDEFINED;
1482  	      l_errors := otap_string.reduce('Internal error ' || l_script || ': ' || SQLERRM, 4000);
1483  	      otap_log.log(SQLERRM, l_script, 'Execute ' || l_script || ' function');
1484  	    END;
1485  	    -- write result
1486  	    l_return := otap_plan.write_test_result(l_desc, o_otap_session, l_schema, l_result, l_start, l_errors);
1487  	  EXCEPTION
1488  	    WHEN OTHERS THEN
1489  	      -- consume error
1490  	      l_result := otap_constants.OTAP_NUM_TEST_UNDEFINED;
1491  	      l_errors := otap_string.reduce('Internal error ' || l_script || ': ' || SQLERRM, 4000);
1492  	      otap_log.log(SQLERRM, l_script, 'Execute ' || l_script || ' function');
1493  	      -- try again
1494  	      l_return := otap_plan.write_test_result(l_desc, o_otap_session, l_schema, l_result, l_start, l_errors);
1495  	  END;
1496  	  -- return result or let exception happen
1497  	  RETURN l_return;
1498  	END has_package;
1499  
1500  	FUNCTION has_procedure( p_procedure_name  IN		VARCHAR2
1501  			      , o_otap_session	  IN OUT NOCOPY OTAP_SESSION
1502  			      , p_schema	  IN		VARCHAR2      DEFAULT NULL
1503  			      , p_description	  IN		VARCHAR2      DEFAULT NULL
1504  			      , p_procedure_type  IN		VARCHAR2      DEFAULT 'FUNCTION'
1505  			      , p_package_name	  IN		VARCHAR2      DEFAULT NULL
1506  			      , p_return_type	  IN		VARCHAR2      DEFAULT NULL
1507  			      , p_expected_result IN		NUMBER	      DEFAULT otap_constants.OTAP_NUM_TEST_PASSED
1508  			      )
1509  	  RETURN VARCHAR2
1510  	IS
1511  	  l_script	     VARCHAR2(1024 CHAR)		  := 'otap_api.has_procedure';
1512  	  l_start	     TIMESTAMP;
1513  	  l_result	     INTEGER;
1514  	  l_return	     VARCHAR2(4000 CHAR);
1515  	  l_errors	     otap_results.test_errors%TYPE;
1516  	  l_schema	     otap_results.db_schema%TYPE;
1517  	  l_desc	     otap_results.test_desc%TYPE;
1518  	BEGIN
1519  	  l_start  := SYSTIMESTAMP;
1520  	  -- default return
1521  	  l_return := otap_util.test_result_to_text(otap_constants.OTAP_NUM_TEST_UNDEFINED, o_otap_session.session_language) || ' ' || otap_constants.OTAP_INTERNAL_NA;
1522  	  -- own begin-end for the transaction after the function
1523  	  BEGIN
1524  	    -- own begin-end block for the function itself and prepare
1525  	    BEGIN
1526  	      l_schema := TRIM(NVL(p_schema, o_otap_session.db_schema));
1527  	      -- TODO get_label in otap_util only labels compared with value, search always upper as stored in db
1528  	      l_desc   := otap_string.reduce( otap_report.get_exists_msg( p_object_name => NVL(p_package_name, p_procedure_name)
1529  									, p_schema_name => l_schema
1530  									, p_object_type => otap_util.get_label_id(p_procedure_type)
1531  									, p_sub_object => CASE WHEN p_package_name IS NOT NULL THEN p_procedure_name ELSE NULL END
1532  									, p_test_desc => p_description
1533  									, p_language_id => o_otap_session.session_language
1534  									)
1535  					    , 256
1536  					    )
1537  	      ;
1538  	      -- call function
1539  	      l_result := otap_schema.has_procedure( p_procedure_name
1540  						   , l_errors
1541  						   , l_schema
1542  						   , p_procedure_type
1543  						   , p_package_name
1544  						   , p_return_type
1545  						   , p_expected_result
1546  						   )
1547  	      ;
1548  	    EXCEPTION
1549  	      WHEN OTHERS THEN
1550  	      -- consume error
1551  	      l_result := otap_constants.OTAP_NUM_TEST_UNDEFINED;
1552  	      l_errors := otap_string.reduce('Internal error ' || l_script || ': ' || SQLERRM, 4000);
1553  	      otap_log.log(SQLERRM, l_script, 'Execute ' || l_script || ' function');
1554  	    END;
1555  	    -- write result
1556  	    l_return := otap_plan.write_test_result(l_desc, o_otap_session, l_schema, l_result, l_start, l_errors);
1557  	  EXCEPTION
1558  	    WHEN OTHERS THEN
1559  	      -- consume error
1560  	      l_result := otap_constants.OTAP_NUM_TEST_UNDEFINED;
1561  	      l_errors := otap_string.reduce('Internal error ' || l_script || ': ' || SQLERRM, 4000);
1562  	      otap_log.log(SQLERRM, l_script, 'Execute ' || l_script || ' function');
1563  	      -- try again
1564  	      l_return := otap_plan.write_test_result(l_desc, o_otap_session, l_schema, l_result, l_start, l_errors);
1565  	  END;
1566  	  -- return result or let exception happen
1567  	  RETURN l_return;
1568  	END has_procedure;
1569  
1570  	FUNCTION has_trigger( p_trigger_name	IN	      VARCHAR2
1571  			    , o_otap_session	IN OUT NOCOPY OTAP_SESSION
1572  			    , p_schema		IN	      VARCHAR2	    DEFAULT NULL
1573  			    , p_description	IN	      VARCHAR2	    DEFAULT NULL
1574  			    , p_trigger_type	IN	      VARCHAR2	    DEFAULT NULL
1575  			    , p_trigger_event	IN	      VARCHAR2	    DEFAULT NULL
1576  			    , p_table_owner	IN	      VARCHAR2	    DEFAULT NULL
1577  			    , p_table_name	IN	      VARCHAR2	    DEFAULT NULL
1578  			    , p_expected_result IN	      NUMBER	    DEFAULT otap_constants.OTAP_NUM_TEST_PASSED
1579  			    )
1580  	  RETURN VARCHAR2
1581  	IS
1582  	  l_script	     VARCHAR2(1024 CHAR)		  := 'otap_api.has_trigger';
1583  	  l_start	     TIMESTAMP;
1584  	  l_result	     INTEGER;
1585  	  l_return	     VARCHAR2(4000 CHAR);
1586  	  l_errors	     otap_results.test_errors%TYPE;
1587  	  l_schema	     otap_results.db_schema%TYPE;
1588  	  l_desc	     otap_results.test_desc%TYPE;
1589  	BEGIN
1590  	  l_start  := SYSTIMESTAMP;
1591  	  -- default return
1592  	  l_return := otap_util.test_result_to_text(otap_constants.OTAP_NUM_TEST_UNDEFINED, o_otap_session.session_language) || ' ' || otap_constants.OTAP_INTERNAL_NA;
1593  	  -- own begin-end for the transaction after the function
1594  	  BEGIN
1595  	    -- own begin-end block for the function itself and prepare
1596  	    BEGIN
1597  	      l_schema := TRIM(NVL(p_schema, o_otap_session.db_schema));
1598  	      l_desc   := otap_string.reduce( otap_report.get_exists_msg( p_object_name => p_trigger_name
1599  									, p_schema_name => l_schema
1600  									, p_object_type => otap_util.CFG_LABEL_TRIGGER
1601  									, p_sub_object => NULL
1602  									, p_test_desc => p_description
1603  									, p_language_id => o_otap_session.session_language
1604  									)
1605  					    , 256
1606  					    )
1607  	      ;
1608  	      -- call function
1609  	      l_result := otap_schema.has_trigger( p_trigger_name
1610  						 , l_errors
1611  						 , l_schema
1612  						 , p_trigger_type
1613  						 , p_trigger_event
1614  						 , p_table_owner
1615  						 , p_table_name
1616  						 , p_expected_result
1617  						 )
1618  	      ;
1619  	    EXCEPTION
1620  	      WHEN OTHERS THEN
1621  	      -- consume error
1622  	      l_result := otap_constants.OTAP_NUM_TEST_UNDEFINED;
1623  	      l_errors := otap_string.reduce('Internal error ' || l_script || ': ' || SQLERRM, 4000);
1624  	      otap_log.log(SQLERRM, l_script, 'Execute ' || l_script || ' function');
1625  	    END;
1626  	    -- write result
1627  	    l_return := otap_plan.write_test_result(l_desc, o_otap_session, l_schema, l_result, l_start, l_errors);
1628  	  EXCEPTION
1629  	    WHEN OTHERS THEN
1630  	      -- consume error
1631  	      l_result := otap_constants.OTAP_NUM_TEST_UNDEFINED;
1632  	      l_errors := otap_string.reduce('Internal error ' || l_script || ': ' || SQLERRM, 4000);
1633  	      otap_log.log(SQLERRM, l_script, 'Execute ' || l_script || ' function');
1634  	      -- try again
1635  	      l_return := otap_plan.write_test_result(l_desc, o_otap_session, l_schema, l_result, l_start, l_errors);
1636  	  END;
1637  	  -- return result or let exception happen
1638  	  RETURN l_return;
1639  	END has_trigger;
1640  
1641  	FUNCTION has_object( p_object_name     IN	     VARCHAR2
1642  			   , p_object_type     IN	     VARCHAR2
1643  			   , o_otap_session    IN OUT NOCOPY OTAP_SESSION
1644  			   , p_schema	       IN	     VARCHAR2	  DEFAULT NULL
1645  			   , p_description     IN	     VARCHAR2	  DEFAULT NULL
1646  			   , p_expected_result IN	     NUMBER	  DEFAULT otap_constants.OTAP_NUM_TEST_PASSED
1647  			   )
1648  	  RETURN VARCHAR2
1649  	IS
1650  	  l_script	     VARCHAR2(1024 CHAR)		  := 'otap_api.has_object';
1651  	  l_start	     TIMESTAMP;
1652  	  l_result	     INTEGER;
1653  	  l_return	     VARCHAR2(4000 CHAR);
1654  	  l_errors	     otap_results.test_errors%TYPE;
1655  	  l_schema	     otap_results.db_schema%TYPE;
1656  	  l_desc	     otap_results.test_desc%TYPE;
1657  	BEGIN
1658  	  l_start  := SYSTIMESTAMP;
1659  	  -- default return
1660  	  l_return := otap_util.test_result_to_text(otap_constants.OTAP_NUM_TEST_UNDEFINED, o_otap_session.session_language) || ' ' || otap_constants.OTAP_INTERNAL_NA;
1661  	  -- own begin-end for the transaction after the function
1662  	  BEGIN
1663  	    -- own begin-end block for the function itself and prepare
1664  	    BEGIN
1665  	      l_schema := TRIM(NVL(p_schema, o_otap_session.db_schema));
1666  	      l_desc   := otap_string.reduce( otap_report.get_exists_msg( p_object_name => p_object_name
1667  									, p_schema_name => l_schema
1668  									, p_object_type => otap_util.get_label_id(p_object_type)
1669  									, p_sub_object => NULL
1670  									, p_test_desc => p_description
1671  									, p_language_id => o_otap_session.session_language
1672  									)
1673  					    , 256
1674  					    )
1675  	      ;
1676  	      -- call function
1677  	      l_result := otap_schema.has_object( p_object_name
1678  						, p_object_type
1679  						, l_errors
1680  						, l_schema
1681  						, p_expected_result
1682  						)
1683  	      ;
1684  	    EXCEPTION
1685  	      WHEN OTHERS THEN
1686  	      -- consume error
1687  	      l_result := otap_constants.OTAP_NUM_TEST_UNDEFINED;
1688  	      l_errors := otap_string.reduce('Internal error ' || l_script || ': ' || SQLERRM, 4000);
1689  	      otap_log.log(SQLERRM, l_script, 'Execute ' || l_script || ' function');
1690  	    END;
1691  	    -- write result
1692  	    l_return := otap_plan.write_test_result(l_desc, o_otap_session, l_schema, l_result, l_start, l_errors);
1693  	  EXCEPTION
1694  	    WHEN OTHERS THEN
1695  	      -- consume error
1696  	      l_result := otap_constants.OTAP_NUM_TEST_UNDEFINED;
1697  	      l_errors := otap_string.reduce('Internal error ' || l_script || ': ' || SQLERRM, 4000);
1698  	      otap_log.log(SQLERRM, l_script, 'Execute ' || l_script || ' function');
1699  	      -- try again
1700  	      l_return := otap_plan.write_test_result(l_desc, o_otap_session, l_schema, l_result, l_start, l_errors);
1701  	  END;
1702  	  -- return result or let exception happen
1703  	  RETURN l_return;
1704  	END has_object;
1705  
1706  	FUNCTION has_constraint( p_table_name	   IN		 VARCHAR2
1707  			       , o_otap_session    IN OUT NOCOPY OTAP_SESSION
1708  			       , p_constraint_type IN		 VARCHAR2     DEFAULT 'C'
1709  			       , p_column_name	   IN		 VARCHAR2     DEFAULT NULL
1710  			       , p_constraint	   IN		 VARCHAR2     DEFAULT NULL
1711  			       , p_schema	   IN		 VARCHAR2     DEFAULT NULL
1712  			       , p_description	   IN		 VARCHAR2     DEFAULT NULL
1713  			       , p_expected_result IN		 NUMBER       DEFAULT otap_constants.OTAP_NUM_TEST_PASSED
1714  			       )
1715  	  RETURN VARCHAR2
1716  	IS
1717  	  l_script	     VARCHAR2(1024 CHAR)		  := 'otap_api.has_constraint';
1718  	  l_start	     TIMESTAMP;
1719  	  l_result	     INTEGER;
1720  	  l_return	     VARCHAR2(4000 CHAR);
1721  	  l_type_label	     VARCHAR2(128 CHAR);
1722  	  l_errors	     otap_results.test_errors%TYPE;
1723  	  l_schema	     otap_results.db_schema%TYPE;
1724  	  l_desc	     otap_results.test_desc%TYPE;
1725  	BEGIN
1726  	  l_start  := SYSTIMESTAMP;
1727  	  -- default return
1728  	  l_return := otap_util.test_result_to_text(otap_constants.OTAP_NUM_TEST_UNDEFINED, o_otap_session.session_language) || ' ' || otap_constants.OTAP_INTERNAL_NA;
1729  	  -- own begin-end for the transaction after the function
1730  	  BEGIN
1731  	    -- own begin-end block for the function itself and prepare
1732  	    BEGIN
1733  	      l_schema := TRIM(NVL(p_schema, o_otap_session.db_schema));
1734  	      l_desc   := otap_string.reduce( otap_report.get_exists_c_msg( p_table_name => p_table_name
1735  									  , p_schema_name => l_schema
1736  									  , p_cons_type => otap_util.constraint_type_to_label(p_constraint_type)
1737  									  , p_column => p_column_name
1738  									  , p_constraint => p_constraint
1739  									  , p_test_desc => p_description
1740  									  , p_language_id => o_otap_session.session_language
1741  									  )
1742  					    , 256
1743  					    )
1744  	      ;
1745  	      -- call function
1746  	      l_result := otap_schema.has_constraint( p_table_name
1747  						    , l_errors
1748  						    , p_constraint_type
1749  						    , p_column_name
1750  						    , p_constraint
1751  						    , l_schema
1752  						    , p_expected_result
1753  						    )
1754  	      ;
1755  	    EXCEPTION
1756  	      WHEN OTHERS THEN
1757  	      -- consume error
1758  	      l_result := otap_constants.OTAP_NUM_TEST_UNDEFINED;
1759  	      l_errors := otap_string.reduce('Internal error ' || l_script || ': ' || SQLERRM, 4000);
1760  	      otap_log.log(SQLERRM, l_script, 'Execute ' || l_script || ' function');
1761  	    END;
1762  	    -- write result
1763  	    l_return := otap_plan.write_test_result(l_desc, o_otap_session, l_schema, l_result, l_start, l_errors);
1764  	  EXCEPTION
1765  	    WHEN OTHERS THEN
1766  	      -- consume error
1767  	      l_result := otap_constants.OTAP_NUM_TEST_UNDEFINED;
1768  	      l_errors := otap_string.reduce('Internal error ' || l_script || ': ' || SQLERRM, 4000);
1769  	      otap_log.log(SQLERRM, l_script, 'Execute ' || l_script || ' function');
1770  	      -- try again
1771  	      l_return := otap_plan.write_test_result(l_desc, o_otap_session, l_schema, l_result, l_start, l_errors);
1772  	  END;
1773  	  -- return result or let exception happen
1774  	  RETURN l_return;
1775  	END has_constraint;
1776  
1777  	FUNCTION has_ref_constraint( p_table_name      IN	     VARCHAR2
1778  				   , o_otap_session    IN OUT NOCOPY OTAP_SESSION
1779  				   , p_constraint_type IN	     VARCHAR2	  DEFAULT 'R'
1780  				   , p_column_name     IN	     VARCHAR2	  DEFAULT NULL
1781  				   , p_constraint      IN	     VARCHAR2	  DEFAULT NULL
1782  				   , p_schema	       IN	     VARCHAR2	  DEFAULT NULL
1783  				   , p_r_table_name    IN	     VARCHAR2	  DEFAULT NULL
1784  				   , p_r_column_name   IN	     VARCHAR2	  DEFAULT NULL
1785  				   , p_r_constraint    IN	     VARCHAR2	  DEFAULT NULL
1786  				   , p_r_schema        IN	     VARCHAR2	  DEFAULT NULL
1787  				   , p_description     IN	     VARCHAR2	  DEFAULT NULL
1788  				   , p_expected_result IN	     NUMBER	  DEFAULT otap_constants.OTAP_NUM_TEST_PASSED
1789  				   )
1790  	  RETURN VARCHAR2
1791  	IS
1792  	  l_script	     VARCHAR2(1024 CHAR)		  := 'otap_api.has_ref_constraint';
1793  	  l_start	     TIMESTAMP;
1794  	  l_result	     INTEGER;
1795  	  l_return	     VARCHAR2(4000 CHAR);
1796  	  l_type_label	     VARCHAR2(128 CHAR);
1797  	  l_errors	     otap_results.test_errors%TYPE;
1798  	  l_schema	     otap_results.db_schema%TYPE;
1799  	  l_desc	     otap_results.test_desc%TYPE;
1800  	BEGIN
1801  	  l_start  := SYSTIMESTAMP;
1802  	  -- default return
1803  	  l_return := otap_util.test_result_to_text(otap_constants.OTAP_NUM_TEST_UNDEFINED, o_otap_session.session_language) || ' ' || otap_constants.OTAP_INTERNAL_NA;
1804  	  -- own begin-end for the transaction after the function
1805  	  BEGIN
1806  	    -- own begin-end block for the function itself and prepare
1807  	    BEGIN
1808  	      l_schema := TRIM(NVL(p_schema, o_otap_session.db_schema));
1809  	      l_desc   := otap_string.reduce( otap_report.get_exists_c_msg( p_table_name => p_table_name
1810  									  , p_schema_name => l_schema
1811  									  , p_cons_type => CASE
1812  											     WHEN UPPER(p_constraint_type) IN ('R', 'F')
1813  											     THEN otap_util.constraint_type_to_label(p_constraint_type)
1814  											     ELSE otap_util.CFG_LABEL_INVALID_CONSTRAINT_TYPE
1815  											   END
1816  									  , p_column => p_column_name
1817  									  , p_constraint => p_constraint
1818  									  , p_test_desc => p_description
1819  									  , p_language_id => o_otap_session.session_language
1820  									  )
1821  					    , 256
1822  					    )
1823  	      ;
1824  	      -- call function
1825  	      l_result := otap_schema.has_ref_constraint( p_table_name
1826  							, l_errors
1827  							, p_constraint_type
1828  							, p_column_name
1829  							, p_constraint
1830  							, l_schema
1831  							, p_r_table_name
1832  							, p_r_column_name
1833  							, p_r_constraint
1834  							, p_r_schema
1835  							, p_expected_result
1836  							)
1837  	      ;
1838  	    EXCEPTION
1839  	      WHEN OTHERS THEN
1840  	      -- consume error
1841  	      l_result := otap_constants.OTAP_NUM_TEST_UNDEFINED;
1842  	      l_errors := otap_string.reduce('Internal error ' || l_script || ': ' || SQLERRM, 4000);
1843  	      otap_log.log(SQLERRM, l_script, 'Execute ' || l_script || ' function');
1844  	    END;
1845  	    -- write result
1846  	    l_return := otap_plan.write_test_result(l_desc, o_otap_session, l_schema, l_result, l_start, l_errors);
1847  	  EXCEPTION
1848  	    WHEN OTHERS THEN
1849  	      -- consume error
1850  	      l_result := otap_constants.OTAP_NUM_TEST_UNDEFINED;
1851  	      l_errors := otap_string.reduce('Internal error ' || l_script || ': ' || SQLERRM, 4000);
1852  	      otap_log.log(SQLERRM, l_script, 'Execute ' || l_script || ' function');
1853  	      -- try again
1854  	      l_return := otap_plan.write_test_result(l_desc, o_otap_session, l_schema, l_result, l_start, l_errors);
1855  	  END;
1856  	  -- return result or let exception happen
1857  	  RETURN l_return;
1858  	END has_ref_constraint;
1859  
1860  	FUNCTION has_not_null_constraint( p_table_name	    IN		  VARCHAR2
1861  					, p_column_name     IN		  VARCHAR2
1862  					, o_otap_session    IN OUT NOCOPY OTAP_SESSION
1863  					, p_constraint	    IN		  VARCHAR2     DEFAULT NULL
1864  					, p_schema	    IN		  VARCHAR2     DEFAULT NULL
1865  					, p_description     IN		  VARCHAR2     DEFAULT NULL
1866  					, p_expected_result IN		  NUMBER       DEFAULT otap_constants.OTAP_NUM_TEST_PASSED
1867  					)
1868  	  RETURN VARCHAR2
1869  	IS
1870  	  l_script	     VARCHAR2(1024 CHAR)		  := 'otap_api.has_not_null_constraint';
1871  	  l_start	     TIMESTAMP;
1872  	  l_result	     INTEGER;
1873  	  l_return	     VARCHAR2(4000 CHAR);
1874  	  l_type_label	     VARCHAR2(128 CHAR);
1875  	  l_errors	     otap_results.test_errors%TYPE;
1876  	  l_schema	     otap_results.db_schema%TYPE;
1877  	  l_desc	     otap_results.test_desc%TYPE;
1878  	BEGIN
1879  	  l_start  := SYSTIMESTAMP;
1880  	  -- default return
1881  	  l_return := otap_util.test_result_to_text(otap_constants.OTAP_NUM_TEST_UNDEFINED, o_otap_session.session_language) || ' ' || otap_constants.OTAP_INTERNAL_NA;
1882  	  -- own begin-end for the transaction after the function
1883  	  BEGIN
1884  	    -- own begin-end block for the function itself and prepare
1885  	    BEGIN
1886  	      l_schema := TRIM(NVL(p_schema, o_otap_session.db_schema));
1887  	      l_desc   := otap_string.reduce( otap_report.get_exists_c_msg( p_table_name => p_table_name
1888  									  , p_schema_name => l_schema
1889  									  , p_cons_type => otap_util.CFG_LABEL_NOT_NULL
1890  									  , p_column => p_column_name
1891  									  , p_constraint => p_constraint
1892  									  , p_test_desc => p_description
1893  									  , p_language_id => o_otap_session.session_language
1894  									  )
1895  					    , 256
1896  					    )
1897  	      ;
1898  	      -- call function
1899  	      l_result := otap_schema.has_not_null_constraint( p_table_name
1900  							     , p_column_name
1901  							     , l_errors
1902  							     , p_constraint
1903  							     , l_schema
1904  							     , p_expected_result
1905  							     )
1906  	      ;
1907  	    EXCEPTION
1908  	      WHEN OTHERS THEN
1909  	      -- consume error
1910  	      l_result := otap_constants.OTAP_NUM_TEST_UNDEFINED;
1911  	      l_errors := otap_string.reduce('Internal error ' || l_script || ': ' || SQLERRM, 4000);
1912  	      otap_log.log(SQLERRM, l_script, 'Execute ' || l_script || ' function');
1913  	    END;
1914  	    -- write result
1915  	    l_return := otap_plan.write_test_result(l_desc, o_otap_session, l_schema, l_result, l_start, l_errors);
1916  	  EXCEPTION
1917  	    WHEN OTHERS THEN
1918  	      -- consume error
1919  	      l_result := otap_constants.OTAP_NUM_TEST_UNDEFINED;
1920  	      l_errors := otap_string.reduce('Internal error ' || l_script || ': ' || SQLERRM, 4000);
1921  	      otap_log.log(SQLERRM, l_script, 'Execute ' || l_script || ' function');
1922  	      -- try again
1923  	      l_return := otap_plan.write_test_result(l_desc, o_otap_session, l_schema, l_result, l_start, l_errors);
1924  	  END;
1925  	  -- return result or let exception happen
1926  	  RETURN l_return;
1927  	END has_not_null_constraint;
1928  
1929  	FUNCTION has_index( p_table_name      IN	    VARCHAR2
1930  			  , o_otap_session    IN OUT NOCOPY OTAP_SESSION
1931  			  , p_column_name     IN	    VARCHAR2 DEFAULT NULL
1932  			  , p_index_name      IN	    VARCHAR2 DEFAULT NULL
1933  			  , p_index_type      IN	    VARCHAR2 DEFAULT NULL
1934  			  , p_table_type      IN	    VARCHAR2 DEFAULT NULL
1935  			  , p_uniqueness      IN	    VARCHAR2 DEFAULT NULL
1936  			  , p_tablespace_name IN	    VARCHAR2 DEFAULT NULL
1937  			  , p_partitioned     IN	    VARCHAR2 DEFAULT NULL
1938  			  , p_schema	      IN	    VARCHAR2 DEFAULT NULL
1939  			  , p_description     IN	    VARCHAR2 DEFAULT NULL
1940  			  , p_expected_result IN	    NUMBER   DEFAULT otap_constants.OTAP_NUM_TEST_PASSED
1941  			  )
1942  	  RETURN VARCHAR2
1943  	IS
1944  	  l_script	     VARCHAR2(1024 CHAR)		  := 'otap_api.has_index';
1945  	  l_start	     TIMESTAMP;
1946  	  l_result	     INTEGER;
1947  	  l_return	     VARCHAR2(4000 CHAR);
1948  	  l_type_label	     VARCHAR2(128 CHAR);
1949  	  l_errors	     otap_results.test_errors%TYPE;
1950  	  l_schema	     otap_results.db_schema%TYPE;
1951  	  l_desc	     otap_results.test_desc%TYPE;
1952  	BEGIN
1953  	  l_start  := SYSTIMESTAMP;
1954  	  -- default return
1955  	  l_return := otap_util.test_result_to_text(otap_constants.OTAP_NUM_TEST_UNDEFINED, o_otap_session.session_language) || ' ' || otap_constants.OTAP_INTERNAL_NA;
1956  	  -- own begin-end for the transaction after the function
1957  	  BEGIN
1958  	    -- own begin-end block for the function itself and prepare
1959  	    BEGIN
1960  	      l_schema := TRIM(NVL(p_schema, o_otap_session.db_schema));
1961  	      l_desc   := otap_string.reduce( otap_report.get_exists_f_msg( p_schema_name => l_schema
1962  									  , p_check_object => p_index_name
1963  									  , p_check_type => otap_util.CFG_LABEL_INDEX
1964  									  , p_rel_object_type => otap_util.CFG_LABEL_TABLE
1965  									  , p_rel_object => p_table_name
1966  									  , p_rel_subobject => p_column_name
1967  									  , p_test_desc => p_description
1968  									  , p_language_id => o_otap_session.session_language
1969  									  )
1970  					    , 256
1971  					    )
1972  	      ;
1973  	      -- call function
1974  	      l_result := otap_schema.has_index( p_table_name
1975  					       , l_errors
1976  					       , p_column_name
1977  					       , p_index_name
1978  					       , p_index_type
1979  					       , p_table_type
1980  					       , p_uniqueness
1981  					       , p_tablespace_name
1982  					       , p_partitioned
1983  					       , l_schema
1984  					       , p_expected_result
1985  					       )
1986  	      ;
1987  	    EXCEPTION
1988  	      WHEN OTHERS THEN
1989  	      -- consume error
1990  	      l_result := otap_constants.OTAP_NUM_TEST_UNDEFINED;
1991  	      l_errors := otap_string.reduce('Internal error ' || l_script || ': ' || SQLERRM, 4000);
1992  	      otap_log.log(SQLERRM, l_script, 'Execute ' || l_script || ' function');
1993  	    END;
1994  	    -- write result
1995  	    l_return := otap_plan.write_test_result(l_desc, o_otap_session, l_schema, l_result, l_start, l_errors);
1996  	  EXCEPTION
1997  	    WHEN OTHERS THEN
1998  	      -- consume error
1999  	      l_result := otap_constants.OTAP_NUM_TEST_UNDEFINED;
2000  	      l_errors := otap_string.reduce('Internal error ' || l_script || ': ' || SQLERRM, 4000);
2001  	      otap_log.log(SQLERRM, l_script, 'Execute ' || l_script || ' function');
2002  	      -- try again
2003  	      l_return := otap_plan.write_test_result(l_desc, o_otap_session, l_schema, l_result, l_start, l_errors);
2004  	  END;
2005  
2006  	  -- return result or let exception happen
2007  	  RETURN l_return;
2008  	END has_index;
2009  
2010  	FUNCTION has_type( p_type_name	     IN 	   VARCHAR2
2011  			 , o_otap_session    IN OUT NOCOPY OTAP_SESSION
2012  			 , p_typecode	     IN 	   VARCHAR2 DEFAULT NULL
2013  			 , p_attributes      IN 	   NUMBER   DEFAULT NULL
2014  			 , p_methods	     IN 	   NUMBER   DEFAULT NULL
2015  			 , p_predefined      IN 	   VARCHAR2 DEFAULT NULL
2016  			 , p_incomplete      IN 	   VARCHAR2 DEFAULT NULL
2017  			 , p_final	     IN 	   VARCHAR2 DEFAULT NULL
2018  			 , p_persistable     IN 	   VARCHAR2 DEFAULT NULL
2019  			 , p_schema	     IN 	   VARCHAR2 DEFAULT NULL
2020  			 , p_description     IN 	   VARCHAR2 DEFAULT NULL
2021  			 , p_expected_result IN 	   NUMBER   DEFAULT otap_constants.OTAP_NUM_TEST_PASSED
2022  			 )
2023  	  RETURN VARCHAR2
2024  	IS
2025  	  l_script	     VARCHAR2(1024 CHAR)		  := 'otap_api.has_type';
2026  	  l_start	     TIMESTAMP;
2027  	  l_result	     INTEGER;
2028  	  l_return	     VARCHAR2(4000 CHAR);
2029  	  l_errors	     otap_results.test_errors%TYPE;
2030  	  l_schema	     otap_results.db_schema%TYPE;
2031  	  l_desc	     otap_results.test_desc%TYPE;
2032  	BEGIN
2033  	  l_start  := SYSTIMESTAMP;
2034  	  -- default return
2035  	  l_return := otap_util.test_result_to_text(otap_constants.OTAP_NUM_TEST_UNDEFINED, o_otap_session.session_language) || ' ' || otap_constants.OTAP_INTERNAL_NA;
2036  	  -- own begin-end for the transaction after the function
2037  	  BEGIN
2038  	    -- own begin-end block for the function itself and prepare
2039  	    BEGIN
2040  	      l_schema := TRIM(NVL(p_schema, o_otap_session.db_schema));
2041  	      l_desc   := otap_string.reduce( otap_report.get_exists_msg( p_object_name => p_type_name
2042  									, p_schema_name => l_schema
2043  									, p_object_type => otap_util.CFG_LABEL_TYPE
2044  									, p_sub_object => p_typecode
2045  									, p_test_desc => p_description
2046  									, p_language_id => o_otap_session.session_language
2047  									)
2048  					    , 256
2049  					    )
2050  	      ;
2051  	      -- call function
2052  	      l_result := otap_schema.has_type( p_type_name
2053  					      , l_errors
2054  					      , p_typecode
2055  					      , p_attributes
2056  					      , p_methods
2057  					      , p_predefined
2058  					      , p_incomplete
2059  					      , p_final
2060  					      , p_persistable
2061  					      , l_schema
2062  					      , p_expected_result
2063  					      )
2064  	      ;
2065  	    EXCEPTION
2066  	      WHEN OTHERS THEN
2067  	      -- consume error
2068  	      l_result := otap_constants.OTAP_NUM_TEST_UNDEFINED;
2069  	      l_errors := otap_string.reduce('Internal error ' || l_script || ': ' || SQLERRM, 4000);
2070  	      otap_log.log(SQLERRM, l_script, 'Execute ' || l_script || ' function');
2071  	    END;
2072  	    -- write result
2073  	    l_return := otap_plan.write_test_result(l_desc, o_otap_session, l_schema, l_result, l_start, l_errors);
2074  	  EXCEPTION
2075  	    WHEN OTHERS THEN
2076  	      -- consume error
2077  	      l_result := otap_constants.OTAP_NUM_TEST_UNDEFINED;
2078  	      l_errors := otap_string.reduce('Internal error ' || l_script || ': ' || SQLERRM, 4000);
2079  	      otap_log.log(SQLERRM, l_script, 'Execute ' || l_script || ' function');
2080  	      -- try again
2081  	      l_return := otap_plan.write_test_result(l_desc, o_otap_session, l_schema, l_result, l_start, l_errors);
2082  	  END;
2083  	  -- return result or let exception happen
2084  	  RETURN l_return;
2085  	END has_type;
2086  
2087  	FUNCTION has_sequence( p_sequence_name	 IN	       VARCHAR2
2088  			     , o_otap_session	 IN OUT NOCOPY OTAP_SESSION
2089  			     , p_table_name	 IN	       VARCHAR2 DEFAULT NULL
2090  			     , p_column_name	 IN	       VARCHAR2 DEFAULT NULL
2091  			     , p_min_value	 IN	       NUMBER	DEFAULT NULL
2092  			     , p_max_value	 IN	       NUMBER	DEFAULT NULL
2093  			     , p_increment_by	 IN	       NUMBER	DEFAULT NULL
2094  			     , p_cycle_flag	 IN	       VARCHAR2 DEFAULT NULL
2095  			     , p_order_flag	 IN	       VARCHAR2 DEFAULT NULL
2096  			     , p_cache_size	 IN	       NUMBER	DEFAULT NULL
2097  			     , p_scale_flag	 IN	       VARCHAR2 DEFAULT NULL
2098  			     , p_extend_flag	 IN	       VARCHAR2 DEFAULT NULL
2099  			     , p_sharded_flag	 IN	       VARCHAR2 DEFAULT NULL
2100  			     , p_session_flag	 IN	       VARCHAR2 DEFAULT NULL
2101  			     , p_keep_value	 IN	       VARCHAR2 DEFAULT NULL
2102  			     , p_table_owner	 IN	       VARCHAR2 DEFAULT NULL
2103  			     , p_schema 	 IN	       VARCHAR2 DEFAULT NULL
2104  			     , p_description	 IN	       VARCHAR2 DEFAULT NULL
2105  			     , p_expected_result IN	       NUMBER	DEFAULT otap_constants.OTAP_NUM_TEST_PASSED
2106  			     )
2107  	  RETURN VARCHAR2
2108  	IS
2109  	  l_script	     VARCHAR2(1024 CHAR)		  := 'otap_api.has_sequence';
2110  	  l_start	     TIMESTAMP;
2111  	  l_result	     INTEGER;
2112  	  l_return	     VARCHAR2(4000 CHAR);
2113  	  l_errors	     otap_results.test_errors%TYPE;
2114  	  l_schema	     otap_results.db_schema%TYPE;
2115  	  l_desc	     otap_results.test_desc%TYPE;
2116  	BEGIN
2117  	  l_start  := SYSTIMESTAMP;
2118  	  -- default return
2119  	  l_return := otap_util.test_result_to_text(otap_constants.OTAP_NUM_TEST_UNDEFINED, o_otap_session.session_language) || ' ' || otap_constants.OTAP_INTERNAL_NA;
2120  	  -- own begin-end for the transaction after the function
2121  	  BEGIN
2122  	    -- own begin-end block for the function itself and prepare
2123  	    BEGIN
2124  	      l_schema := TRIM(NVL(p_schema, o_otap_session.db_schema));
2125  	      l_desc   := otap_string.reduce( otap_report.get_exists_f_msg( p_schema_name => l_schema
2126  									  , p_check_object => p_sequence_name
2127  									  , p_check_type => otap_util.CFG_LABEL_SEQUENCE
2128  									  , p_rel_object_type => otap_util.CFG_LABEL_TABLE
2129  									  , p_rel_object => p_table_name
2130  									  , p_rel_subobject => p_column_name
2131  									  , p_test_desc => p_description
2132  									  , p_language_id => o_otap_session.session_language
2133  									  )
2134  					    , 256
2135  					    )
2136  	      ;
2137  	      -- call function
2138  	      l_result := otap_schema.has_sequence( p_sequence_name
2139  						  , l_errors
2140  						  , p_table_name
2141  						  , p_column_name
2142  						  , p_min_value
2143  						  , p_max_value
2144  						  , p_increment_by
2145  						  , p_cycle_flag
2146  						  , p_order_flag
2147  						  , p_cache_size
2148  						  , p_scale_flag
2149  						  , p_extend_flag
2150  						  , p_sharded_flag
2151  						  , p_session_flag
2152  						  , p_keep_value
2153  						  , p_table_owner
2154  						  , l_schema
2155  						  , p_expected_result
2156  						  )
2157  	      ;
2158  	    EXCEPTION
2159  	      WHEN OTHERS THEN
2160  	      -- consume error
2161  	      l_result := otap_constants.OTAP_NUM_TEST_UNDEFINED;
2162  	      l_errors := otap_string.reduce('Internal error ' || l_script || ': ' || SQLERRM, 4000);
2163  	      otap_log.log(SQLERRM, l_script, 'Execute ' || l_script || ' function');
2164  	    END;
2165  	    -- write result
2166  	    l_return := otap_plan.write_test_result(l_desc, o_otap_session, l_schema, l_result, l_start, l_errors);
2167  	  EXCEPTION
2168  	    WHEN OTHERS THEN
2169  	      -- consume error
2170  	      l_result := otap_constants.OTAP_NUM_TEST_UNDEFINED;
2171  	      l_errors := otap_string.reduce('Internal error ' || l_script || ': ' || SQLERRM, 4000);
2172  	      otap_log.log(SQLERRM, l_script, 'Execute ' || l_script || ' function');
2173  	      -- try again
2174  	      l_return := otap_plan.write_test_result(l_desc, o_otap_session, l_schema, l_result, l_start, l_errors);
2175  	  END;
2176  	  -- return result or let exception happen
2177  	  RETURN l_return;
2178  	END has_sequence;
2179  
2180  	FUNCTION has_scheduler_job( p_job_name	      IN	    VARCHAR2
2181  				  , o_otap_session    IN OUT NOCOPY OTAP_SESSION
2182  				  , p_job_style       IN	    VARCHAR2 DEFAULT NULL
2183  				  , p_job_type	      IN	    VARCHAR2 DEFAULT NULL
2184  				  , p_job_action      IN	    VARCHAR2 DEFAULT NULL
2185  				  , p_schedule_type   IN	    VARCHAR2 DEFAULT NULL
2186  				  , p_repeat_interval IN	    VARCHAR2 DEFAULT NULL
2187  				  , p_job_class       IN	    VARCHAR2 DEFAULT NULL
2188  				  , p_logging_level   IN	    VARCHAR2 DEFAULT NULL
2189  				  , p_store_output    IN	    VARCHAR2 DEFAULT NULL
2190  				  , p_schema	      IN	    VARCHAR2 DEFAULT NULL
2191  				  , p_description     IN	    VARCHAR2 DEFAULT NULL
2192  				  , p_expected_result IN	    NUMBER   DEFAULT otap_constants.OTAP_NUM_TEST_PASSED
2193  				  )
2194  	  RETURN VARCHAR2
2195  	IS
2196  	  l_script	     VARCHAR2(1024 CHAR)		  := 'otap_api.has_scheduler_job';
2197  	  l_start	     TIMESTAMP;
2198  	  l_result	     INTEGER;
2199  	  l_return	     VARCHAR2(4000 CHAR);
2200  	  l_errors	     otap_results.test_errors%TYPE;
2201  	  l_schema	     otap_results.db_schema%TYPE;
2202  	  l_desc	     otap_results.test_desc%TYPE;
2203  	BEGIN
2204  	  l_start  := SYSTIMESTAMP;
2205  	  -- default return
2206  	  l_return := otap_util.test_result_to_text(otap_constants.OTAP_NUM_TEST_UNDEFINED, o_otap_session.session_language) || ' ' || otap_constants.OTAP_INTERNAL_NA;
2207  	  -- own begin-end for the transaction after the function
2208  	  BEGIN
2209  	    -- own begin-end block for the function itself and prepare
2210  	    BEGIN
2211  	      l_schema := TRIM(NVL(p_schema, o_otap_session.db_schema));
2212  	      l_desc   := otap_string.reduce( otap_report.get_exists_msg( p_object_name => p_job_name
2213  									, p_schema_name => l_schema
2214  									, p_object_type => otap_util.CFG_LABEL_SCHEDULER_JOB
2215  									, p_sub_object => NULL
2216  									, p_test_desc => p_description
2217  									, p_language_id => o_otap_session.session_language
2218  									)
2219  					    , 256
2220  					    )
2221  	      ;
2222  	      -- call function
2223  	      l_result := otap_schema.has_scheduler_job( p_job_name
2224  						       , l_errors
2225  						       , p_job_style
2226  						       , p_job_type
2227  						       , p_job_action
2228  						       , p_schedule_type
2229  						       , p_repeat_interval
2230  						       , p_job_class
2231  						       , p_logging_level
2232  						       , p_store_output
2233  						       , l_schema
2234  						       , p_expected_result
2235  						       )
2236  	      ;
2237  	    EXCEPTION
2238  	      WHEN OTHERS THEN
2239  	      -- consume error
2240  	      l_result := otap_constants.OTAP_NUM_TEST_UNDEFINED;
2241  	      l_errors := otap_string.reduce('Internal error ' || l_script || ': ' || SQLERRM, 4000);
2242  	      otap_log.log(SQLERRM, l_script, 'Execute ' || l_script || ' function');
2243  	    END;
2244  	    -- write result
2245  	    l_return := otap_plan.write_test_result(l_desc, o_otap_session, l_schema, l_result, l_start, l_errors);
2246  	  EXCEPTION
2247  	    WHEN OTHERS THEN
2248  	      -- consume error
2249  	      l_result := otap_constants.OTAP_NUM_TEST_UNDEFINED;
2250  	      l_errors := otap_string.reduce('Internal error ' || l_script || ': ' || SQLERRM, 4000);
2251  	      otap_log.log(SQLERRM, l_script, 'Execute ' || l_script || ' function');
2252  	      -- try again
2253  	      l_return := otap_plan.write_test_result(l_desc, o_otap_session, l_schema, l_result, l_start, l_errors);
2254  	  END;
2255  	  -- return result or let exception happen
2256  	  RETURN l_return;
2257  	END has_scheduler_job;
2258  
2259  	FUNCTION has_user( p_username		   IN		 VARCHAR2
2260  			 , o_otap_session	   IN OUT NOCOPY OTAP_SESSION
2261  			 , p_account_status	   IN		 VARCHAR2 DEFAULT NULL
2262  			 , p_default_tablespace    IN		 VARCHAR2 DEFAULT NULL
2263  			 , p_temporary_tablespace  IN		 VARCHAR2 DEFAULT NULL
2264  			 , p_local_temp_tablespace IN		 VARCHAR2 DEFAULT NULL
2265  			 , p_profile		   IN		 VARCHAR2 DEFAULT NULL
2266  			 , p_password_versions	   IN		 VARCHAR2 DEFAULT NULL
2267  			 , p_authentication_type   IN		 VARCHAR2 DEFAULT NULL
2268  			 , p_proxy_only_connect    IN		 VARCHAR2 DEFAULT NULL
2269  			 , p_protected		   IN		 VARCHAR2 DEFAULT NULL
2270  			 , p_read_only		   IN		 VARCHAR2 DEFAULT NULL
2271  			 , p_description	   IN		 VARCHAR2 DEFAULT NULL
2272  			 , p_expected_result	   IN		 NUMBER   DEFAULT otap_constants.OTAP_NUM_TEST_PASSED
2273  			 )
2274  	  RETURN VARCHAR2
2275  	IS
2276  	  l_script	     VARCHAR2(1024 CHAR)		  := 'otap_api.has_user';
2277  	  l_start	     TIMESTAMP;
2278  	  l_result	     INTEGER;
2279  	  l_return	     VARCHAR2(4000 CHAR);
2280  	  l_errors	     otap_results.test_errors%TYPE;
2281  	  l_schema	     otap_results.db_schema%TYPE;
2282  	  l_desc	     otap_results.test_desc%TYPE;
2283  	BEGIN
2284  	  l_start  := SYSTIMESTAMP;
2285  	  -- default return
2286  	  l_return := otap_util.test_result_to_text(otap_constants.OTAP_NUM_TEST_UNDEFINED, o_otap_session.session_language) || ' ' || otap_constants.OTAP_INTERNAL_NA;
2287  	  -- own begin-end for the transaction after the function
2288  	  BEGIN
2289  	    -- own begin-end block for the function itself and prepare
2290  	    BEGIN
2291  	      l_schema := 'SYS';
2292  	      l_desc   := otap_string.reduce( otap_report.get_exists_msg( p_object_name => p_username
2293  									, p_schema_name => l_schema
2294  									, p_object_type => otap_util.CFG_LABEL_USER
2295  									, p_sub_object => NULL
2296  									, p_test_desc => p_description
2297  									, p_language_id => o_otap_session.session_language
2298  									)
2299  					    , 256
2300  					    )
2301  	      ;
2302  	      -- call function
2303  	      l_result := otap_schema.has_user( p_username
2304  					      , l_errors
2305  					      , p_account_status
2306  					      , p_default_tablespace
2307  					      , p_temporary_tablespace
2308  					      , p_local_temp_tablespace
2309  					      , p_profile
2310  					      , p_password_versions
2311  					      , p_authentication_type
2312  					      , p_proxy_only_connect
2313  					      , p_protected
2314  					      , p_read_only
2315  					      , p_expected_result
2316  					      )
2317  	      ;
2318  	    EXCEPTION
2319  	      WHEN OTHERS THEN
2320  	      -- consume error
2321  	      l_result := otap_constants.OTAP_NUM_TEST_UNDEFINED;
2322  	      l_errors := otap_string.reduce('Internal error ' || l_script || ': ' || SQLERRM, 4000);
2323  	      otap_log.log(SQLERRM, l_script, 'Execute ' || l_script || ' function');
2324  	    END;
2325  	    -- write result
2326  	    l_return := otap_plan.write_test_result(l_desc, o_otap_session, l_schema, l_result, l_start, l_errors);
2327  	  EXCEPTION
2328  	    WHEN OTHERS THEN
2329  	      -- consume error
2330  	      l_result := otap_constants.OTAP_NUM_TEST_UNDEFINED;
2331  	      l_errors := otap_string.reduce('Internal error ' || l_script || ': ' || SQLERRM, 4000);
2332  	      otap_log.log(SQLERRM, l_script, 'Execute ' || l_script || ' function');
2333  	      -- try again
2334  	      l_return := otap_plan.write_test_result(l_desc, o_otap_session, l_schema, l_result, l_start, l_errors);
2335  	  END;
2336  	  -- return result or let exception happen
2337  	  RETURN l_return;
2338  	END has_user;
2339  
2340  	FUNCTION ok( p_boolean	       IN	     BOOLEAN
2341  		   , o_otap_session    IN OUT NOCOPY OTAP_SESSION
2342  		   , p_description     IN	     VARCHAR2	  DEFAULT NULL
2343  		   , p_expected_result IN	     NUMBER	  DEFAULT otap_constants.OTAP_NUM_TEST_PASSED
2344  		   , p_schema	       IN	     VARCHAR2	  DEFAULT NULL
2345  		   )
2346  	  RETURN VARCHAR2
2347  	IS
2348  	  l_script	     VARCHAR2(1024 CHAR)		  := 'otap_api.ok';
2349  	  l_start	     TIMESTAMP;
2350  	  l_result	     INTEGER;
2351  	  l_return	     VARCHAR2(4000 CHAR);
2352  	  l_errors	     otap_results.test_errors%TYPE;
2353  	  l_schema	     otap_results.db_schema%TYPE;
2354  	  l_desc	     otap_results.test_desc%TYPE;
2355  	BEGIN
2356  	  l_start  := SYSTIMESTAMP;
2357  	  -- default return
2358  	  l_return := otap_util.test_result_to_text(otap_constants.OTAP_NUM_TEST_UNDEFINED, o_otap_session.session_language) || ' ' || otap_constants.OTAP_INTERNAL_NA;
2359  	  l_schema := COALESCE(p_schema, o_otap_session.db_schema, SYS_CONTEXT('USERENV', 'CURRENT_SCHEMA'));
2360  	  -- own begin-end for the transaction after the function
2361  	  BEGIN
2362  	    -- own begin-end block for the function itself and prepare
2363  	    BEGIN
2364  	      l_desc   := otap_string.reduce( otap_report.get_match_msg( p_match_type => otap_util.CFG_LABEL_BOOLEAN
2365  								       , p_match_data => otap_util.get_config_value(otap_util.CFG_TEXT_TRUE, o_otap_session.session_language)
2366  								       , p_test_desc => p_description
2367  								       , p_language_id => o_otap_session.session_language
2368  								       )
2369  					    , 256
2370  					    )
2371  	      ;
2372  	      -- call function
2373  	      l_result := otap_logic.ok(p_boolean, l_errors, p_expected_result);
2374  	    EXCEPTION
2375  	      WHEN OTHERS THEN
2376  	      -- consume error
2377  	      l_result := otap_constants.OTAP_NUM_TEST_UNDEFINED;
2378  	      l_errors := otap_string.reduce('Internal error ' || l_script || ': ' || SQLERRM, 4000);
2379  	      otap_log.log(SQLERRM, l_script, 'Execute ' || l_script || ' function');
2380  	    END;
2381  	    -- write result
2382  	    l_return := otap_plan.write_test_result(l_desc, o_otap_session, l_schema, l_result, l_start, l_errors);
2383  	  EXCEPTION
2384  	    WHEN OTHERS THEN
2385  	      -- consume error
2386  	      l_result := otap_constants.OTAP_NUM_TEST_UNDEFINED;
2387  	      l_errors := otap_string.reduce('Internal error ' || l_script || ': ' || SQLERRM, 4000);
2388  	      otap_log.log(SQLERRM, l_script, 'Execute ' || l_script || ' function');
2389  	      -- try again
2390  	      l_return := otap_plan.write_test_result(l_desc, o_otap_session, l_schema, l_result, l_start, l_errors);
2391  	  END;
2392  	  -- return result or let exception happen
2393  	  RETURN l_return;
2394  	END ok;
2395  
2396  	FUNCTION is_eq( p_have		  IN		VARCHAR2
2397  		      , p_want		  IN		VARCHAR2
2398  		      , o_otap_session	  IN OUT NOCOPY OTAP_SESSION
2399  		      , p_description	  IN		VARCHAR2      DEFAULT NULL
2400  		      , p_expected_result IN		NUMBER	      DEFAULT otap_constants.OTAP_NUM_TEST_PASSED
2401  		      , p_schema	  IN		VARCHAR2      DEFAULT NULL
2402  		      )
2403  	  RETURN VARCHAR2
2404  	IS
2405  	  l_script	     VARCHAR2(1024 CHAR)		  := 'otap_api.is_eq';
2406  	  l_start	     TIMESTAMP;
2407  	  l_result	     INTEGER;
2408  	  l_return	     VARCHAR2(4000 CHAR);
2409  	  l_errors	     otap_results.test_errors%TYPE;
2410  	  l_schema	     otap_results.db_schema%TYPE;
2411  	  l_desc	     otap_results.test_desc%TYPE;
2412  	BEGIN
2413  	  l_start  := SYSTIMESTAMP;
2414  	  -- default return
2415  	  l_return := otap_util.test_result_to_text(otap_constants.OTAP_NUM_TEST_UNDEFINED, o_otap_session.session_language) || ' ' || otap_constants.OTAP_INTERNAL_NA;
2416  	  l_schema := COALESCE(p_schema, o_otap_session.db_schema, SYS_CONTEXT('USERENV', 'CURRENT_SCHEMA'));
2417  	  -- own begin-end for the transaction after the function
2418  	  BEGIN
2419  	    -- own begin-end block for the function itself and prepare
2420  	    BEGIN
2421  	      l_desc   := otap_string.reduce( otap_report.get_match_msg( p_match_type => otap_util.CFG_LABEL_VARCHAR2
2422  								       , p_match_data => NVL(p_want, 'NULL')
2423  								       , p_test_desc => p_description
2424  								       , p_language_id => o_otap_session.session_language
2425  								       )
2426  					    , 256
2427  					    )
2428  	      ;
2429  	      -- call function
2430  	      l_result := otap_logic.is_eq(p_have, p_want, l_errors, p_expected_result);
2431  	    EXCEPTION
2432  	      WHEN OTHERS THEN
2433  	      -- consume error
2434  	      l_result := otap_constants.OTAP_NUM_TEST_UNDEFINED;
2435  	      l_errors := otap_string.reduce('Internal error ' || l_script || ': ' || SQLERRM, 4000);
2436  	      otap_log.log(SQLERRM, l_script, 'Execute ' || l_script || ' function VARCHAR2');
2437  	    END;
2438  	    -- write result
2439  	    l_return := otap_plan.write_test_result(l_desc, o_otap_session, l_schema, l_result, l_start, l_errors);
2440  	  EXCEPTION
2441  	    WHEN OTHERS THEN
2442  	      -- consume error
2443  	      l_result := otap_constants.OTAP_NUM_TEST_UNDEFINED;
2444  	      l_errors := otap_string.reduce('Internal error ' || l_script || ': ' || SQLERRM, 4000);
2445  	      otap_log.log(SQLERRM, l_script, 'Execute ' || l_script || ' function VARCHAR2');
2446  	      -- try again
2447  	      l_return := otap_plan.write_test_result(l_desc, o_otap_session, l_schema, l_result, l_start, l_errors);
2448  	  END;
2449  	  -- return result or let exception happen
2450  	  RETURN l_return;
2451  	END is_eq;
2452  
2453  	FUNCTION is_eq( p_have		  IN		NUMBER
2454  		      , p_want		  IN		NUMBER
2455  		      , o_otap_session	  IN OUT NOCOPY OTAP_SESSION
2456  		      , p_description	  IN		VARCHAR2      DEFAULT NULL
2457  		      , p_expected_result IN		NUMBER	      DEFAULT otap_constants.OTAP_NUM_TEST_PASSED
2458  		      , p_schema	  IN		VARCHAR2      DEFAULT NULL
2459  		      )
2460  	  RETURN VARCHAR2
2461  	IS
2462  	  l_script	     VARCHAR2(1024 CHAR)		  := 'otap_api.is_eq';
2463  	  l_start	     TIMESTAMP;
2464  	  l_result	     INTEGER;
2465  	  l_return	     VARCHAR2(4000 CHAR);
2466  	  l_errors	     otap_results.test_errors%TYPE;
2467  	  l_schema	     otap_results.db_schema%TYPE;
2468  	  l_desc	     otap_results.test_desc%TYPE;
2469  	BEGIN
2470  	  l_start  := SYSTIMESTAMP;
2471  	  -- default return
2472  	  l_return := otap_util.test_result_to_text(otap_constants.OTAP_NUM_TEST_UNDEFINED, o_otap_session.session_language) || ' ' || otap_constants.OTAP_INTERNAL_NA;
2473  	  l_schema := COALESCE(p_schema, o_otap_session.db_schema, SYS_CONTEXT('USERENV', 'CURRENT_SCHEMA'));
2474  	  -- own begin-end for the transaction after the function
2475  	  BEGIN
2476  	    -- own begin-end block for the function itself and prepare
2477  	    BEGIN
2478  	      l_desc   := otap_string.reduce( otap_report.get_match_msg( p_match_type => otap_util.CFG_LABEL_NUMBER
2479  								       , p_match_data => NVL(TRIM(TO_CHAR(p_want)), 'NULL')
2480  								       , p_test_desc => p_description
2481  								       , p_language_id => o_otap_session.session_language
2482  								       )
2483  					    , 256
2484  					    )
2485  	      ;
2486  	      -- call function
2487  	      l_result := otap_logic.is_eq(p_have, p_want, l_errors, p_expected_result);
2488  	    EXCEPTION
2489  	      WHEN OTHERS THEN
2490  	      -- consume error
2491  	      l_result := otap_constants.OTAP_NUM_TEST_UNDEFINED;
2492  	      l_errors := otap_string.reduce('Internal error ' || l_script || ': ' || SQLERRM, 4000);
2493  	      otap_log.log(SQLERRM, l_script, 'Execute ' || l_script || ' function NUMBER');
2494  	    END;
2495  	    -- write result
2496  	    l_return := otap_plan.write_test_result(l_desc, o_otap_session, l_schema, l_result, l_start, l_errors);
2497  	  EXCEPTION
2498  	    WHEN OTHERS THEN
2499  	      -- consume error
2500  	      l_result := otap_constants.OTAP_NUM_TEST_UNDEFINED;
2501  	      l_errors := otap_string.reduce('Internal error ' || l_script || ': ' || SQLERRM, 4000);
2502  	      otap_log.log(SQLERRM, l_script, 'Execute ' || l_script || ' function NUMBER');
2503  	      -- try again
2504  	      l_return := otap_plan.write_test_result(l_desc, o_otap_session, l_schema, l_result, l_start, l_errors);
2505  	  END;
2506  	  -- return result or let exception happen
2507  	  RETURN l_return;
2508  	END is_eq;
2509  
2510  	FUNCTION is_eq( p_have		  IN		DATE
2511  		      , p_want		  IN		DATE
2512  		      , o_otap_session	  IN OUT NOCOPY OTAP_SESSION
2513  		      , p_description	  IN		VARCHAR2      DEFAULT NULL
2514  		      , p_expected_result IN		NUMBER	      DEFAULT otap_constants.OTAP_NUM_TEST_PASSED
2515  		      , p_schema	  IN		VARCHAR2      DEFAULT NULL
2516  		      )
2517  	  RETURN VARCHAR2
2518  	IS
2519  	  l_script	     VARCHAR2(1024 CHAR)		  := 'otap_api.is_eq';
2520  	  l_start	     TIMESTAMP;
2521  	  l_result	     INTEGER;
2522  	  l_return	     VARCHAR2(4000 CHAR);
2523  	  l_errors	     otap_results.test_errors%TYPE;
2524  	  l_schema	     otap_results.db_schema%TYPE;
2525  	  l_desc	     otap_results.test_desc%TYPE;
2526  	BEGIN
2527  	  l_start  := SYSTIMESTAMP;
2528  	  -- default return
2529  	  l_return := otap_util.test_result_to_text(otap_constants.OTAP_NUM_TEST_UNDEFINED, o_otap_session.session_language) || ' ' || otap_constants.OTAP_INTERNAL_NA;
2530  	  l_schema := COALESCE(p_schema, o_otap_session.db_schema, SYS_CONTEXT('USERENV', 'CURRENT_SCHEMA'));
2531  	  -- own begin-end for the transaction after the function
2532  	  BEGIN
2533  	    -- own begin-end block for the function itself and prepare
2534  	    BEGIN
2535  	      l_desc   := otap_string.reduce( otap_report.get_match_msg( p_match_type => otap_util.CFG_LABEL_DATE
2536  								       , p_match_data => NVL(TO_CHAR(p_want, 'YYYY-MM-DD HH24:MI:SS.SSSSS'), 'NULL')
2537  								       , p_test_desc => p_description
2538  								       , p_language_id => o_otap_session.session_language
2539  								       )
2540  					    , 256
2541  					    )
2542  	      ;
2543  	      -- call function
2544  	      l_result := otap_logic.is_eq(p_have, p_want, l_errors, p_expected_result);
2545  	    EXCEPTION
2546  	      WHEN OTHERS THEN
2547  	      -- consume error
2548  	      l_result := otap_constants.OTAP_NUM_TEST_UNDEFINED;
2549  	      l_errors := otap_string.reduce('Internal error ' || l_script || ': ' || SQLERRM, 4000);
2550  	      otap_log.log(SQLERRM, l_script, 'Execute ' || l_script || ' function DATE');
2551  	    END;
2552  	    -- write result
2553  	    l_return := otap_plan.write_test_result(l_desc, o_otap_session, l_schema, l_result, l_start, l_errors);
2554  	  EXCEPTION
2555  	    WHEN OTHERS THEN
2556  	      -- consume error
2557  	      l_result := otap_constants.OTAP_NUM_TEST_UNDEFINED;
2558  	      l_errors := otap_string.reduce('Internal error ' || l_script || ': ' || SQLERRM, 4000);
2559  	      otap_log.log(SQLERRM, l_script, 'Execute ' || l_script || ' function DATE');
2560  	      -- try again
2561  	      l_return := otap_plan.write_test_result(l_desc, o_otap_session, l_schema, l_result, l_start, l_errors);
2562  	  END;
2563  	  -- return result or let exception happen
2564  	  RETURN l_return;
2565  	END is_eq;
2566  
2567  	FUNCTION match_regex( p_have		IN	      VARCHAR2
2568  			    , p_regex		IN	      VARCHAR2
2569  			    , o_otap_session	IN OUT NOCOPY OTAP_SESSION
2570  			    , p_description	IN	      VARCHAR2	    DEFAULT NULL
2571  			    , p_param		IN	      VARCHAR2	    DEFAULT NULL
2572  			    , p_expected_result IN	      NUMBER	    DEFAULT otap_constants.OTAP_NUM_TEST_PASSED
2573  			    , p_schema		IN	      VARCHAR2	    DEFAULT NULL
2574  			    )
2575  	  RETURN VARCHAR2
2576  	IS
2577  	  l_script	     VARCHAR2(1024 CHAR)		  := 'otap_api.match_regex';
2578  	  l_start	     TIMESTAMP;
2579  	  l_result	     INTEGER;
2580  	  l_return	     VARCHAR2(4000 CHAR);
2581  	  l_errors	     otap_results.test_errors%TYPE;
2582  	  l_schema	     otap_results.db_schema%TYPE;
2583  	  l_desc	     otap_results.test_desc%TYPE;
2584  	BEGIN
2585  	  l_start  := SYSTIMESTAMP;
2586  	  -- default return
2587  	  l_return := otap_util.test_result_to_text(otap_constants.OTAP_NUM_TEST_UNDEFINED, o_otap_session.session_language) || ' ' || otap_constants.OTAP_INTERNAL_NA;
2588  	  l_schema := COALESCE(p_schema, o_otap_session.db_schema, SYS_CONTEXT('USERENV', 'CURRENT_SCHEMA'));
2589  	  -- own begin-end for the transaction after the function
2590  	  BEGIN
2591  	    -- own begin-end block for the function itself and prepare
2592  	    BEGIN
2593  	      l_desc   := otap_string.reduce( otap_report.get_match_msg( p_match_type => otap_util.CFG_LABEL_VARCHAR2
2594  								       , p_match_data => NVL(p_regex, otap_constants.OTAP_INTERNAL_NA)
2595  								       , p_test_desc => p_description
2596  								       , p_language_id => o_otap_session.session_language
2597  								       )
2598  					    , 256
2599  					    )
2600  	      ;
2601  	      -- call function
2602  	      l_result := otap_logic.match_regex(p_have, p_regex, l_errors, p_param, p_expected_result);
2603  	    EXCEPTION
2604  	      WHEN OTHERS THEN
2605  	      -- consume error
2606  	      l_result := otap_constants.OTAP_NUM_TEST_UNDEFINED;
2607  	      l_errors := otap_string.reduce('Internal error ' || l_script || ': ' || SQLERRM, 4000);
2608  	      otap_log.log(SQLERRM, l_script, 'Execute ' || l_script || ' function');
2609  	    END;
2610  	    -- write result
2611  	    l_return := otap_plan.write_test_result(l_desc, o_otap_session, l_schema, l_result, l_start, l_errors);
2612  	  EXCEPTION
2613  	    WHEN OTHERS THEN
2614  	      -- consume error
2615  	      l_result := otap_constants.OTAP_NUM_TEST_UNDEFINED;
2616  	      l_errors := otap_string.reduce('Internal error ' || l_script || ': ' || SQLERRM, 4000);
2617  	      otap_log.log(SQLERRM, l_script, 'Execute ' || l_script || ' function');
2618  	      -- try again
2619  	      l_return := otap_plan.write_test_result(l_desc, o_otap_session, l_schema, l_result, l_start, l_errors);
2620  	  END;
2621  	  -- return result or let exception happen
2622  	  RETURN l_return;
2623  	END match_regex;
2624  
2625  	FUNCTION alike( p_have		  IN		VARCHAR2
2626  		      , p_like		  IN		VARCHAR2
2627  		      , o_otap_session	  IN OUT NOCOPY OTAP_SESSION
2628  		      , p_case_sensitive  IN		NUMBER	      DEFAULT otap_constants.OTAP_NUM_FALSE
2629  		      , p_description	  IN		VARCHAR2      DEFAULT NULL
2630  		      , p_expected_result IN		NUMBER	      DEFAULT otap_constants.OTAP_NUM_TEST_PASSED
2631  		      , p_schema	  IN		VARCHAR2      DEFAULT NULL
2632  		      )
2633  	  RETURN VARCHAR2
2634  	IS
2635  	  l_script	     VARCHAR2(1024 CHAR)		  := 'otap_api.alike';
2636  	  l_start	     TIMESTAMP;
2637  	  l_result	     INTEGER;
2638  	  l_return	     VARCHAR2(4000 CHAR);
2639  	  l_errors	     otap_results.test_errors%TYPE;
2640  	  l_schema	     otap_results.db_schema%TYPE;
2641  	  l_desc	     otap_results.test_desc%TYPE;
2642  	BEGIN
2643  	  l_start  := SYSTIMESTAMP;
2644  	  -- default return
2645  	  l_return := otap_util.test_result_to_text(otap_constants.OTAP_NUM_TEST_UNDEFINED, o_otap_session.session_language) || ' ' || otap_constants.OTAP_INTERNAL_NA;
2646  	  l_schema := COALESCE(p_schema, o_otap_session.db_schema, SYS_CONTEXT('USERENV', 'CURRENT_SCHEMA'));
2647  	  -- own begin-end for the transaction after the function
2648  	  BEGIN
2649  	    -- own begin-end block for the function itself and prepare
2650  	    BEGIN
2651  	      l_desc   := otap_string.reduce( otap_report.get_match_msg( p_match_type => otap_util.CFG_LABEL_VARCHAR2
2652  								       , p_match_data => NVL(p_like, otap_constants.OTAP_INTERNAL_NA)
2653  								       , p_test_desc => p_description
2654  								       , p_language_id => o_otap_session.session_language
2655  								       )
2656  					    , 256
2657  					    )
2658  	      ;
2659  	      -- call function
2660  	      l_result := otap_logic.alike(p_have, p_like, l_errors, p_case_sensitive, p_expected_result);
2661  	    EXCEPTION
2662  	      WHEN OTHERS THEN
2663  	      -- consume error
2664  	      l_result := otap_constants.OTAP_NUM_TEST_UNDEFINED;
2665  	      l_errors := otap_string.reduce('Internal error ' || l_script || ': ' || SQLERRM, 4000);
2666  	      otap_log.log(SQLERRM, l_script, 'Execute ' || l_script || ' function');
2667  	    END;
2668  	    -- write result
2669  	    l_return := otap_plan.write_test_result(l_desc, o_otap_session, l_schema, l_result, l_start, l_errors);
2670  	  EXCEPTION
2671  	    WHEN OTHERS THEN
2672  	      -- consume error
2673  	      l_result := otap_constants.OTAP_NUM_TEST_UNDEFINED;
2674  	      l_errors := otap_string.reduce('Internal error ' || l_script || ': ' || SQLERRM, 4000);
2675  	      otap_log.log(SQLERRM, l_script, 'Execute ' || l_script || ' function');
2676  	      -- try again
2677  	      l_return := otap_plan.write_test_result(l_desc, o_otap_session, l_schema, l_result, l_start, l_errors);
2678  	  END;
2679  	  -- return result or let exception happen
2680  	  RETURN l_return;
2681  	END alike;
2682  
2683  	FUNCTION throws_ok( p_statement       IN	    VARCHAR2
2684  			  , p_sqlerrm	      IN	    VARCHAR2
2685  			  , o_otap_session    IN OUT NOCOPY OTAP_SESSION
2686  			  , p_header_def      IN	    VARCHAR2	  DEFAULT NULL
2687  			  , p_description     IN	    VARCHAR2	  DEFAULT NULL
2688  			  , p_expected_result IN	    NUMBER	  DEFAULT otap_constants.OTAP_NUM_TEST_PASSED
2689  			  , p_schema	      IN	    VARCHAR2	  DEFAULT NULL
2690  			  )
2691  	  RETURN VARCHAR2
2692  	IS
2693  	  l_script	     VARCHAR2(1024 CHAR)		  := 'otap_api.throws_ok';
2694  	  l_start	     TIMESTAMP;
2695  	  l_result	     INTEGER;
2696  	  l_return	     VARCHAR2(4000 CHAR);
2697  	  l_errors	     otap_results.test_errors%TYPE;
2698  	  l_schema	     otap_results.db_schema%TYPE;
2699  	  l_desc	     otap_results.test_desc%TYPE;
2700  	BEGIN
2701  	  l_start  := SYSTIMESTAMP;
2702  	  -- default return
2703  	  l_return := otap_util.test_result_to_text(otap_constants.OTAP_NUM_TEST_UNDEFINED, o_otap_session.session_language) || ' ' || otap_constants.OTAP_INTERNAL_NA;
2704  	  l_schema := COALESCE(p_schema, o_otap_session.db_schema, SYS_CONTEXT('USERENV', 'CURRENT_SCHEMA'));
2705  	  -- own begin-end for the transaction after the function
2706  	  BEGIN
2707  	    -- own begin-end block for the function itself and prepare
2708  	    BEGIN
2709  	      l_desc   := otap_string.reduce( otap_report.get_match_msg( p_match_type => otap_util.CFG_LABEL_EXCEPTION
2710  								       , p_match_data => NVL(p_sqlerrm, otap_constants.OTAP_INTERNAL_NA)
2711  								       , p_test_desc => p_description
2712  								       , p_language_id => o_otap_session.session_language
2713  								       )
2714  					    , 256
2715  					    )
2716  	      ;
2717  	      -- call function
2718  	      l_result := otap_logic.throws_ok(p_statement, p_sqlerrm, l_errors, p_header_def, p_expected_result);
2719  	    EXCEPTION
2720  	      WHEN OTHERS THEN
2721  	      -- consume error
2722  	      l_result := otap_constants.OTAP_NUM_TEST_UNDEFINED;
2723  	      l_errors := otap_string.reduce('Internal error ' || l_script || ': ' || SQLERRM, 4000);
2724  	      otap_log.log(SQLERRM, l_script, 'Execute ' || l_script || ' function error message');
2725  	    END;
2726  	    -- write result
2727  	    l_return := otap_plan.write_test_result(l_desc, o_otap_session, l_schema, l_result, l_start, l_errors);
2728  	  EXCEPTION
2729  	    WHEN OTHERS THEN
2730  	      -- consume error
2731  	      l_result := otap_constants.OTAP_NUM_TEST_UNDEFINED;
2732  	      l_errors := otap_string.reduce('Internal error ' || l_script || ': ' || SQLERRM, 4000);
2733  	      otap_log.log(SQLERRM, l_script, 'Execute ' || l_script || ' function error message');
2734  	      -- try again
2735  	      l_return := otap_plan.write_test_result(l_desc, o_otap_session, l_schema, l_result, l_start, l_errors);
2736  	  END;
2737  	  -- return result or let exception happen
2738  	  RETURN l_return;
2739  	END throws_ok;
2740  
2741  	FUNCTION throws_ok( p_statement       IN	    VARCHAR2
2742  			  , p_sqlcode	      IN	    NUMBER
2743  			  , o_otap_session    IN OUT NOCOPY OTAP_SESSION
2744  			  , p_header_def      IN	    VARCHAR2	  DEFAULT NULL
2745  			  , p_description     IN	    VARCHAR2	  DEFAULT NULL
2746  			  , p_expected_result IN	    NUMBER	  DEFAULT otap_constants.OTAP_NUM_TEST_PASSED
2747  			  , p_schema	      IN	    VARCHAR2	  DEFAULT NULL
2748  			  )
2749  	  RETURN VARCHAR2
2750  	IS
2751  	  l_script	     VARCHAR2(1024 CHAR)		  := 'otap_api.throws_ok';
2752  	  l_start	     TIMESTAMP;
2753  	  l_result	     INTEGER;
2754  	  l_return	     VARCHAR2(4000 CHAR);
2755  	  l_errors	     otap_results.test_errors%TYPE;
2756  	  l_schema	     otap_results.db_schema%TYPE;
2757  	  l_desc	     otap_results.test_desc%TYPE;
2758  	BEGIN
2759  	  l_start  := SYSTIMESTAMP;
2760  	  -- default return
2761  	  l_return := otap_util.test_result_to_text(otap_constants.OTAP_NUM_TEST_UNDEFINED, o_otap_session.session_language) || ' ' || otap_constants.OTAP_INTERNAL_NA;
2762  	  l_schema := COALESCE(p_schema, o_otap_session.db_schema, SYS_CONTEXT('USERENV', 'CURRENT_SCHEMA'));
2763  	  -- own begin-end for the transaction after the function
2764  	  BEGIN
2765  	    -- own begin-end block for the function itself and prepare
2766  	    BEGIN
2767  	      l_desc   := otap_string.reduce( otap_report.get_match_msg( p_match_type => otap_util.CFG_LABEL_EXCEPTION
2768  								       , p_match_data => NVL(TRIM(TO_CHAR(p_sqlcode)), otap_constants.OTAP_INTERNAL_NA)
2769  								       , p_test_desc => p_description
2770  								       , p_language_id => o_otap_session.session_language
2771  								       )
2772  					    , 256
2773  					    )
2774  	      ;
2775  	      -- call function
2776  	      l_result := otap_logic.throws_ok(p_statement, p_sqlcode, l_errors, p_header_def, p_expected_result);
2777  	    EXCEPTION
2778  	      WHEN OTHERS THEN
2779  	      -- consume error
2780  	      l_result := otap_constants.OTAP_NUM_TEST_UNDEFINED;
2781  	      l_errors := otap_string.reduce('Internal error ' || l_script || ': ' || SQLERRM, 4000);
2782  	      otap_log.log(SQLERRM, l_script, 'Execute ' || l_script || ' function error code');
2783  	    END;
2784  	    -- write result
2785  	    l_return := otap_plan.write_test_result(l_desc, o_otap_session, l_schema, l_result, l_start, l_errors);
2786  	  EXCEPTION
2787  	    WHEN OTHERS THEN
2788  	      -- consume error
2789  	      l_result := otap_constants.OTAP_NUM_TEST_UNDEFINED;
2790  	      l_errors := otap_string.reduce('Internal error ' || l_script || ': ' || SQLERRM, 4000);
2791  	      otap_log.log(SQLERRM, l_script, 'Execute ' || l_script || ' function error code');
2792  	      -- try again
2793  	      l_return := otap_plan.write_test_result(l_desc, o_otap_session, l_schema, l_result, l_start, l_errors);
2794  	  END;
2795  	  -- return result or let exception happen
2796  	  RETURN l_return;
2797  	END throws_ok;
2798  
2799  	FUNCTION throws_matches( p_statement	   IN		 VARCHAR2
2800  			       , p_regex_sqlerrm   IN		 VARCHAR2
2801  			       , o_otap_session    IN OUT NOCOPY OTAP_SESSION
2802  			       , p_param	   IN		 VARCHAR2     DEFAULT NULL
2803  			       , p_header_def	   IN		 VARCHAR2     DEFAULT NULL
2804  			       , p_description	   IN		 VARCHAR2     DEFAULT NULL
2805  			       , p_expected_result IN		 NUMBER       DEFAULT otap_constants.OTAP_NUM_TEST_PASSED
2806  			       , p_schema	   IN		 VARCHAR2     DEFAULT NULL
2807  			       )
2808  	  RETURN VARCHAR2
2809  	IS
2810  	  l_script	     VARCHAR2(1024 CHAR)		  := 'otap_api.throws_matches';
2811  	  l_start	     TIMESTAMP;
2812  	  l_result	     INTEGER;
2813  	  l_return	     VARCHAR2(4000 CHAR);
2814  	  l_errors	     otap_results.test_errors%TYPE;
2815  	  l_schema	     otap_results.db_schema%TYPE;
2816  	  l_desc	     otap_results.test_desc%TYPE;
2817  	BEGIN
2818  	  l_start  := SYSTIMESTAMP;
2819  	  -- default return
2820  	  l_return := otap_util.test_result_to_text(otap_constants.OTAP_NUM_TEST_UNDEFINED, o_otap_session.session_language) || ' ' || otap_constants.OTAP_INTERNAL_NA;
2821  	  l_schema := COALESCE(p_schema, o_otap_session.db_schema, SYS_CONTEXT('USERENV', 'CURRENT_SCHEMA'));
2822  	  -- own begin-end for the transaction after the function
2823  	  BEGIN
2824  	    -- own begin-end block for the function itself and prepare
2825  	    BEGIN
2826  	      l_desc   := otap_string.reduce( otap_report.get_match_msg( p_match_type => otap_util.CFG_LABEL_EXCEPTION
2827  								       , p_match_data => NVL(p_regex_sqlerrm, otap_constants.OTAP_INTERNAL_NA)
2828  								       , p_test_desc => p_description
2829  								       , p_language_id => o_otap_session.session_language
2830  								       )
2831  					    , 256
2832  					    )
2833  	      ;
2834  	      -- call function
2835  	      l_result := otap_logic.throws_matches(p_statement, p_regex_sqlerrm, l_errors, p_param, p_header_def, p_expected_result);
2836  	    EXCEPTION
2837  	      WHEN OTHERS THEN
2838  	      -- consume error
2839  	      l_result := otap_constants.OTAP_NUM_TEST_UNDEFINED;
2840  	      l_errors := otap_string.reduce('Internal error ' || l_script || ': ' || SQLERRM, 4000);
2841  	      otap_log.log(SQLERRM, l_script, 'Execute ' || l_script || ' function');
2842  	    END;
2843  	    -- write result
2844  	    l_return := otap_plan.write_test_result(l_desc, o_otap_session, l_schema, l_result, l_start, l_errors);
2845  	  EXCEPTION
2846  	    WHEN OTHERS THEN
2847  	      -- consume error
2848  	      l_result := otap_constants.OTAP_NUM_TEST_UNDEFINED;
2849  	      l_errors := otap_string.reduce('Internal error ' || l_script || ': ' || SQLERRM, 4000);
2850  	      otap_log.log(SQLERRM, l_script, 'Execute ' || l_script || ' function');
2851  	      -- try again
2852  	      l_return := otap_plan.write_test_result(l_desc, o_otap_session, l_schema, l_result, l_start, l_errors);
2853  	  END;
2854  	  -- return result or let exception happen
2855  	  RETURN l_return;
2856  	END throws_matches;
2857  
2858  	FUNCTION throws_like( p_statement	IN	      VARCHAR2
2859  			    , p_like_sqlerrm	IN	      VARCHAR2
2860  			    , o_otap_session	IN OUT NOCOPY OTAP_SESSION
2861  			    , p_case_sensitive	IN	      NUMBER	   DEFAULT otap_constants.OTAP_NUM_FALSE
2862  			    , p_header_def	IN	      VARCHAR2	   DEFAULT NULL
2863  			    , p_description	IN	      VARCHAR2	   DEFAULT NULL
2864  			    , p_expected_result IN	      NUMBER	   DEFAULT otap_constants.OTAP_NUM_TEST_PASSED
2865  			    , p_schema		IN	      VARCHAR2	   DEFAULT NULL
2866  			    )
2867  	  RETURN VARCHAR2
2868  	IS
2869  	  l_script	     VARCHAR2(1024 CHAR)		  := 'otap_api.throws_like';
2870  	  l_start	     TIMESTAMP;
2871  	  l_result	     INTEGER;
2872  	  l_return	     VARCHAR2(4000 CHAR);
2873  	  l_errors	     otap_results.test_errors%TYPE;
2874  	  l_schema	     otap_results.db_schema%TYPE;
2875  	  l_desc	     otap_results.test_desc%TYPE;
2876  	BEGIN
2877  	  l_start  := SYSTIMESTAMP;
2878  	  -- default return
2879  	  l_return := otap_util.test_result_to_text(otap_constants.OTAP_NUM_TEST_UNDEFINED, o_otap_session.session_language) || ' ' || otap_constants.OTAP_INTERNAL_NA;
2880  	  l_schema := COALESCE(p_schema, o_otap_session.db_schema, SYS_CONTEXT('USERENV', 'CURRENT_SCHEMA'));
2881  	  -- own begin-end for the transaction after the function
2882  	  BEGIN
2883  	    -- own begin-end block for the function itself and prepare
2884  	    BEGIN
2885  	      l_desc   := otap_string.reduce( otap_report.get_match_msg( p_match_type => otap_util.CFG_LABEL_EXCEPTION
2886  								       , p_match_data => NVL(p_like_sqlerrm, otap_constants.OTAP_INTERNAL_NA)
2887  								       , p_test_desc => p_description
2888  								       , p_language_id => o_otap_session.session_language
2889  								       )
2890  					    , 256
2891  					    )
2892  	      ;
2893  	      -- call function
2894  	      l_result := otap_logic.throws_like(p_statement, p_like_sqlerrm, l_errors, p_case_sensitive, p_header_def, p_expected_result);
2895  	    EXCEPTION
2896  	      WHEN OTHERS THEN
2897  	      -- consume error
2898  	      l_result := otap_constants.OTAP_NUM_TEST_UNDEFINED;
2899  	      l_errors := otap_string.reduce('Internal error ' || l_script || ': ' || SQLERRM, 4000);
2900  	      otap_log.log(SQLERRM, l_script, 'Execute ' || l_script || ' function');
2901  	    END;
2902  	    -- write result
2903  	    l_return := otap_plan.write_test_result(l_desc, o_otap_session, l_schema, l_result, l_start, l_errors);
2904  	  EXCEPTION
2905  	    WHEN OTHERS THEN
2906  	      -- consume error
2907  	      l_result := otap_constants.OTAP_NUM_TEST_UNDEFINED;
2908  	      l_errors := otap_string.reduce('Internal error ' || l_script || ': ' || SQLERRM, 4000);
2909  	      otap_log.log(SQLERRM, l_script, 'Execute ' || l_script || ' function');
2910  	      -- try again
2911  	      l_return := otap_plan.write_test_result(l_desc, o_otap_session, l_schema, l_result, l_start, l_errors);
2912  	  END;
2913  	  -- return result or let exception happen
2914  	  RETURN l_return;
2915  	END throws_like;
2916  
2917  	FUNCTION test_error( p_description     IN	     VARCHAR2
2918  			   , p_errors	       IN	     VARCHAR2
2919  			   , o_otap_session    IN OUT NOCOPY OTAP_SESSION
2920  			   , p_schema	       IN	     VARCHAR2	  DEFAULT NULL
2921  			   )
2922  	  RETURN VARCHAR2
2923  	IS
2924  	  l_script	     VARCHAR2(1024 CHAR)		  := 'otap_api.test_error';
2925  	  l_start	     TIMESTAMP;
2926  	  l_result	     INTEGER;
2927  	  l_return	     VARCHAR2(4000 CHAR);
2928  	  l_errors	     otap_results.test_errors%TYPE;
2929  	  l_schema	     otap_results.db_schema%TYPE;
2930  	  l_desc	     otap_results.test_desc%TYPE;
2931  	  l_copy	     OTAP_SESSION;
2932  	BEGIN
2933  	  l_start  := SYSTIMESTAMP;
2934  	  -- default return
2935  	  l_return := otap_util.test_result_to_text(otap_constants.OTAP_NUM_TEST_UNDEFINED, o_otap_session.session_language) || ' ' || otap_constants.OTAP_INTERNAL_NA;
2936  	  l_schema := COALESCE(p_schema, o_otap_session.db_schema, SYS_CONTEXT('USERENV', 'CURRENT_SCHEMA'));
2937  	  BEGIN
2938  	    -- define variables
2939  	    l_copy   := otap_objects.otap_session_test_setup( o_otap_session
2940  							    , otap_util.get_config_value(otap_util.CFG_TEXT_TEST_SETUP_SET, o_otap_session.session_language)
2941  							    , otap_util.get_config_value(otap_util.CFG_TEXT_TEST_SETUP_GROUP, o_otap_session.session_language)
2942  							    , otap_util.get_config_value(otap_util.CFG_TEXT_TEST_SETUP_NAME, o_otap_session.session_language)
2943  							    )
2944  	    ;
2945  	    l_result := otap_constants.OTAP_NUM_TEST_UNDEFINED;
2946  	    l_desc   := p_description;
2947  	    l_errors := p_errors;
2948  	    -- write result
2949  	    l_return := otap_plan.write_test_result(l_desc, l_copy, l_schema, l_result, l_start, l_errors);
2950  	    -- take over the test and error count changes
2951  	    o_otap_session.test_count  := l_copy.test_count;
2952  	    o_otap_session.error_count := l_copy.error_count;
2953  	  EXCEPTION
2954  	    WHEN OTHERS THEN
2955  	      -- consume error
2956  	      l_result := otap_constants.OTAP_NUM_TEST_UNDEFINED;
2957  	      l_errors := otap_string.reduce(p_errors || ' Internal error ' || l_script || ': ' || SQLERRM, 4000);
2958  	      otap_log.log(SQLERRM, l_script, 'Execute ' || l_script || ' function');
2959  	      -- try again
2960  	      l_return := otap_plan.write_test_result(l_desc, o_otap_session, l_schema, l_result, l_start, l_errors);
2961  	  END;
2962  	  -- return result or let exception happen
2963  	  RETURN l_return;
2964  	END test_error;
2965  
2966  	FUNCTION test_error_check( p_have	 IN NUMBER
2967  				 , p_want	 IN NUMBER
2968  				 , p_description IN VARCHAR2
2969  				 , o_otap_session    IN OUT NOCOPY OTAP_SESSION
2970  				 , p_schema	 IN VARCHAR2 DEFAULT NULL
2971  				 )
2972  	  RETURN VARCHAR2
2973  	IS
2974  	  l_script	     VARCHAR2(1024 CHAR)		  := 'otap_api.test_error_check';
2975  	  l_start	     TIMESTAMP;
2976  	  l_result	     INTEGER;
2977  	  l_return	     VARCHAR2(4000 CHAR);
2978  	  l_errors	     otap_results.test_errors%TYPE;
2979  	  l_schema	     otap_results.db_schema%TYPE;
2980  	  l_desc	     otap_results.test_desc%TYPE;
2981  	  l_copy	     OTAP_SESSION;
2982  	BEGIN
2983  	  l_start  := SYSTIMESTAMP;
2984  	  -- default return
2985  	  l_return := otap_util.test_result_to_text(otap_constants.OTAP_NUM_TEST_UNDEFINED, o_otap_session.session_language) || ' ' || otap_constants.OTAP_INTERNAL_NA;
2986  	  l_schema := COALESCE(p_schema, o_otap_session.db_schema, SYS_CONTEXT('USERENV', 'CURRENT_SCHEMA'));
2987  	  BEGIN
2988  	    -- define variables
2989  	    l_copy   := otap_objects.otap_session_test_setup( o_otap_session
2990  							    , otap_util.get_config_value(otap_util.CFG_TEXT_TEST_SETUP_SET, o_otap_session.session_language)
2991  							    , otap_util.get_config_value(otap_util.CFG_TEXT_TEST_SETUP_GROUP, o_otap_session.session_language)
2992  							    , otap_util.get_config_value(otap_util.CFG_TEXT_TEST_SETUP_NAME, o_otap_session.session_language)
2993  							    )
2994  	    ;
2995  	    l_return := otap_api.is_eq(p_have, p_want, l_copy, p_description);
2996  	    -- take over the test and error count changes
2997  	    o_otap_session.test_count  := l_copy.test_count;
2998  	    o_otap_session.error_count := l_copy.error_count;
2999  	  EXCEPTION
3000  	    WHEN OTHERS THEN
3001  	      -- consume error
3002  	      l_result := otap_constants.OTAP_NUM_TEST_UNDEFINED;
3003  	      l_errors := otap_string.reduce(l_script || ': ' || SQLERRM, 4000);
3004  	      otap_log.log(SQLERRM, l_script, 'Execute ' || l_script || ' function');
3005  	      -- try again
3006  	      l_return := otap_plan.write_test_result(p_description, o_otap_session, l_schema, l_result, l_start, l_errors);
3007  	  END;
3008  	  -- return result or let exception happen
3009  	  RETURN l_return;
3010  	END test_error_check;
3011  
3012  END;
3013  /

Package body created.

SQL> @@../otap_ddl/packages/otap_generate.pks
SQL> -- (C) 2024 Michael Lindenau licensed via https://www.gnu.org/licenses/agpl-3.0.txt
SQL> -- and https://toent.ch/licenses/AI_DISCLOSURE_LICENSE_V1
SQL> -- Not allowed to be used as AI training material without explicite permission.
SQL> -- A package to generate test scripts
SQL> CREATE OR REPLACE PACKAGE otap_generate
  2  AS
  3  
  4    /**
  5    * Provides view functions to generate test scripts from schema objects.
  6    * WARNING This records just the current state of the schema. This does not mean that it is the correct
  7    * or desired state. Control and adjust the generated test calls to your need. This is a helper for
  8    * a simple start with schema tests, NOT with functional tests.
  9    */
 10  
 11    /** FUNCTION otap_generate.column_tests
 12    * Generates the test scripts for the columns of a given table and schema with the current available
 13    * otap schema functions. Limited to line size 4000 but not to rows, like DBMS_OUTPUT. It is up to you how
 14    * you spool the content to files.
 15    *
 16    * @param p_table Mandatory. The table name to get column tests for. Case sensitive.
 17    * @param p_like_column The like expression for the columns to generate tests for. Can also be a specific column name. Case sensitive.
 18    * @param p_schema The schema to generate the column tests for. Default is current schema.
 19    * @param p_title_prefix An optional title prefix for group and test names. Limited to 10 chars.
 20    * @param p_show_header Used to surpress header comments, init, count and finish section. Default 1 will contain all sections, otherwise skipped.
 21    * @param p_excl_sysgen Used to ignore system generated objects identified by SYS_ or $. Default 1 will ignore system generated objects, otherwise included.
 22    *
 23    * @return An OTAP_VIEW_RESULT_REC object as table type OTAP_VIEW_RESULT_TBL.
 24    */
 25    FUNCTION column_tests( p_table	      IN VARCHAR2
 26  			    , p_like_column   IN VARCHAR2 DEFAULT '%'
 27  			    , p_schema	      IN VARCHAR2 DEFAULT SYS_CONTEXT('USERENV', 'CURRENT_SCHEMA')
 28  			    , p_title_prefix  IN VARCHAR2 DEFAULT NULL
 29  			    , p_show_header   IN INTEGER  DEFAULT otap_constants.OTAP_NUM_TRUE
 30  			    , p_excl_sysgen   IN INTEGER  DEFAULT otap_constants.OTAP_NUM_TRUE
 31  			    )
 32  	 RETURN otap_view_result_tbl PIPELINED
 33    ;
 34  
 35    /** FUNCTION otap_generate.table_tests
 36    * Generates the test scripts for the tables of the given schema with the current available
 37    * otap schema functions. Provides group (tables) and name (table name) management.
 38    * Limited to line size 4000 but not to rows, like DBMS_OUTPUT. It is up to you how
 39    * you spool the content to files.
 40    *
 41    * @param p_like_table The like expression for the tables to generate tests for. Can also be a specific table name. Case sensitive.
 42    * @param p_schema The schema to generate the table tests for. Default is current schema.
 43    * @param p_title_prefix An optional title prefix for group and test names. Limited to 10 chars.
 44    * @param p_show_header Used to surpress header comments, init, count and finish section. Default 1 will contain all sections, otherwise skipped.
 45    * @param p_excl_sysgen Used to ignore system generated objects identified by SYS_ or $. Default 1 will ignore system generated objects, otherwise included.
 46    *
 47    * @return An OTAP_VIEW_RESULT_REC object as table type OTAP_VIEW_RESULT_TBL.
 48    */
 49    FUNCTION table_tests( p_like_table    IN VARCHAR2 DEFAULT '%'
 50  			   , p_schema	     IN VARCHAR2 DEFAULT SYS_CONTEXT('USERENV', 'CURRENT_SCHEMA')
 51  			   , p_title_prefix  IN VARCHAR2 DEFAULT NULL
 52  			   , p_show_header   IN INTEGER  DEFAULT otap_constants.OTAP_NUM_TRUE
 53  			   , p_excl_sysgen   IN INTEGER  DEFAULT otap_constants.OTAP_NUM_TRUE
 54  			   )
 55  	 RETURN otap_view_result_tbl PIPELINED
 56    ;
 57  
 58    /** FUNCTION otap_generate.constraint_tests
 59    * Generates the test scripts for the constraints of a given table. Even if system objects are excluded, the generator will create
 60    * tests for system generated NOT NULL constraints, using all parameters apart the constraint name. Limited to line size 4000 but
 61    * not to rows, like DBMS_OUTPUT. It is up to you how you spool the content to files.
 62    *
 63    * @param p_table Mandatory. The table name to get constraint tests for. Case sensitive.
 64    * @param p_like_constraints The like expression for the constraints to generate tests for. Can also be a specific constraint name. Case sensitive.
 65    * @param p_schema The schema to generate the constraint tests for. Default is current schema.
 66    * @param p_title_prefix An optional title prefix for group and test names. Limited to 10 chars.
 67    * @param p_show_header Used to surpress header comments, init, count and finish section. Default 1 will contain all sections, otherwise skipped.
 68    * @param p_excl_sysgen Used to ignore system generated objects identified by SYS_ or $. Default 1 will ignore system generated objects, otherwise included.
 69    *
 70    * @return An OTAP_VIEW_RESULT_REC object as table type OTAP_VIEW_RESULT_TBL.
 71    */
 72    FUNCTION constraint_tests( p_table	     IN VARCHAR2
 73  				, p_like_constraints IN VARCHAR2 DEFAULT '%'
 74  				, p_schema	     IN VARCHAR2 DEFAULT SYS_CONTEXT('USERENV', 'CURRENT_SCHEMA')
 75  				, p_title_prefix     IN VARCHAR2 DEFAULT NULL
 76  				, p_show_header      IN INTEGER  DEFAULT otap_constants.OTAP_NUM_TRUE
 77  				, p_excl_sysgen      IN INTEGER  DEFAULT otap_constants.OTAP_NUM_TRUE
 78  				)
 79  	 RETURN otap_view_result_tbl PIPELINED
 80    ;
 81  
 82    /** FUNCTION otap_generate.index_tests
 83    * Generates the test scripts for the indexes of a given table. Limited to line size 4000 but not to rows,
 84    * like DBMS_OUTPUT. It is up to you how you spool the content to files.
 85    *
 86    * @param p_table Mandatory. The table name to get index tests for. Case sensitive.
 87    * @param p_like_index The like expression for the indexes to generate tests for. Can also be a specific index name. Case sensitive.
 88    * @param p_schema The schema to generate the index tests for. Default is current schema.
 89    * @param p_title_prefix An optional title prefix for group and test names. Limited to 10 chars.
 90    * @param p_show_header Used to surpress header comments, init, count and finish section. Default 1 will contain all sections, otherwise skipped.
 91    * @param p_excl_sysgen Used to ignore system generated objects identified by SYS_ or $. Default 1 will ignore system generated objects, otherwise included.
 92    *
 93    * @return An OTAP_VIEW_RESULT_REC object as table type OTAP_VIEW_RESULT_TBL.
 94    */
 95    FUNCTION index_tests( p_table	     IN VARCHAR2
 96  			   , p_like_index    IN VARCHAR2 DEFAULT '%'
 97  			   , p_schema	     IN VARCHAR2 DEFAULT SYS_CONTEXT('USERENV', 'CURRENT_SCHEMA')
 98  			   , p_title_prefix  IN VARCHAR2 DEFAULT NULL
 99  			   , p_show_header   IN INTEGER  DEFAULT otap_constants.OTAP_NUM_TRUE
100  			   , p_excl_sysgen   IN INTEGER  DEFAULT otap_constants.OTAP_NUM_TRUE
101  			   )
102  	 RETURN otap_view_result_tbl PIPELINED
103    ;
104  
105    /** FUNCTION otap_generate.trigger_tests
106    * Generates the test scripts for the trigger of the given schema with the current available
107    * otap schema functions. Provides group (trigger) and name (table trigger, non table trigger) management.
108    * Limited to line size 4000 but not to rows, like DBMS_OUTPUT. It is up to you how
109    * you spool the content to files.
110    *
111    * @param p_like_trigger The like expression for the trigger to generate tests for. Can also be a specific trigger name. Case sensitive.
112    * @param p_schema The schema to generate the trigger tests for. Default is current schema.
113    * @param p_title_prefix An optional title prefix for group and test names. Limited to 10 chars.
114    * @param p_show_header Used to surpress header comments, init, count and finish section. Default 1 will contain all sections, otherwise skipped.
115    * @param p_excl_sysgen Used to ignore system generated objects identified by SYS_ or $. Default 1 will ignore system generated objects, otherwise included.
116    *
117    * @return An OTAP_VIEW_RESULT_REC object as table type OTAP_VIEW_RESULT_TBL.
118    */
119    FUNCTION trigger_tests( p_like_trigger  IN VARCHAR2 DEFAULT '%'
120  			     , p_schema        IN VARCHAR2 DEFAULT SYS_CONTEXT('USERENV', 'CURRENT_SCHEMA')
121  			     , p_title_prefix  IN VARCHAR2 DEFAULT NULL
122  			     , p_show_header   IN INTEGER  DEFAULT otap_constants.OTAP_NUM_TRUE
123  			     , p_excl_sysgen   IN INTEGER  DEFAULT otap_constants.OTAP_NUM_TRUE
124  			     )
125  	 RETURN otap_view_result_tbl PIPELINED
126    ;
127  
128    /** FUNCTION otap_generate.procedure_tests
129    * Generates the test scripts for the procedures and functions, including packages. with the current available
130    * otap schema functions. Limited to line size 4000 but not to rows, like DBMS_OUTPUT. It is up to you how
131    * you spool the content to files.
132    *
133    * @param p_like_procedure The like expression for the package function or procedure to generate tests for. Can also be a specific function or procedure name. Case sensitive.
134    * @param p_package_name Optional. Package name for the functions and procedures. Case sensitive.
135    * @param p_schema The schema to generate the package tests for. Default is current schema.
136    * @param p_title_prefix An optional title prefix for group and test names. Limited to 10 chars.
137    * @param p_show_header Used to surpress header comments, init, count and finish section. Default 1 will contain all sections, otherwise skipped.
138    * @param p_excl_sysgen Used to ignore system generated objects identified by SYS_ or $. Default 1 will ignore system generated objects, otherwise included.
139    *
140    * @return An OTAP_VIEW_RESULT_REC object as table type OTAP_VIEW_RESULT_TBL.
141    */
142    FUNCTION procedure_tests( p_like_procedure IN VARCHAR2 DEFAULT '%'
143  			       , p_package_name   IN VARCHAR  DEFAULT NULL
144  			       , p_schema	  IN VARCHAR2 DEFAULT SYS_CONTEXT('USERENV', 'CURRENT_SCHEMA')
145  			       , p_title_prefix   IN VARCHAR2 DEFAULT NULL
146  			       , p_show_header	  IN INTEGER  DEFAULT otap_constants.OTAP_NUM_TRUE
147  			       , p_excl_sysgen	  IN INTEGER  DEFAULT otap_constants.OTAP_NUM_TRUE
148  			       )
149  	 RETURN otap_view_result_tbl PIPELINED
150    ;
151  
152    /** FUNCTION otap_generate.package_tests
153    * Generates the test scripts for the packages of the given schema with the current available
154    * otap schema functions. Provides group (package) and name (package function and procedures) management.
155    * Limited to line size 4000 but not to rows, like DBMS_OUTPUT. It is up to you how
156    * you spool the content to files.
157    *
158    * @param p_schema The schema to generate the package tests for. Default is current schema.
159    * @param p_like_package The like expression for the packages to generate tests for. Can also be a specific package name. Case sensitive.
160    * @param p_title_prefix An optional title prefix for group and test names. Limited to 10 chars.
161    * @param p_show_header Used to surpress header comments, init, count and finish section. Default 1 will contain all sections, otherwise skipped.
162    * @param p_excl_sysgen Used to ignore system generated objects identified by SYS_ or $. Default 1 will ignore system generated objects, otherwise included.
163    *
164    * @return An OTAP_VIEW_RESULT_REC object as table type OTAP_VIEW_RESULT_TBL.
165    */
166    FUNCTION package_tests( p_like_package  IN VARCHAR2 DEFAULT '%'
167  			     , p_schema        IN VARCHAR2 DEFAULT SYS_CONTEXT('USERENV', 'CURRENT_SCHEMA')
168  			     , p_title_prefix  IN VARCHAR2 DEFAULT NULL
169  			     , p_show_header   IN INTEGER  DEFAULT otap_constants.OTAP_NUM_TRUE
170  			     , p_excl_sysgen   IN INTEGER  DEFAULT otap_constants.OTAP_NUM_TRUE
171  			     )
172  	 RETURN otap_view_result_tbl PIPELINED
173    ;
174  
175    /** FUNCTION otap_generate.view_tests
176    * Generates the test scripts for the views of the given schema with the current available
177    * otap schema functions. Provides group (views) and name (view name) management.
178    * Limited to line size 4000 but not to rows, like DBMS_OUTPUT. It is up to you how
179    * you spool the content to files.
180    *
181    * @param p_like_view The like expression for the views to generate tests for. Can also be a specific view name. Case sensitive.
182    * @param p_schema The schema to generate the view tests for. Default is current schema.
183    * @param p_title_prefix An optional title prefix for group and test names. Limited to 10 chars.
184    * @param p_show_header Used to surpress header comments, init, count and finish section. Default 1 will contain all sections, otherwise skipped.
185    * @param p_excl_sysgen Used to ignore system generated objects identified by SYS_ or $. Default 1 will ignore system generated objects, otherwise included.
186    *
187    * @return An OTAP_VIEW_RESULT_REC object as table type OTAP_VIEW_RESULT_TBL.
188    */
189    FUNCTION view_tests( p_like_view     IN VARCHAR2 DEFAULT '%'
190  			  , p_schema	    IN VARCHAR2 DEFAULT SYS_CONTEXT('USERENV', 'CURRENT_SCHEMA')
191  			  , p_title_prefix  IN VARCHAR2 DEFAULT NULL
192  			  , p_show_header   IN INTEGER	DEFAULT otap_constants.OTAP_NUM_TRUE
193  			  , p_excl_sysgen   IN INTEGER	DEFAULT otap_constants.OTAP_NUM_TRUE
194  			  )
195  	 RETURN otap_view_result_tbl PIPELINED
196    ;
197  
198    /** FUNCTION otap_generate.schema_user_test
199    * Generates the test script for the schema user processed.
200    * Provides group (users) and name (simple user checks) management.
201    * Limited to line size 4000 but not to rows, like DBMS_OUTPUT. It is up to you how
202    * you spool the content to files.
203    *
204    * @param p_schema The schema to generate the user test for.
205    * @param p_title_prefix An optional title prefix for group and test names. Limited to 10 chars.
206    * @param p_show_header Used to surpress header comments, init, count and finish section. Default 1 will contain all sections, otherwise skipped.
207    *
208    * @return An OTAP_VIEW_RESULT_REC object as table type OTAP_VIEW_RESULT_TBL.
209    */
210    FUNCTION schema_user_test( p_schema	  IN VARCHAR2 DEFAULT NULL
211  				, p_title_prefix  IN VARCHAR2 DEFAULT NULL
212  				, p_show_header   IN INTEGER  DEFAULT otap_constants.OTAP_NUM_TRUE
213  				)
214  	 RETURN otap_view_result_tbl PIPELINED
215    ;
216  
217    /** FUNCTION otap_generate.related_user_tests
218    * Generates the simple test scripts for a user list to be processed. User names will only be checked for user name and open account status.
219    * Provides group (schema user) and name (schema user check) management.
220    * Limited to line size 4000 but not to rows, like DBMS_OUTPUT. It is up to you how
221    * you spool the content to files.
222    *
223    * @param p_user_list The comma separated user list to generate the simple user tests for.
224    * @param p_title_prefix An optional title prefix for group and test names. Limited to 10 chars.
225    * @param p_show_header Used to surpress header comments, init, count and finish section. Default 1 will contain all sections, otherwise skipped.
226    *
227    * @return An OTAP_VIEW_RESULT_REC object as table type OTAP_VIEW_RESULT_TBL.
228    */
229    FUNCTION related_user_tests( p_user_list     IN VARCHAR2 DEFAULT NULL
230  				  , p_title_prefix  IN VARCHAR2 DEFAULT NULL
231  				  , p_show_header   IN INTEGER	DEFAULT otap_constants.OTAP_NUM_TRUE
232  				  )
233  	 RETURN otap_view_result_tbl PIPELINED
234    ;
235  
236    /** FUNCTION otap_generate.type_tests
237    * Generates the test scripts for the types of the given schema with the current available
238    * otap schema functions. Provides name (types) management. Limited to line size 4000 but not
239    * to rows, like DBMS_OUTPUT. It is up to you how you spool the content to files.
240    *
241    * @param p_like_type The like expression for the types to generate tests for. Can also be a specific type name. Case sensitive.
242    * @param p_schema The schema to generate the type tests for. Default is current schema.
243    * @param p_title_prefix An optional title prefix for group and test names. Limited to 10 chars.
244    * @param p_show_header Used to surpress header comments, init, count and finish section. Default 1 will contain all sections, otherwise skipped.
245    * @param p_excl_sysgen Used to ignore system generated objects identified by SYS_ or $. Default 1 will ignore system generated objects, otherwise included.
246    *
247    * @return An OTAP_VIEW_RESULT_REC object as table type OTAP_VIEW_RESULT_TBL.
248    */
249    FUNCTION type_tests( p_like_type     IN VARCHAR2 DEFAULT '%'
250  			  , p_schema	    IN VARCHAR2 DEFAULT SYS_CONTEXT('USERENV', 'CURRENT_SCHEMA')
251  			  , p_title_prefix  IN VARCHAR2 DEFAULT NULL
252  			  , p_show_header   IN INTEGER	DEFAULT otap_constants.OTAP_NUM_TRUE
253  			  , p_excl_sysgen   IN INTEGER	DEFAULT otap_constants.OTAP_NUM_TRUE
254  			  )
255  	 RETURN otap_view_result_tbl PIPELINED
256    ;
257  
258    /** FUNCTION otap_generate.sequence_tests
259    * Generates the test scripts for the sequences of the given schema with the current available
260    * otap schema functions. Provides name (sequences) management. Limited to line size 4000 but not
261    * to rows, like DBMS_OUTPUT. It is up to you how you spool the content to files.
262    *
263    * @param p_like_sequence The like expression for the sequences to generate tests for. Can also be a specific sequence name. Case sensitive.
264    * @param p_schema The schema to generate the sequence tests for. Default is current schema.
265    * @param p_title_prefix An optional title prefix for group and test names. Limited to 10 chars.
266    * @param p_show_header Used to surpress header comments, init, count and finish section. Default 1 will contain all sections, otherwise skipped.
267    * @param p_excl_sysgen Used to ignore system generated objects identified by SYS_ or $. Default 1 will ignore system generated objects, otherwise included.
268    *
269    * @return An OTAP_VIEW_RESULT_REC object as table type OTAP_VIEW_RESULT_TBL.
270    */
271    FUNCTION sequence_tests( p_like_sequence IN VARCHAR2 DEFAULT '%'
272  			      , p_schema	IN VARCHAR2 DEFAULT SYS_CONTEXT('USERENV', 'CURRENT_SCHEMA')
273  			      , p_title_prefix	IN VARCHAR2 DEFAULT NULL
274  			      , p_show_header	IN INTEGER  DEFAULT otap_constants.OTAP_NUM_TRUE
275  			      , p_excl_sysgen	IN INTEGER  DEFAULT otap_constants.OTAP_NUM_TRUE
276  			      )
277  	 RETURN otap_view_result_tbl PIPELINED
278    ;
279  
280    /** FUNCTION otap_generate.sched_job_tests
281    * Generates the test scripts for the scheduler jobs of the given schema with the current available
282    * otap schema functions. Provides name (scheduler jobs) management. Limited to line size 4000 but not
283    * to rows, like DBMS_OUTPUT. It is up to you how you spool the content to files.
284    *
285    * @param p_like_job The like expression for the scheduler jobs to generate tests for. Can also be a specific scheduler job name. Case sensitive.
286    * @param p_schema The schema to generate the scheduler job tests for. Default is current schema.
287    * @param p_title_prefix An optional title prefix for group and test names. Limited to 10 chars.
288    * @param p_show_header Used to surpress header comments, init, count and finish section. Default 1 will contain all sections, otherwise skipped.
289    * @param p_excl_sysgen Used to ignore system generated objects identified by SYS_ or $. Default 1 will ignore system generated objects, otherwise included.
290    *
291    * @return An OTAP_VIEW_RESULT_REC object as table type OTAP_VIEW_RESULT_TBL.
292    */
293    FUNCTION sched_job_tests( p_like_job	 IN VARCHAR2 DEFAULT '%'
294  			       , p_schema	 IN VARCHAR2 DEFAULT SYS_CONTEXT('USERENV', 'CURRENT_SCHEMA')
295  			       , p_title_prefix  IN VARCHAR2 DEFAULT NULL
296  			       , p_show_header	 IN INTEGER  DEFAULT otap_constants.OTAP_NUM_TRUE
297  			       , p_excl_sysgen	 IN INTEGER  DEFAULT otap_constants.OTAP_NUM_TRUE
298  			       )
299  	 RETURN otap_view_result_tbl PIPELINED
300    ;
301  
302    /** FUNCTION otap_generate.schema_tests
303    * Generates the test scripts for the current available otap schema functions.
304    * Provides set, group and name management.  Limited to line size 4000 but not to rows,
305    * like DBMS_OUTPUT. It is up to you how you spool the content to files.
306    *
307    * Including system generated objects is a good idea if your system is stable and you want to
308    * ensure that no one changed the current state. With CI/CD or during development it is a really bad idea.
309    *
310    * There is no best option, some constraints like NOT NULL must be defined inline to count a column as NOT NULL.
311    * With an additional added constraint, the column will be still marked as NULLABLE. Identity columns are another
312    * issue, as you cannot define a name for the generated sequence. Make extra tests limited on the system generated
313    * objects you rely on (like NOT NULL and identity).
314    *
315    * @param p_like_schema The LIKE expression for schema names. Default is current schema. % will generate for all schemas in the database, be careful.
316    * @param p_required_user An optional comma separated list of users required to be checked by the schema test. Will not include the selected schemas. Useful for specific schemas and integration tests.
317    * @param p_title_prefix An optional title prefix for set, group and test names. Limited to 10 chars.
318    * @param p_show_header Used to surpress header comments, init, count and finish section. Default 1 will contain all sections, otherwise skipped.
319    * @param p_excl_sysgen Used to ignore system generated objects identified by SYS_ or $. Default 1 will ignore system generated objects, otherwise included.
320    *
321    * @return An OTAP_VIEW_RESULT_REC object as table type OTAP_VIEW_RESULT_TBL.
322    */
323    FUNCTION schema_tests( p_like_schema   IN VARCHAR2 DEFAULT SYS_CONTEXT('USERENV', 'CURRENT_SCHEMA')
324  			    , p_required_user IN VARCHAR2 DEFAULT NULL
325  			    , p_title_prefix  IN VARCHAR2 DEFAULT NULL
326  			    , p_show_header   IN INTEGER  DEFAULT otap_constants.OTAP_NUM_TRUE
327  			    , p_excl_sysgen   IN INTEGER  DEFAULT otap_constants.OTAP_NUM_TRUE
328  			    )
329  	 RETURN otap_view_result_tbl PIPELINED
330    ;
331  
332    /** FUNCTION otap_generate.prepare
333    * Maps the schema, object type and object to set, group and name, including the prefix, which prefixes the
334    * set without delimiter and returns the function/procedure name for this mapping.
335    *
336    * If p_object_type is empty, p_object is not used at all and o_name is set to NULL. Only NOT NULL values included.
337    *
338    * The prefix gets cutted to max. 10 chars. Set, group and name are reduced to max. 30 chars. Delimiters are removed.
339    *
340    * @param p_title_prefix An optional title prefix. For function names cutted to 10 chars.
341    * @param p_schema The schema to use for set. For function names cutted to 30 chars.
342    * @param p_object_type The object type to use for group like tables, trigger and so on. For function names cutted to 30 chars.
343    * @param p_object The object name to use for name. For function names cutted to 30 chars.
344    * @param o_set The test set from schema and prefix. Limited to 256 chars.
345    * @param o_group The test group from object type. Limited to 256 chars.
346    * @param o_name The test name from object name. Limited to 256 chars.
347    *
348    * @return A valid function/procedure name of pattern test_(p_title_prefix)<o_set>(_<o_group>(_<o_name>)) with maximum length 128.
349    */
350    FUNCTION prepare( p_title_prefix IN	       VARCHAR2
351  		       , p_schema	IN	       VARCHAR2
352  		       , p_object_type	IN	       VARCHAR2
353  		       , p_object	IN	       VARCHAR2
354  		       , o_set		   OUT NOCOPY  VARCHAR2
355  		       , o_group	   OUT NOCOPY  VARCHAR2
356  		       , o_name 	   OUT NOCOPY  VARCHAR2
357  		       )
358  	 RETURN VARCHAR2
359    ;
360  
361    /** PROCEDURE otap_generate.prepare
362    * Does the same as the function but does not return a function name.
363    */
364    PROCEDURE prepare( p_title_prefix IN		VARCHAR2
365  			, p_schema	 IN		VARCHAR2
366  			, p_object_type  IN		VARCHAR2
367  			, p_object	 IN		VARCHAR2
368  			, o_set 	    OUT NOCOPY	VARCHAR2
369  			, o_group	    OUT NOCOPY	VARCHAR2
370  			, o_name	    OUT NOCOPY	VARCHAR2
371  			)
372    ;
373    -- utility functions
374    PROCEDURE set_gen_type(p_gen_type IN VARCHAR2);
375    FUNCTION get_gen_type
376  	 RETURN VARCHAR2
377    ;
378    FUNCTION get_code_prefix
379  	 RETURN VARCHAR2
380    ;
381    FUNCTION get_code_prefix_len
382  	 RETURN NUMBER
383    ;
384    FUNCTION get_code_postfix
385  	 RETURN VARCHAR2
386    ;
387    FUNCTION get_code_pad
388  	 RETURN VARCHAR
389    ;
390    -- header
391    FUNCTION build_script_header( p_title_prefix  IN VARCHAR2 DEFAULT NULL
392  				   , p_schema	     IN VARCHAR2 DEFAULT SYS_CONTEXT('USERENV', 'CURRENT_SCHEMA')
393  				   , p_object_type   IN VARCHAR2 DEFAULT NULL
394  				   , p_object	     IN VARCHAR2 DEFAULT NULL
395  				   , p_scope	     IN VARCHAR2 DEFAULT '%'
396  				   , p_script_count  IN NUMBER	 DEFAULT 0
397  				   , p_show_header   IN NUMBER	 DEFAULT otap_constants.OTAP_NUM_TRUE
398  				   )
399  	 RETURN otap_view_result_tbl PIPELINED
400    ;
401    FUNCTION build_function_header( p_title_prefix  IN VARCHAR2 DEFAULT NULL
402  				     , p_schema        IN VARCHAR2 DEFAULT SYS_CONTEXT('USERENV', 'CURRENT_SCHEMA')
403  				     , p_object_type   IN VARCHAR2 DEFAULT NULL
404  				     , p_object        IN VARCHAR2 DEFAULT NULL
405  				     , p_scope	       IN VARCHAR2 DEFAULT '%'
406  				     , p_script_count  IN NUMBER   DEFAULT 0
407  				     , p_show_header   IN NUMBER   DEFAULT otap_constants.OTAP_NUM_TRUE
408  				     )
409  	 RETURN otap_view_result_tbl PIPELINED
410    ;
411    FUNCTION build_procedure_header( p_title_prefix	IN VARCHAR2 DEFAULT NULL
412  				      , p_schema	IN VARCHAR2 DEFAULT SYS_CONTEXT('USERENV', 'CURRENT_SCHEMA')
413  				      , p_object_type	IN VARCHAR2 DEFAULT NULL
414  				      , p_object	IN VARCHAR2 DEFAULT NULL
415  				      , p_scope 	IN VARCHAR2 DEFAULT '%'
416  				      , p_script_count	IN NUMBER   DEFAULT 0
417  				      , p_show_header	IN NUMBER   DEFAULT otap_constants.OTAP_NUM_TRUE
418  				      )
419  	 RETURN otap_view_result_tbl PIPELINED
420    ;
421    FUNCTION get_header( p_title_prefix  IN VARCHAR2 DEFAULT NULL
422  			  , p_schema	    IN VARCHAR2 DEFAULT SYS_CONTEXT('USERENV', 'CURRENT_SCHEMA')
423  			  , p_object_type   IN VARCHAR2 DEFAULT NULL
424  			  , p_object	    IN VARCHAR2 DEFAULT NULL
425  			  , p_scope	    IN VARCHAR2 DEFAULT '%'
426  			  , p_script_count  IN NUMBER	DEFAULT 0
427  			  , p_show_header   IN NUMBER	DEFAULT otap_constants.OTAP_NUM_TRUE
428  			  )
429  	 RETURN otap_view_result_tbl PIPELINED
430    ;
431    -- footer
432    FUNCTION build_script_footer(p_show_header IN NUMBER DEFAULT otap_constants.OTAP_NUM_TRUE)
433  	 RETURN otap_view_result_tbl PIPELINED
434    ;
435    FUNCTION build_function_footer(p_show_header IN NUMBER DEFAULT otap_constants.OTAP_NUM_TRUE)
436  	 RETURN otap_view_result_tbl PIPELINED
437    ;
438    FUNCTION build_procedure_footer(p_show_header IN NUMBER DEFAULT otap_constants.OTAP_NUM_TRUE)
439  	 RETURN otap_view_result_tbl PIPELINED
440    ;
441    FUNCTION get_footer(p_show_header IN NUMBER DEFAULT otap_constants.OTAP_NUM_TRUE)
442  	 RETURN otap_view_result_tbl PIPELINED
443    ;
444    -- development helper
445    -- determines if a column of a system table or view is NULLABLE, checks the values
446    -- and determines the NVL to use for compares on the column. Provides the column
447    -- name or the expression for the column name, e.g. table_name or NVL(table_name, 'n/a').
448    -- owner of given table is always SYS. Message type is either NVL (0) or variable declaration (1).
449    FUNCTION get_dba_col_details( p_table_name  IN VARCHAR2
450  				   , p_column_name IN VARCHAR2
451  				   , p_msg_type    IN NUMBER   DEFAULT 0
452  				   )
453  	 RETURN VARCHAR2
454    ;
455  
456  END;
457  /

Package created.

SQL> 
SQL> @@../otap_ddl/packages/otap_generate.pkb
SQL> -- (C) 2024 Michael Lindenau licensed via https://www.gnu.org/licenses/agpl-3.0.txt
SQL> -- and https://toent.ch/licenses/AI_DISCLOSURE_LICENSE_V1
SQL> -- Not allowed to be used as AI training material without explicite permission.
SQL> CREATE OR REPLACE PACKAGE BODY otap_generate
  2  AS
  3    -- internal package constants and variables
  4    PREFIX_SQL	   CONSTANT CHAR(7)  := 'SELECT ';
  5    PREFIX_PLSQL	   CONSTANT CHAR(15) := '  l_message := ';
  6    POSTFIX_SQL	   CONSTANT CHAR(11) := ' FROM dual;';
  7    POSTFIX_PLSQL	   CONSTANT CHAR(1)  := ';';
  8  
  9    generation_type VARCHAR2(1) := otap_constants.OTAP_GEN_TYPE_SCRIPT;
 10  
 11    -- for description see header file
 12    PROCEDURE set_gen_type(p_gen_type IN VARCHAR2)
 13    IS
 14    BEGIN
 15  	 IF TRIM(p_gen_type) IN (otap_constants.OTAP_GEN_TYPE_SCRIPT, otap_constants.OTAP_GEN_TYPE_FUNCTION, otap_constants.OTAP_GEN_TYPE_PROCEDURE)
 16  	 THEN
 17  	   generation_type := TRIM(p_gen_type);
 18  	 END IF;
 19    END set_gen_type;
 20  
 21    FUNCTION get_gen_type
 22  	 RETURN VARCHAR2
 23    IS
 24    BEGIN
 25  	 RETURN generation_type;
 26    END;
 27  
 28    FUNCTION get_code_prefix
 29  	 RETURN VARCHAR2
 30    IS
 31    BEGIN
 32  	 IF generation_type = otap_constants.OTAP_GEN_TYPE_SCRIPT
 33  	 THEN
 34  	   RETURN PREFIX_SQL;
 35  	 ELSE
 36  	   RETURN PREFIX_PLSQL;
 37  	 END IF;
 38    END get_code_prefix;
 39  
 40    FUNCTION get_code_prefix_len
 41  	 RETURN NUMBER
 42    IS
 43    BEGIN
 44  	 IF generation_type = otap_constants.OTAP_GEN_TYPE_SCRIPT
 45  	 THEN
 46  	   RETURN LENGTH(PREFIX_SQL);
 47  	 ELSE
 48  	   RETURN LENGTH(PREFIX_PLSQL);
 49  	 END IF;
 50    END get_code_prefix_len;
 51  
 52    FUNCTION get_code_postfix
 53  	 RETURN VARCHAR2
 54    IS
 55    BEGIN
 56  	 IF generation_type = otap_constants.OTAP_GEN_TYPE_SCRIPT
 57  	 THEN
 58  	   RETURN POSTFIX_SQL;
 59  	 ELSE
 60  	   RETURN POSTFIX_PLSQL;
 61  	 END IF;
 62    END get_code_postfix;
 63  
 64    FUNCTION get_code_pad
 65  	 RETURN VARCHAR
 66    IS
 67    BEGIN
 68  	 IF generation_type = otap_constants.OTAP_GEN_TYPE_SCRIPT
 69  	 THEN
 70  	   RETURN '';
 71  	 ELSE
 72  	   RETURN '  ';
 73  	 END IF;
 74    END get_code_pad;
 75  
 76    FUNCTION prepare( p_title_prefix IN	       VARCHAR2
 77  		       , p_schema	IN	       VARCHAR2
 78  		       , p_object_type	IN	       VARCHAR2
 79  		       , p_object	IN	       VARCHAR2
 80  		       , o_set		   OUT NOCOPY  VARCHAR2
 81  		       , o_group	   OUT NOCOPY  VARCHAR2
 82  		       , o_name 	   OUT NOCOPY  VARCHAR2
 83  		       )
 84  	 RETURN VARCHAR2
 85    IS
 86  	 l_set	     VARCHAR2(256 CHAR);
 87  	 l_group     VARCHAR2(256 CHAR);
 88  	 l_name      VARCHAR2(256 CHAR);
 89  	 l_fn_set    VARCHAR2(40 CHAR);
 90  	 l_fn_group  VARCHAR2(30 CHAR);
 91  	 l_fn_name   VARCHAR2(30 CHAR);
 92  	 l_prc_name  VARCHAR2(128 CHAR);
 93    BEGIN
 94  	 -- define display values first
 95  	 l_set	     := NVL(p_schema, SYS_CONTEXT('USERENV', 'CURRENT_SCHEMA'));
 96  	 l_fn_set    := otap_string.reduce(REGEXP_REPLACE(l_set, '[^[:alnum:]]'), 30);
 97  	 l_prc_name  := 'test_' || l_fn_set;
 98  	 l_group     := NULL;
 99  	 l_name      := NULL;
100  	 IF p_title_prefix IS NOT NULL
101  	 THEN
102  	   l_fn_set    := otap_string.reduce(REGEXP_REPLACE(p_title_prefix, '[^[:alnum:]]'), 10) || otap_string.reduce(REGEXP_REPLACE(l_set, '[^[:alnum:]]'), 30);
103  	   l_prc_name  := 'test_' || l_fn_set;
104  	   l_set       := otap_string.reduce(TRIM(p_title_prefix) || ' ' || l_set, 256);
105  	 END IF;
106  	 IF p_object_type IS NOT NULL
107  	 THEN
108  	   l_fn_group  := otap_string.reduce(REGEXP_REPLACE(p_object_type, '[^[:alnum:]]'), 30);
109  	   l_group     := otap_string.reduce(p_object_type, 256);
110  	   l_prc_name  := l_prc_name || '_' || l_fn_group;
111  	   IF p_object IS NOT NULL
112  	   THEN
113  	     -- if we arrive here we must not care about extra underscores
114  	     l_fn_name	 := otap_string.reduce(REGEXP_REPLACE(p_object, '[^[:alnum:]_]'), 30);
115  	     l_name	 := otap_string.reduce(p_object, 256);
116  	     l_prc_name  := l_prc_name || '_' || l_fn_name;
117  	   END IF;
118  	 END IF;
119  	 -- set out vars
120  	 o_set	 := l_set;
121  	 o_group := l_group;
122  	 o_name  := l_name;
123  	 RETURN LOWER(l_prc_name);
124    END prepare;
125  
126    PROCEDURE prepare( p_title_prefix IN		VARCHAR2
127  			, p_schema	 IN		VARCHAR2
128  			, p_object_type  IN		VARCHAR2
129  			, p_object	 IN		VARCHAR2
130  			, o_set 	    OUT NOCOPY	VARCHAR2
131  			, o_group	    OUT NOCOPY	VARCHAR2
132  			, o_name	    OUT NOCOPY	VARCHAR2
133  			)
134    IS
135  	 l_ignore VARCHAR2(128 CHAR);
136    BEGIN
137  	 l_ignore := otap_generate.prepare(p_title_prefix, p_schema, p_object_type, p_object, o_set, o_group, o_name);
138    END prepare;
139  
140    FUNCTION build_script_header( p_title_prefix  IN VARCHAR2 DEFAULT NULL
141  				   , p_schema	     IN VARCHAR2 DEFAULT SYS_CONTEXT('USERENV', 'CURRENT_SCHEMA')
142  				   , p_object_type   IN VARCHAR2 DEFAULT NULL
143  				   , p_object	     IN VARCHAR2 DEFAULT NULL
144  				   , p_scope	     IN VARCHAR2 DEFAULT '%'
145  				   , p_script_count  IN NUMBER	 DEFAULT 0
146  				   , p_show_header   IN NUMBER	 DEFAULT otap_constants.OTAP_NUM_TRUE
147  				   )
148  	 RETURN otap_view_result_tbl PIPELINED
149    IS
150  	 l_statement   VARCHAR2(4000 CHAR);
151  	 l_set	       VARCHAR2(256 CHAR);
152  	 l_group       VARCHAR2(256 CHAR);
153  	 l_name        VARCHAR2(256 CHAR);
154    BEGIN
155  	 -- map objects
156  	 otap_generate.prepare(p_title_prefix, p_schema, p_object_type, p_object, l_set, l_group, l_name);
157  	 l_statement := TRIM('-- otap GENERATE test scripts ' || l_set || ' ' || l_group || ' ' || l_name);
158  	 PIPE ROW (otap_view_result_rec(l_statement, NULL));
159  	 IF p_scope IS NOT NULL
160  	 THEN
161  	   l_statement := '-- LIKE scope: ' || TRIM(p_scope);
162  	   PIPE ROW (otap_view_result_rec(l_statement, NULL));
163  	 END IF;
164  	 IF p_show_header = otap_constants.OTAP_NUM_TRUE
165  	 THEN
166  	   l_statement := PREFIX_SQL || 'otap_test.init_test(' || TRIM(TO_CHAR(NVL(p_script_count, 0))) || ')' || POSTFIX_SQL;
167  	   PIPE ROW (otap_view_result_rec(l_statement, NULL));
168  	 END IF;
169  	 RETURN;
170    EXCEPTION
171  	 WHEN NO_DATA_NEEDED THEN
172  	   RAISE;
173    END build_script_header;
174  
175    FUNCTION build_function_header( p_title_prefix  IN VARCHAR2 DEFAULT NULL
176  				     , p_schema        IN VARCHAR2 DEFAULT SYS_CONTEXT('USERENV', 'CURRENT_SCHEMA')
177  				     , p_object_type   IN VARCHAR2 DEFAULT NULL
178  				     , p_object        IN VARCHAR2 DEFAULT NULL
179  				     , p_scope	       IN VARCHAR2 DEFAULT '%'
180  				     , p_script_count  IN NUMBER   DEFAULT 0
181  				     , p_show_header   IN NUMBER   DEFAULT otap_constants.OTAP_NUM_TRUE
182  				     )
183  	 RETURN otap_view_result_tbl PIPELINED
184    IS
185  	 l_statement   VARCHAR2(4000 CHAR);
186  	 l_set	       VARCHAR2(256 CHAR);
187  	 l_group       VARCHAR2(256 CHAR);
188  	 l_name        VARCHAR2(256 CHAR);
189  	 l_fn_name     VARCHAR2(128 CHAR);
190    BEGIN
191  	 l_fn_name := otap_generate.prepare(p_title_prefix, p_schema, p_object_type, p_object, l_set, l_group, l_name);
192  	 l_statement := otap_generate.get_code_pad || TRIM('-- otap GENERATE function test scripts ' || l_set || ' ' || l_group || ' ' || l_name);
193  	 PIPE ROW (otap_view_result_rec(l_statement, NULL));
194  	 IF p_scope IS NOT NULL
195  	 THEN
196  	   l_statement := otap_generate.get_code_pad || '-- LIKE scope: ' || TRIM(p_scope);
197  	   PIPE ROW (otap_view_result_rec(l_statement, NULL));
198  	 END IF;
199  	 IF p_show_header = otap_constants.OTAP_NUM_TRUE
200  	 THEN
201  	   l_statement := '-- otap GENERATE test function ' || l_fn_name;
202  	   PIPE ROW (otap_view_result_rec(l_statement, NULL));
203  	   l_statement := 'CREATE OR REPLACE FUNCTION ' || l_fn_name;
204  	   PIPE ROW (otap_view_result_rec(l_statement, NULL));
205  	   l_statement := otap_generate.get_code_pad || 'RETURN NUMBER';
206  	   PIPE ROW (otap_view_result_rec(l_statement, NULL));
207  	   l_statement := 'IS';
208  	   PIPE ROW (otap_view_result_rec(l_statement, NULL));
209  	   l_statement := otap_generate.get_code_pad || 'l_message VARCHAR2(4000);';
210  	   PIPE ROW (otap_view_result_rec(l_statement, NULL));
211  	   l_statement := otap_generate.get_code_pad || 'l_return  NUMBER;';
212  	   PIPE ROW (otap_view_result_rec(l_statement, NULL));
213  	   l_statement := 'BEGIN';
214  	   PIPE ROW (otap_view_result_rec(l_statement, NULL));
215  	   l_statement := PREFIX_PLSQL || 'otap_test.init_test(' || TRIM(TO_CHAR(NVL(p_script_count, 0))) || ')' || POSTFIX_PLSQL;
216  	   PIPE ROW (otap_view_result_rec(l_statement, NULL));
217  	 END IF;
218  	 RETURN;
219    EXCEPTION
220  	 WHEN NO_DATA_NEEDED THEN
221  	   RAISE;
222    END build_function_header;
223  
224    FUNCTION build_procedure_header( p_title_prefix	IN VARCHAR2 DEFAULT NULL
225  				      , p_schema	IN VARCHAR2 DEFAULT SYS_CONTEXT('USERENV', 'CURRENT_SCHEMA')
226  				      , p_object_type	IN VARCHAR2 DEFAULT NULL
227  				      , p_object	IN VARCHAR2 DEFAULT NULL
228  				      , p_scope 	IN VARCHAR2 DEFAULT '%'
229  				      , p_script_count	IN NUMBER   DEFAULT 0
230  				      , p_show_header	IN NUMBER   DEFAULT otap_constants.OTAP_NUM_TRUE
231  				      )
232  	 RETURN otap_view_result_tbl PIPELINED
233    IS
234  	 l_statement   VARCHAR2(4000 CHAR);
235  	 l_set	       VARCHAR2(256 CHAR);
236  	 l_group       VARCHAR2(256 CHAR);
237  	 l_name        VARCHAR2(256 CHAR);
238  	 l_fn_name     VARCHAR2(128 CHAR);
239    BEGIN
240  	 l_fn_name := otap_generate.prepare(p_title_prefix, p_schema, p_object_type, p_object, l_set, l_group, l_name);
241  	 l_statement := otap_generate.get_code_pad || TRIM('-- otap GENERATE procedure test scripts ' || l_set || ' ' || l_group || ' ' || l_name);
242  	 PIPE ROW (otap_view_result_rec(l_statement, NULL));
243  	 IF p_scope IS NOT NULL
244  	 THEN
245  	   l_statement := otap_generate.get_code_pad || '-- LIKE scope: ' || TRIM(p_scope);
246  	   PIPE ROW (otap_view_result_rec(l_statement, NULL));
247  	 END IF;
248  	 IF p_show_header = otap_constants.OTAP_NUM_TRUE
249  	 THEN
250  	   l_statement := '-- otap GENERATE test procedure ' || l_fn_name;
251  	   PIPE ROW (otap_view_result_rec(l_statement, NULL));
252  	   l_statement := 'CREATE OR REPLACE PROCEDURE ' || l_fn_name;
253  	   PIPE ROW (otap_view_result_rec(l_statement, NULL));
254  	   l_statement := 'IS';
255  	   PIPE ROW (otap_view_result_rec(l_statement, NULL));
256  	   l_statement := otap_generate.get_code_pad || 'l_message VARCHAR2(4000);';
257  	   PIPE ROW (otap_view_result_rec(l_statement, NULL));
258  	   l_statement := otap_generate.get_code_pad || 'l_return  NUMBER;';
259  	   PIPE ROW (otap_view_result_rec(l_statement, NULL));
260  	   l_statement := 'BEGIN';
261  	   PIPE ROW (otap_view_result_rec(l_statement, NULL));
262  	   l_statement := PREFIX_PLSQL || 'otap_test.init_test(' || TRIM(TO_CHAR(NVL(p_script_count, 0))) || ')' || POSTFIX_PLSQL;
263  	   PIPE ROW (otap_view_result_rec(l_statement, NULL));
264  	 END IF;
265  	 RETURN;
266    EXCEPTION
267  	 WHEN NO_DATA_NEEDED THEN
268  	   RAISE;
269    END build_procedure_header;
270  
271    FUNCTION get_header( p_title_prefix  IN VARCHAR2 DEFAULT NULL
272  			  , p_schema	    IN VARCHAR2 DEFAULT SYS_CONTEXT('USERENV', 'CURRENT_SCHEMA')
273  			  , p_object_type   IN VARCHAR2 DEFAULT NULL
274  			  , p_object	    IN VARCHAR2 DEFAULT NULL
275  			  , p_scope	    IN VARCHAR2 DEFAULT '%'
276  			  , p_script_count  IN NUMBER	DEFAULT 0
277  			  , p_show_header   IN NUMBER	DEFAULT otap_constants.OTAP_NUM_TRUE
278  			  )
279  	 RETURN otap_view_result_tbl PIPELINED
280    IS
281  	 CURSOR cur_fn_header( cp_prefix IN VARCHAR2
282  			     , cp_schema IN VARCHAR2
283  			     , cp_type	 IN VARCHAR2
284  			     , cp_object IN VARCHAR2
285  			     , cp_scope  IN VARCHAR2
286  			     , cp_count  IN NUMBER
287  			     , cp_show	 IN NUMBER
288  			     )
289  	 IS
290  	   SELECT result_text
291  	     FROM TABLE(otap_generate.build_function_header(cp_prefix, cp_schema, cp_type, cp_object, cp_scope, cp_count, cp_show))
292  	 ;
293  	 CURSOR cur_prc_header( cp_prefix IN VARCHAR2
294  			      , cp_schema IN VARCHAR2
295  			      , cp_type   IN VARCHAR2
296  			      , cp_object IN VARCHAR2
297  			      , cp_scope  IN VARCHAR2
298  			      , cp_count  IN NUMBER
299  			      , cp_show   IN NUMBER
300  			      )
301  	 IS
302  	   SELECT result_text
303  	     FROM TABLE(otap_generate.build_procedure_header(cp_prefix, cp_schema, cp_type, cp_object, cp_scope, cp_count, cp_show))
304  	 ;
305  	 CURSOR cur_scr_header( cp_prefix IN VARCHAR2
306  			      , cp_schema IN VARCHAR2
307  			      , cp_type   IN VARCHAR2
308  			      , cp_object IN VARCHAR2
309  			      , cp_scope  IN VARCHAR2
310  			      , cp_count  IN NUMBER
311  			      , cp_show   IN NUMBER
312  			      )
313  	 IS
314  	   SELECT result_text
315  	     FROM TABLE(otap_generate.build_script_header(cp_prefix, cp_schema, cp_type, cp_object, cp_scope, cp_count, cp_show))
316  	 ;
317    BEGIN
318  	 -- only if script count > 0
319  	 IF NVL(p_script_count, 0) > 0
320  	 THEN
321  	   IF generation_type = otap_constants.OTAP_GEN_TYPE_FUNCTION
322  	   THEN
323  	     FOR rec IN cur_fn_header(p_title_prefix, p_schema, p_object_type, p_object, p_scope, p_script_count, p_show_header)
324  	     LOOP
325  	       PIPE ROW (otap_view_result_rec(rec.result_text, NULL));
326  	     END LOOP;
327  	   ELSIF generation_type = otap_constants.OTAP_GEN_TYPE_PROCEDURE
328  	   THEN
329  	     FOR rec IN cur_prc_header(p_title_prefix, p_schema, p_object_type, p_object, p_scope, p_script_count, p_show_header)
330  	     LOOP
331  	       PIPE ROW (otap_view_result_rec(rec.result_text, NULL));
332  	     END LOOP;
333  	   ELSE
334  	     -- all other cases script
335  	     FOR rec IN cur_scr_header(p_title_prefix, p_schema, p_object_type, p_object, p_scope, p_script_count, p_show_header)
336  	     LOOP
337  	       PIPE ROW (otap_view_result_rec(rec.result_text, NULL));
338  	     END LOOP;
339  	   END IF;
340  	 END IF;
341  	 RETURN;
342    EXCEPTION
343  	 WHEN NO_DATA_NEEDED THEN
344  	   RAISE;
345    END get_header;
346  
347    FUNCTION build_script_footer(p_show_header IN NUMBER DEFAULT otap_constants.OTAP_NUM_TRUE)
348  	 RETURN otap_view_result_tbl PIPELINED
349    IS
350  	 l_statement   VARCHAR2(4000 CHAR);
351    BEGIN
352  	 -- build finish
353  	 IF p_show_header = otap_constants.OTAP_NUM_TRUE
354  	 THEN
355  	   l_statement := '-- end OTAP tests';
356  	   PIPE ROW (otap_view_result_rec(l_statement, NULL));
357  	   l_statement := '-- finish test session';
358  	   PIPE ROW (otap_view_result_rec(l_statement, NULL));
359  	   l_statement := 'SELECT otap_test.finish_test FROM dual;';
360  	   PIPE ROW (otap_view_result_rec(l_statement, NULL));
361  	   l_statement := '/* alternative option get and return finish code';
362  	   PIPE ROW (otap_view_result_rec(l_statement, NULL));
363  	   l_statement := 'COLUMN EXIT_CODE NEW_VAL EXIT_CODE';
364  	   PIPE ROW (otap_view_result_rec(l_statement, NULL));
365  	   l_statement := 'SELECT otap_test.finish_test_with_exit_code AS EXIT_CODE FROM dual;';
366  	   PIPE ROW (otap_view_result_rec(l_statement, NULL));
367  	   l_statement := 'RETURN &' || 'EXIT_CODE';
368  	   PIPE ROW (otap_view_result_rec(l_statement, NULL));
369  	   l_statement := '*/';
370  	   PIPE ROW (otap_view_result_rec(l_statement, NULL));
371  	   l_statement := '-- get result';
372  	   PIPE ROW (otap_view_result_rec(l_statement, NULL));
373  	   l_statement := 'SELECT * FROM otap_latest_test_results_v;';
374  	   PIPE ROW (otap_view_result_rec(l_statement, NULL));
375  	   -- add AI and copyright
376  	   l_statement := '-- ' || LPAD(otap_constants.OTAP_INTERNAL_NAME, 59, ' ');
377  	   PIPE ROW (otap_view_result_rec(l_statement, NULL));
378  	   l_statement := '-- ' || LPAD(otap_constants.OTAP_INTERNAL_VERSION_NR, 47, ' ');
379  	   PIPE ROW (otap_view_result_rec(l_statement, NULL));
380  	   l_statement := '-- ' || otap_constants.OTAP_INTERNAL_COPYRIGHT1;
381  	   PIPE ROW (otap_view_result_rec(l_statement, NULL));
382  	   l_statement := '-- ' || otap_constants.OTAP_INTERNAL_COPYRIGHT2;
383  	   PIPE ROW (otap_view_result_rec(l_statement, NULL));
384  	   l_statement := '-- ' || otap_constants.OTAP_INTERNAL_COPYRIGHT3;
385  	   PIPE ROW (otap_view_result_rec(l_statement, NULL));
386  	 END IF;
387  	 RETURN;
388    EXCEPTION
389  	 WHEN NO_DATA_NEEDED THEN
390  	   RAISE;
391    END build_script_footer;
392  
393    FUNCTION build_function_footer(p_show_header IN NUMBER DEFAULT otap_constants.OTAP_NUM_TRUE)
394  	 RETURN otap_view_result_tbl PIPELINED
395    IS
396  	 l_statement   VARCHAR2(4000 CHAR);
397    BEGIN
398  	 -- build finish
399  	 IF p_show_header = otap_constants.OTAP_NUM_TRUE
400  	 THEN
401  	   l_statement := otap_generate.get_code_pad || '-- end OTAP tests';
402  	   PIPE ROW (otap_view_result_rec(l_statement, NULL));
403  	   l_statement := otap_generate.get_code_pad || '-- finish test session';
404  	   PIPE ROW (otap_view_result_rec(l_statement, NULL));
405  	   l_statement := otap_generate.get_code_pad || 'l_return := otap_test.finish_test_with_exit_code;';
406  	   PIPE ROW (otap_view_result_rec(l_statement, NULL));
407  	   l_statement := otap_generate.get_code_pad || '-- you may want to insert functionality to persist the report or id to your system';
408  	   PIPE ROW (otap_view_result_rec(l_statement, NULL));
409  	   l_statement := otap_generate.get_code_pad || '-- or consume exceptions to guarantee following functions or procedures will run';
410  	   PIPE ROW (otap_view_result_rec(l_statement, NULL));
411  	   -- add AI and copyright
412  	   l_statement := otap_generate.get_code_pad || '-- ' || LPAD(otap_constants.OTAP_INTERNAL_NAME, 59, ' ');
413  	   PIPE ROW (otap_view_result_rec(l_statement, NULL));
414  	   l_statement := otap_generate.get_code_pad || '-- ' || LPAD(otap_constants.OTAP_INTERNAL_VERSION_NR, 47, ' ');
415  	   PIPE ROW (otap_view_result_rec(l_statement, NULL));
416  	   l_statement := otap_generate.get_code_pad || '-- ' || otap_constants.OTAP_INTERNAL_COPYRIGHT1;
417  	   PIPE ROW (otap_view_result_rec(l_statement, NULL));
418  	   l_statement := otap_generate.get_code_pad || '-- ' || otap_constants.OTAP_INTERNAL_COPYRIGHT2;
419  	   PIPE ROW (otap_view_result_rec(l_statement, NULL));
420  	   l_statement := otap_generate.get_code_pad || '-- ' || otap_constants.OTAP_INTERNAL_COPYRIGHT3;
421  	   PIPE ROW (otap_view_result_rec(l_statement, NULL));
422  	   l_statement := otap_generate.get_code_pad || 'RETURN l_return;';
423  	   PIPE ROW (otap_view_result_rec(l_statement, NULL));
424  	   l_statement := 'END;';
425  	   PIPE ROW (otap_view_result_rec(l_statement, NULL));
426  	   l_statement := '/';
427  	   PIPE ROW (otap_view_result_rec(l_statement, NULL));
428  	 END IF;
429  	 RETURN;
430    EXCEPTION
431  	 WHEN NO_DATA_NEEDED THEN
432  	   RAISE;
433    END build_function_footer;
434  
435    FUNCTION build_procedure_footer(p_show_header IN NUMBER DEFAULT otap_constants.OTAP_NUM_TRUE)
436  	 RETURN otap_view_result_tbl PIPELINED
437    IS
438  	 l_statement   VARCHAR2(4000 CHAR);
439    BEGIN
440  	 -- build finish
441  	 IF p_show_header = otap_constants.OTAP_NUM_TRUE
442  	 THEN
443  	   l_statement := '  -- end OTAP tests';
444  	   PIPE ROW (otap_view_result_rec(l_statement, NULL));
445  	   l_statement := otap_generate.get_code_pad || '-- finish test session, consume the return code or act upon result before leaving the procedure';
446  	   PIPE ROW (otap_view_result_rec(l_statement, NULL));
447  	   l_statement := otap_generate.get_code_pad || 'l_return := otap_test.finish_test_with_exit_code;';
448  	   PIPE ROW (otap_view_result_rec(l_statement, NULL));
449  	   l_statement := otap_generate.get_code_pad || '-- you may want to insert functionality to persist the report or id to your system';
450  	   PIPE ROW (otap_view_result_rec(l_statement, NULL));
451  	   l_statement := otap_generate.get_code_pad || '-- or consume exceptions to guarantee following functions or procedures will run';
452  	   PIPE ROW (otap_view_result_rec(l_statement, NULL));
453  	   -- add AI and copyright
454  	   l_statement := otap_generate.get_code_pad || '-- ' || LPAD(otap_constants.OTAP_INTERNAL_NAME, 59, ' ');
455  	   PIPE ROW (otap_view_result_rec(l_statement, NULL));
456  	   l_statement := otap_generate.get_code_pad || '-- ' || LPAD(otap_constants.OTAP_INTERNAL_VERSION_NR, 47, ' ');
457  	   PIPE ROW (otap_view_result_rec(l_statement, NULL));
458  	   l_statement := otap_generate.get_code_pad || '-- ' || otap_constants.OTAP_INTERNAL_COPYRIGHT1;
459  	   PIPE ROW (otap_view_result_rec(l_statement, NULL));
460  	   l_statement := otap_generate.get_code_pad || '-- ' || otap_constants.OTAP_INTERNAL_COPYRIGHT2;
461  	   PIPE ROW (otap_view_result_rec(l_statement, NULL));
462  	   l_statement := otap_generate.get_code_pad || '-- ' || otap_constants.OTAP_INTERNAL_COPYRIGHT3;
463  	   PIPE ROW (otap_view_result_rec(l_statement, NULL));
464  	   l_statement := 'END;';
465  	   PIPE ROW (otap_view_result_rec(l_statement, NULL));
466  	   l_statement := '/';
467  	   PIPE ROW (otap_view_result_rec(l_statement, NULL));
468  	 END IF;
469  	 RETURN;
470    EXCEPTION
471  	 WHEN NO_DATA_NEEDED THEN
472  	   RAISE;
473    END build_procedure_footer;
474  
475    FUNCTION get_footer(p_show_header IN NUMBER DEFAULT otap_constants.OTAP_NUM_TRUE)
476  	 RETURN otap_view_result_tbl PIPELINED
477    IS
478  	 CURSOR cur_fn_footer(cp_show IN NUMBER)
479  	 IS
480  	   SELECT result_text
481  	     FROM TABLE(otap_generate.build_function_footer(cp_show))
482  	 ;
483  	 CURSOR cur_prc_footer(cp_show IN NUMBER)
484  	 IS
485  	   SELECT result_text
486  	     FROM TABLE(otap_generate.build_procedure_footer(cp_show))
487  	 ;
488  	 CURSOR cur_scr_footer(cp_show IN NUMBER)
489  	 IS
490  	   SELECT result_text
491  	     FROM TABLE(otap_generate.build_script_footer(cp_show))
492  	 ;
493    BEGIN
494  	 IF generation_type = otap_constants.OTAP_GEN_TYPE_FUNCTION
495  	 THEN
496  	   FOR rec IN cur_fn_footer(p_show_header)
497  	   LOOP
498  	     PIPE ROW (otap_view_result_rec(rec.result_text, NULL));
499  	   END LOOP;
500  	 ELSIF generation_type = otap_constants.OTAP_GEN_TYPE_PROCEDURE
501  	 THEN
502  	   FOR rec IN cur_prc_footer(p_show_header)
503  	   LOOP
504  	     PIPE ROW (otap_view_result_rec(rec.result_text, NULL));
505  	   END LOOP;
506  	 ELSE
507  	   -- all other cases script
508  	   FOR rec IN cur_scr_footer(p_show_header)
509  	   LOOP
510  	     PIPE ROW (otap_view_result_rec(rec.result_text, NULL));
511  	   END LOOP;
512  	 END IF;
513  	 RETURN;
514    EXCEPTION
515  	 WHEN NO_DATA_NEEDED THEN
516  	   RAISE;
517    END get_footer;
518  
519    FUNCTION column_tests( p_table	      IN VARCHAR2
520  			    , p_like_column   IN VARCHAR2 DEFAULT '%'
521  			    , p_schema	      IN VARCHAR2 DEFAULT SYS_CONTEXT('USERENV', 'CURRENT_SCHEMA')
522  			    , p_title_prefix  IN VARCHAR2 DEFAULT NULL
523  			    , p_show_header   IN INTEGER  DEFAULT otap_constants.OTAP_NUM_TRUE
524  			    , p_excl_sysgen   IN INTEGER  DEFAULT otap_constants.OTAP_NUM_TRUE
525  			    )
526  	 RETURN otap_view_result_tbl PIPELINED
527    IS
528  	 l_statement   VARCHAR2(4000 CHAR);
529  	 l_schema      VARCHAR2(128 CHAR);
530  	 l_table       VARCHAR2(128 CHAR);
531  	 l_like        VARCHAR2(256 CHAR);
532  	 l_test_count  INTEGER;
533  	 l_pad_par     INTEGER;
534  	 CURSOR cur_columns( cp_schema IN VARCHAR2
535  			   , cp_table  IN VARCHAR2
536  			   , cp_like   IN VARCHAR2
537  			   , cp_excl   IN NUMBER
538  			   )
539  	 IS
540  	   SELECT table_name
541  		, column_name
542  		, owner
543  		, data_type
544  		, data_precision
545  		, data_length
546  		, data_scale
547  		, nullable
548  		, data_default_vc
549  	     FROM dba_tab_columns
550  	    WHERE owner 	 = cp_schema
551  	      AND table_name	 = cp_table
552  	      AND column_name LIKE cp_like ESCAPE '\'
553  	      AND NOT otap_string.is_sys_object(column_name, cp_excl)
554  	    ORDER BY column_id
555  	 ;
556  	 CURSOR cur_header( cp_prefix IN VARCHAR2
557  			  , cp_schema IN VARCHAR2
558  			  , cp_type   IN VARCHAR2
559  			  , cp_object IN VARCHAR2
560  			  , cp_scope  IN VARCHAR2
561  			  , cp_count  IN NUMBER
562  			  , cp_show   IN NUMBER
563  			  )
564  	 IS
565  	   SELECT result_text
566  	     FROM TABLE(otap_generate.get_header(cp_prefix, cp_schema, cp_type, cp_object, cp_scope, cp_count, cp_show))
567  	 ;
568  	 CURSOR cur_footer(cp_show IN NUMBER)
569  	 IS
570  	   SELECT result_text
571  	     FROM TABLE(otap_generate.get_footer(cp_show))
572  	 ;
573    BEGIN
574  	 IF p_table IS NOT NULL
575  	 THEN
576  	   l_table	:= otap_string.reduce(p_table, 128);
577  	   l_like	:= NVL(p_like_column, '%');
578  	   l_schema	:= otap_string.reduce(NVL(p_schema, SYS_CONTEXT('USERENV', 'CURRENT_SCHEMA')), 128);
579  	   -- get test count
580  	   SELECT COUNT(*)
581  	     INTO l_test_count
582  	     FROM dba_tab_columns
583  	    WHERE owner 	 = l_schema
584  	      AND table_name	 = l_table
585  	      AND column_name LIKE l_like ESCAPE '\'
586  	      AND NOT otap_string.is_sys_object(column_name, p_excl_sysgen)
587  	   ;
588  	   -- get header
589  	   FOR rec IN cur_header(p_title_prefix, l_schema, 'columns', l_table, l_like, l_test_count, p_show_header)
590  	   LOOP
591  	     PIPE ROW (otap_view_result_rec(rec.result_text, NULL));
592  	   END LOOP;
593  	   l_pad_par := otap_generate.get_code_prefix_len + 20;
594  	   FOR rec IN cur_columns(l_schema, l_table, l_like, p_excl_sysgen)
595  	   LOOP
596  	     l_statement := otap_generate.get_code_prefix || 'otap_test.has_column( p_table_name => ''' || rec.table_name || '''';
597  	     PIPE ROW (otap_view_result_rec(l_statement, NULL));
598  	     l_statement := LPAD(' ', l_pad_par, ' ') || ', p_column_name => ''' || rec.column_name || '''';
599  	     PIPE ROW (otap_view_result_rec(l_statement, NULL));
600  	     l_statement := LPAD(' ', l_pad_par, ' ') || ', p_schema => ''' || rec.owner || '''';
601  	     PIPE ROW (otap_view_result_rec(l_statement, NULL));
602  	     l_statement := LPAD(' ', l_pad_par, ' ') || ', p_data_type => ''' || rec.data_type || '''';
603  	     PIPE ROW (otap_view_result_rec(l_statement, NULL));
604  	     l_statement := LPAD(' ', l_pad_par, ' ') || ', p_data_length => ' || TRIM(TO_CHAR(rec.data_length));
605  	     PIPE ROW (otap_view_result_rec(l_statement, NULL));
606  	     IF rec.data_precision IS NOT NULL
607  	     THEN
608  	       l_statement := LPAD(' ', l_pad_par, ' ') || ', p_data_precision => ' || TRIM(TO_CHAR(rec.data_precision));
609  	       PIPE ROW (otap_view_result_rec(l_statement, NULL));
610  	     END IF;
611  	     IF rec.data_scale IS NOT NULL
612  	     THEN
613  	       l_statement := LPAD(' ', l_pad_par, ' ') || ', p_data_scale => ' || TRIM(TO_CHAR(rec.data_scale));
614  	       PIPE ROW (otap_view_result_rec(l_statement, NULL));
615  	     END IF;
616  	     l_statement := LPAD(' ', l_pad_par, ' ') || ', p_nullable => ''' || rec.nullable || '''';
617  	     PIPE ROW (otap_view_result_rec(l_statement, NULL));
618  	     IF     rec.data_default_vc IS NOT NULL
619  		AND NOT otap_string.is_sys_object(rec.data_default_vc, p_excl_sysgen)
620  	     THEN
621  	       IF INSTR(rec.data_default_vc, '''') > 0
622  	       THEN
623  		 l_statement := LPAD(' ', l_pad_par, ' ') || ', p_data_default => q''[' || TRIM(rec.data_default_vc) || ']''';
624  		 PIPE ROW (otap_view_result_rec(l_statement, NULL));
625  	       ELSE
626  		 l_statement := LPAD(' ', l_pad_par, ' ') || ', p_data_default => ''' || TRIM(rec.data_default_vc) || '''';
627  		 PIPE ROW (otap_view_result_rec(l_statement, NULL));
628  	       END IF;
629  	     END IF;
630  	     l_statement := LPAD(' ', l_pad_par, ' ') || ')' || otap_generate.get_code_postfix;
631  	     PIPE ROW (otap_view_result_rec(l_statement, NULL));
632  	   END LOOP;
633  	   FOR rec IN cur_footer(p_show_header)
634  	   LOOP
635  	     PIPE ROW (otap_view_result_rec(rec.result_text, NULL));
636  	   END LOOP;
637  	 END IF;
638  	 RETURN;
639    EXCEPTION
640  	 WHEN NO_DATA_NEEDED THEN
641  	   RAISE;
642    END column_tests;
643  
644    FUNCTION constraint_tests( p_table	     IN VARCHAR2
645  				, p_like_constraints IN VARCHAR2 DEFAULT '%'
646  				, p_schema	     IN VARCHAR2 DEFAULT SYS_CONTEXT('USERENV', 'CURRENT_SCHEMA')
647  				, p_title_prefix     IN VARCHAR2 DEFAULT NULL
648  				, p_show_header      IN INTEGER  DEFAULT otap_constants.OTAP_NUM_TRUE
649  				, p_excl_sysgen      IN INTEGER  DEFAULT otap_constants.OTAP_NUM_TRUE
650  				)
651  	 RETURN otap_view_result_tbl PIPELINED
652    IS
653  	 l_statement   VARCHAR2(4000 CHAR);
654  	 l_schema      VARCHAR2(128 CHAR);
655  	 l_table       VARCHAR2(128 CHAR);
656  	 l_like        VARCHAR2(256 CHAR);
657  	 l_test_count  INTEGER;
658  	 l_pad_par     INTEGER;
659  	 -- all constraints except ref and not null
660  	 CURSOR cur_common_constraints( cp_schema IN VARCHAR2
661  				      , cp_table  IN VARCHAR2
662  				      , cp_like   IN VARCHAR2
663  				      , cp_excl   IN NUMBER
664  				      )
665  	 IS
666  	   SELECT dco.owner
667  		, dco.table_name
668  		, dcc.column_name
669  		, dco.constraint_name
670  		, dco.constraint_type
671  		, dco.search_condition_vc
672  		, dco.status
673  		, dco.deferrable
674  		, dco.deferred
675  		, dco.validated
676  		, dco.generated
677  		, dco.index_name
678  		, dco.index_owner
679  	     FROM dba_constraints dco
680  	     LEFT OUTER JOIN dba_cons_columns dcc
681  	       ON dco.owner			   = dcc.owner
682  	      AND dco.constraint_name		   = dcc.constraint_name
683  	      AND dco.table_name		   = dcc.table_name
684  	    WHERE dco.owner			   = cp_schema
685  	      AND dco.table_name		   = cp_table
686  	      AND dco.constraint_name		LIKE cp_like ESCAPE '\'
687  	      AND dco.constraint_type	      NOT IN ('R', 'F')
688  	      AND NVL( INSTR( otap_string.flatten( UPPER(dco.search_condition_vc)
689  						 , 4000)
690  			    , 'IS NOT NULL'
691  			    )
692  		     , 0)			   = 0
693  	      AND NOT otap_string.is_sys_object(dco.constraint_name, cp_excl)
694  	    ORDER BY dco.constraint_type
695  		   , dco.constraint_name
696  		   , dcc.column_name NULLS LAST
697  	 ;
698  	 -- all ref constraints
699  	 CURSOR cur_ref_constraints( cp_schema IN VARCHAR2
700  				   , cp_table  IN VARCHAR2
701  				   , cp_like   IN VARCHAR2
702  				   , cp_excl   IN NUMBER
703  				   )
704  	 IS
705  	   SELECT dco.owner
706  		, dco.table_name
707  		, dcc.column_name
708  		, dco.constraint_name
709  		, dco.constraint_type
710  		, dco.search_condition_vc
711  		, dco.r_owner
712  		, dcr.table_name	   AS r_table_name
713  		, dcr.column_name	   AS r_column_name
714  		, dco.r_constraint_name
715  		, dco.status
716  		, dco.deferrable
717  		, dco.deferred
718  		, dco.validated
719  		, dco.generated
720  		, dco.index_name
721  		, dco.index_owner
722  	     FROM dba_constraints dco
723  	     LEFT OUTER JOIN dba_cons_columns dcc
724  	       ON dco.owner			   = dcc.owner
725  	      AND dco.constraint_name		   = dcc.constraint_name
726  	      AND dco.table_name		   = dcc.table_name
727  	     LEFT OUTER JOIN dba_cons_columns dcr
728  	       ON dco.r_owner			   = dcr.owner
729  	      AND dco.r_constraint_name 	   = dcr.constraint_name
730  	    WHERE dco.owner			   = cp_schema
731  	      AND dco.table_name		   = cp_table
732  	      AND dco.constraint_name		LIKE cp_like ESCAPE '\'
733  	      AND dco.constraint_type		  IN ('R', 'F')
734  	      AND NOT otap_string.is_sys_object(dco.constraint_name, cp_excl)
735  	    ORDER BY dco.constraint_type
736  		   , dco.constraint_name
737  		   , dcc.column_name NULLS LAST
738  	 ;
739  	 -- all not null constraints
740  	 CURSOR cur_not_null_constraints( cp_schema IN VARCHAR2
741  					, cp_table  IN VARCHAR2
742  					, cp_like   IN VARCHAR2
743  					, cp_excl   IN NUMBER
744  					)
745  	 IS
746  	   SELECT dco.owner
747  		, dco.table_name
748  		, dcc.column_name
749  		, dco.constraint_name
750  		, dco.constraint_type
751  		, dco.search_condition_vc
752  		, dco.status
753  		, dco.deferrable
754  		, dco.deferred
755  		, dco.validated
756  		, dco.generated
757  		, dco.index_name
758  		, dco.index_owner
759  	     FROM dba_constraints dco
760  	     LEFT OUTER JOIN dba_cons_columns dcc
761  	       ON dco.owner			   = dcc.owner
762  	      AND dco.constraint_name		   = dcc.constraint_name
763  	      AND dco.table_name		   = dcc.table_name
764  	    WHERE dco.owner			   = cp_schema
765  	      AND dco.table_name		   = cp_table
766  	      AND dco.constraint_name		LIKE cp_like ESCAPE '\'
767  	      AND dco.constraint_type		   = 'C'
768  	      AND INSTR( otap_string.flatten( UPPER(dco.search_condition_vc)
769  					    , 4000)
770  		       , 'IS NOT NULL'
771  		       )			   > 0
772  	    ORDER BY dcc.column_name NULLS LAST
773  	 ;
774  	 CURSOR cur_header( cp_prefix IN VARCHAR2
775  			  , cp_schema IN VARCHAR2
776  			  , cp_type   IN VARCHAR2
777  			  , cp_object IN VARCHAR2
778  			  , cp_scope  IN VARCHAR2
779  			  , cp_count  IN NUMBER
780  			  , cp_show   IN NUMBER
781  			  )
782  	 IS
783  	   SELECT result_text
784  	     FROM TABLE(otap_generate.get_header(cp_prefix, cp_schema, cp_type, cp_object, cp_scope, cp_count, cp_show))
785  	 ;
786  	 CURSOR cur_footer(cp_show IN NUMBER)
787  	 IS
788  	   SELECT result_text
789  	     FROM TABLE(otap_generate.get_footer(cp_show))
790  	 ;
791    BEGIN
792  	 IF p_table IS NOT NULL
793  	 THEN
794  	   l_table	:= otap_string.reduce(p_table, 128);
795  	   l_like	:= NVL(p_like_constraints, '%');
796  	   l_schema	:= otap_string.reduce(NVL(p_schema, SYS_CONTEXT('USERENV', 'CURRENT_SCHEMA')), 128);
797  	   -- get count
798  	   SELECT COUNT(*)
799  	     INTO l_test_count
800  	     FROM dba_constraints dco
801  	     LEFT OUTER JOIN dba_cons_columns dcc
802  	       ON dco.owner			   = dcc.owner
803  	      AND dco.constraint_name		   = dcc.constraint_name
804  	      AND dco.table_name		   = dcc.table_name
805  	    WHERE dco.owner			   = l_schema
806  	      AND dco.table_name		   = l_table
807  	      AND dco.constraint_name		LIKE l_like ESCAPE '\'
808  	      AND (   INSTR( otap_string.flatten( UPPER(dco.search_condition_vc)
809  						, 4000)
810  			   , 'IS NOT NULL'
811  			   )			     > 0
812  		   OR NOT otap_string.is_sys_object(dco.constraint_name, p_excl_sysgen)
813  		  )
814  	   ;
815  	   -- get header if needed
816  	   FOR rec IN cur_header(p_title_prefix, l_schema, 'constraints', l_table, l_like, l_test_count, p_show_header)
817  	   LOOP
818  	     PIPE ROW (otap_view_result_rec(rec.result_text, NULL));
819  	   END LOOP;
820  	   l_pad_par := otap_generate.get_code_prefix_len + 24;
821  	   -- get first common constraints
822  	   FOR rec IN cur_common_constraints(l_schema, l_table, l_like, p_excl_sysgen)
823  	   LOOP
824  	     l_statement := otap_generate.get_code_prefix || 'otap_test.has_constraint( p_table_name => ''' || rec.table_name || '''';
825  	     PIPE ROW (otap_view_result_rec(l_statement, NULL));
826  	     IF rec.constraint_type IS NOT NULL
827  	     THEN
828  	       l_statement := LPAD(' ', l_pad_par, ' ') || ', p_constraint_type => ''' || rec.constraint_type || '''';
829  	       PIPE ROW (otap_view_result_rec(l_statement, NULL));
830  	     END IF;
831  	     IF rec.column_name IS NOT NULL
832  	     THEN
833  	       l_statement := LPAD(' ', l_pad_par, ' ') || ', p_column_name => ''' || rec.column_name || '''';
834  	       PIPE ROW (otap_view_result_rec(l_statement, NULL));
835  	     END IF;
836  	     IF rec.constraint_name IS NOT NULL
837  	     THEN
838  	       l_statement := LPAD(' ', l_pad_par, ' ') || ', p_constraint => ''' || rec.constraint_name || '''';
839  	       PIPE ROW (otap_view_result_rec(l_statement, NULL));
840  	     END IF;
841  	     l_statement := LPAD(' ', l_pad_par, ' ') || ', p_schema => ''' || rec.owner || '''';
842  	     PIPE ROW (otap_view_result_rec(l_statement, NULL));
843  	     l_statement := LPAD(' ', l_pad_par, ' ') || ')' || otap_generate.get_code_postfix;
844  	     PIPE ROW (otap_view_result_rec(l_statement, NULL));
845  	   END LOOP;
846  	   -- then ref constraints
847  	   l_pad_par := otap_generate.get_code_prefix_len + 28;
848  	   FOR rec IN cur_ref_constraints(l_schema, l_table, l_like, p_excl_sysgen)
849  	   LOOP
850  	     l_statement := otap_generate.get_code_prefix || 'otap_test.has_ref_constraint( p_table_name => ''' || rec.table_name || '''';
851  	     PIPE ROW (otap_view_result_rec(l_statement, NULL));
852  	     IF rec.constraint_type IS NOT NULL
853  	     THEN
854  	       l_statement := LPAD(' ', l_pad_par, ' ') || ', p_constraint_type => ''' || rec.constraint_type || '''';
855  	       PIPE ROW (otap_view_result_rec(l_statement, NULL));
856  	     END IF;
857  	     IF rec.column_name IS NOT NULL
858  	     THEN
859  	       l_statement := LPAD(' ', l_pad_par, ' ') || ', p_column_name => ''' || rec.column_name || '''';
860  	       PIPE ROW (otap_view_result_rec(l_statement, NULL));
861  	     END IF;
862  	     IF rec.constraint_name IS NOT NULL
863  	     THEN
864  	       l_statement := LPAD(' ', l_pad_par, ' ') || ', p_constraint => ''' || rec.constraint_name || '''';
865  	       PIPE ROW (otap_view_result_rec(l_statement, NULL));
866  	     END IF;
867  	     l_statement := LPAD(' ', l_pad_par, ' ') || ', p_schema => ''' || rec.owner || '''';
868  	     PIPE ROW (otap_view_result_rec(l_statement, NULL));
869  	     IF rec.r_table_name IS NOT NULL
870  	     THEN
871  	       l_statement := LPAD(' ', l_pad_par, ' ') || ', p_r_table_name => ''' || rec.r_table_name || '''';
872  	       PIPE ROW (otap_view_result_rec(l_statement, NULL));
873  	     END IF;
874  	     IF rec.r_column_name IS NOT NULL
875  	     THEN
876  	       l_statement := LPAD(' ', l_pad_par, ' ') || ', p_r_column_name => ''' || rec.r_column_name || '''';
877  	       PIPE ROW (otap_view_result_rec(l_statement, NULL));
878  	     END IF;
879  	     IF rec.r_constraint_name IS NOT NULL
880  	     THEN
881  	       l_statement := LPAD(' ', l_pad_par, ' ') || ', p_r_constraint => ''' || rec.r_constraint_name || '''';
882  	       PIPE ROW (otap_view_result_rec(l_statement, NULL));
883  	     END IF;
884  	     IF rec.r_owner IS NOT NULL
885  	     THEN
886  	       l_statement := LPAD(' ', l_pad_par, ' ') || ', p_r_schema => ''' || rec.r_owner || '''';
887  	       PIPE ROW (otap_view_result_rec(l_statement, NULL));
888  	     END IF;
889  	     l_statement := LPAD(' ', l_pad_par, ' ') || ')' || otap_generate.get_code_postfix;
890  	     PIPE ROW (otap_view_result_rec(l_statement, NULL));
891  	   END LOOP;
892  	   -- finally not null constraints
893  	   l_pad_par := otap_generate.get_code_prefix_len + 33;
894  	   FOR rec IN cur_not_null_constraints(l_schema, l_table, l_like, p_excl_sysgen)
895  	   LOOP
896  	     l_statement := otap_generate.get_code_prefix || 'otap_test.has_not_null_constraint( p_table_name => ''' || rec.table_name || '''';
897  	     PIPE ROW (otap_view_result_rec(l_statement, NULL));
898  	     IF rec.column_name IS NOT NULL
899  	     THEN
900  	       l_statement := LPAD(' ', l_pad_par, ' ') || ', p_column_name => ''' || rec.column_name || '''';
901  	       PIPE ROW (otap_view_result_rec(l_statement, NULL));
902  	     END IF;
903  	     l_statement := LPAD(' ', l_pad_par, ' ') || ', p_schema => ''' || rec.owner || '''';
904  	     PIPE ROW (otap_view_result_rec(l_statement, NULL));
905  	     l_statement := LPAD(' ', l_pad_par, ' ') || ')' || otap_generate.get_code_postfix;
906  	     PIPE ROW (otap_view_result_rec(l_statement, NULL));
907  	   END LOOP;
908  	   -- add footer if needed
909  	   FOR rec IN cur_footer(p_show_header)
910  	   LOOP
911  	     PIPE ROW (otap_view_result_rec(rec.result_text, NULL));
912  	   END LOOP;
913  	 END IF;
914  	 RETURN;
915    EXCEPTION
916  	 WHEN NO_DATA_NEEDED THEN
917  	   RAISE;
918    END constraint_tests;
919  
920    FUNCTION index_tests( p_table	     IN VARCHAR2
921  			   , p_like_index    IN VARCHAR2 DEFAULT '%'
922  			   , p_schema	     IN VARCHAR2 DEFAULT SYS_CONTEXT('USERENV', 'CURRENT_SCHEMA')
923  			   , p_title_prefix  IN VARCHAR2 DEFAULT NULL
924  			   , p_show_header   IN INTEGER  DEFAULT otap_constants.OTAP_NUM_TRUE
925  			   , p_excl_sysgen   IN INTEGER  DEFAULT otap_constants.OTAP_NUM_TRUE
926  			   )
927  	 RETURN otap_view_result_tbl PIPELINED
928    IS
929  	 l_statement   VARCHAR2(4000 CHAR);
930  	 l_schema      VARCHAR2(128 CHAR);
931  	 l_table       VARCHAR2(128 CHAR);
932  	 l_like        VARCHAR2(256 CHAR);
933  	 l_test_count  INTEGER;
934  	 l_pad_par     INTEGER;
935  	 CURSOR cur_indexes( cp_schema IN VARCHAR2
936  			   , cp_table  IN VARCHAR2
937  			   , cp_like   IN VARCHAR2
938  			   , cp_excl   IN NUMBER
939  			   )
940  	 IS
941  	   SELECT dix.index_name
942  		, dix.table_name
943  		, dic.column_name
944  		, dix.index_type
945  		, dix.table_type
946  		, dix.uniqueness
947  		, dix.tablespace_name
948  		, dix.partitioned
949  	     FROM dba_indexes dix
950  	     LEFT OUTER JOIN dba_ind_columns dic
951  	       ON dix.owner	  = dic.index_owner
952  	      AND dix.index_name  = dic.index_name
953  	      AND dix.table_owner = dic.table_owner
954  	      AND dix.table_name  = dic.table_name
955  	    WHERE dix.owner			  = cp_schema
956  	      AND dix.table_name		  = cp_table
957  	      AND dix.index_name	       LIKE cp_like ESCAPE '\'
958  	      AND NOT otap_string.is_sys_object(dix.index_name, cp_excl)
959  	    ORDER BY dix.index_name
960  		   , dic.column_name
961  	 ;
962  	 CURSOR cur_header( cp_prefix IN VARCHAR2
963  			  , cp_schema IN VARCHAR2
964  			  , cp_type   IN VARCHAR2
965  			  , cp_object IN VARCHAR2
966  			  , cp_scope  IN VARCHAR2
967  			  , cp_count  IN NUMBER
968  			  , cp_show   IN NUMBER
969  			  )
970  	 IS
971  	   SELECT result_text
972  	     FROM TABLE(otap_generate.get_header(cp_prefix, cp_schema, cp_type, cp_object, cp_scope, cp_count, cp_show))
973  	 ;
974  	 CURSOR cur_footer(cp_show IN NUMBER)
975  	 IS
976  	   SELECT result_text
977  	     FROM TABLE(otap_generate.get_footer(cp_show))
978  	 ;
979    BEGIN
980  	 IF p_table IS NOT NULL
981  	 THEN
982  	   l_table	:= otap_string.reduce(p_table, 128);
983  	   l_like	:= NVL(p_like_index, '%');
984  	   l_schema	:= otap_string.reduce(NVL(p_schema, SYS_CONTEXT('USERENV', 'CURRENT_SCHEMA')), 128);
985  	   -- get count
986  	   SELECT COUNT(*)
987  	     INTO l_test_count
988  	     FROM dba_indexes dix
989  	     LEFT OUTER JOIN dba_ind_columns dic
990  	       ON dix.owner	  = dic.index_owner
991  	      AND dix.index_name  = dic.index_name
992  	      AND dix.table_owner = dic.table_owner
993  	      AND dix.table_name  = dic.table_name
994  	    WHERE dix.owner	    = l_schema
995  	      AND dix.table_name    = l_table
996  	      AND dix.index_name LIKE l_like ESCAPE '\'
997  	      AND NOT otap_string.is_sys_object(dix.index_name, p_excl_sysgen)
998  	   ;
999  	   -- get header if needed
1000  	    FOR rec IN cur_header(p_title_prefix, l_schema, 'indexes', l_table, l_like, l_test_count, p_show_header)
1001  	    LOOP
1002  	      PIPE ROW (otap_view_result_rec(rec.result_text, NULL));
1003  	    END LOOP;
1004  	    l_pad_par := otap_generate.get_code_prefix_len + 19;
1005  	    FOR rec IN cur_indexes(l_schema, l_table, l_like, p_excl_sysgen)
1006  	    LOOP
1007  	      l_statement := otap_generate.get_code_prefix || 'otap_test.has_index( p_table_name => ''' || rec.table_name || '''';
1008  	      PIPE ROW (otap_view_result_rec(l_statement, NULL));
1009  	      IF rec.column_name IS NOT NULL
1010  	      THEN
1011  		l_statement := LPAD(' ', l_pad_par, ' ') || ', p_column_name => ''' || rec.column_name || '''';
1012  		PIPE ROW (otap_view_result_rec(l_statement, NULL));
1013  	      END IF;
1014  	      l_statement := LPAD(' ', l_pad_par, ' ') || ', p_index_name => ''' || rec.index_name || '''';
1015  	      PIPE ROW (otap_view_result_rec(l_statement, NULL));
1016  	      IF rec.index_type IS NOT NULL
1017  	      THEN
1018  		l_statement := LPAD(' ', l_pad_par, ' ') || ', p_index_type => ''' || rec.index_type || '''';
1019  		PIPE ROW (otap_view_result_rec(l_statement, NULL));
1020  	      END IF;
1021  	      IF rec.table_type IS NOT NULL
1022  	      THEN
1023  		l_statement := LPAD(' ', l_pad_par, ' ') || ', p_table_type => ''' || rec.table_type || '''';
1024  		PIPE ROW (otap_view_result_rec(l_statement, NULL));
1025  	      END IF;
1026  	      IF rec.uniqueness IS NOT NULL
1027  	      THEN
1028  		l_statement := LPAD(' ', l_pad_par, ' ') || ', p_uniqueness => ''' || rec.uniqueness || '''';
1029  		PIPE ROW (otap_view_result_rec(l_statement, NULL));
1030  	      END IF;
1031  	      IF rec.tablespace_name IS NOT NULL
1032  	      THEN
1033  		l_statement := LPAD(' ', l_pad_par, ' ') || ', p_tablespace_name => ''' || rec.tablespace_name || '''';
1034  		PIPE ROW (otap_view_result_rec(l_statement, NULL));
1035  	      END IF;
1036  	      IF rec.partitioned IS NOT NULL
1037  	      THEN
1038  		l_statement := LPAD(' ', l_pad_par, ' ') || ', p_partitioned => ''' || rec.partitioned || '''';
1039  		PIPE ROW (otap_view_result_rec(l_statement, NULL));
1040  	      END IF;
1041  	      l_statement := LPAD(' ', l_pad_par, ' ') || ')' || otap_generate.get_code_postfix;
1042  	      PIPE ROW (otap_view_result_rec(l_statement, NULL));
1043  	    END LOOP;
1044  	    -- add footer if needed
1045  	    FOR rec IN cur_footer(p_show_header)
1046  	    LOOP
1047  	      PIPE ROW (otap_view_result_rec(rec.result_text, NULL));
1048  	    END LOOP;
1049  	  END IF;
1050  	  RETURN;
1051  	EXCEPTION
1052  	  WHEN NO_DATA_NEEDED THEN
1053  	    RAISE;
1054  	END index_tests;
1055  
1056  	FUNCTION table_tests( p_like_table    IN VARCHAR2 DEFAULT '%'
1057  			    , p_schema	      IN VARCHAR2 DEFAULT SYS_CONTEXT('USERENV', 'CURRENT_SCHEMA')
1058  			    , p_title_prefix  IN VARCHAR2 DEFAULT NULL
1059  			    , p_show_header   IN INTEGER  DEFAULT otap_constants.OTAP_NUM_TRUE
1060  			    , p_excl_sysgen   IN INTEGER  DEFAULT otap_constants.OTAP_NUM_TRUE
1061  			    )
1062  	  RETURN otap_view_result_tbl PIPELINED
1063  	IS
1064  	  l_statement	VARCHAR2(4000 CHAR);
1065  	  l_schema	VARCHAR2(128 CHAR);
1066  	  l_like	VARCHAR2(256 CHAR);
1067  	  l_test_count	INTEGER;
1068  	  l_pad_par	INTEGER;
1069  	  CURSOR cur_tables( cp_schema IN VARCHAR2
1070  			   , cp_like   IN VARCHAR2
1071  			   , cp_excl   IN NUMBER
1072  			   )
1073  	  IS
1074  	    SELECT object_name AS table_name
1075  	      FROM dba_objects
1076  	     WHERE owner	  = cp_schema
1077  	       AND object_type	  = 'TABLE'
1078  	       AND object_name LIKE cp_like ESCAPE '\'
1079  	       AND NOT otap_string.is_sys_object(object_name, cp_excl)
1080  	  ;
1081  	  CURSOR cur_columns( cp_schema IN VARCHAR2
1082  			    , cp_table	IN VARCHAR2
1083  			    , cp_like	IN VARCHAR2
1084  			    , cp_prefix IN VARCHAR2
1085  			    , cp_excl	IN NUMBER
1086  			    )
1087  	  IS
1088  	    SELECT result_text
1089  	      FROM TABLE(otap_generate.column_tests(cp_table, cp_like, cp_schema, cp_prefix, 0, cp_excl))
1090  	  ;
1091  	  CURSOR cur_constraints( cp_schema IN VARCHAR2
1092  				, cp_table  IN VARCHAR2
1093  				, cp_like   IN VARCHAR2
1094  				, cp_prefix IN VARCHAR2
1095  				, cp_excl   IN NUMBER
1096  				)
1097  	  IS
1098  	    SELECT result_text
1099  	      FROM TABLE(otap_generate.constraint_tests(cp_table, cp_like, cp_schema, cp_prefix, 0, cp_excl))
1100  	  ;
1101  	  CURSOR cur_indexes( cp_schema IN VARCHAR2
1102  			    , cp_table	IN VARCHAR2
1103  			    , cp_like	IN VARCHAR2
1104  			    , cp_prefix IN VARCHAR2
1105  			    , cp_excl	IN NUMBER
1106  			    )
1107  	  IS
1108  	    SELECT result_text
1109  	      FROM TABLE(otap_generate.index_tests(cp_table, cp_like, cp_schema, cp_prefix, 0, cp_excl))
1110  	  ;
1111  	  CURSOR cur_header( cp_prefix IN VARCHAR2
1112  			   , cp_schema IN VARCHAR2
1113  			   , cp_type   IN VARCHAR2
1114  			   , cp_object IN VARCHAR2
1115  			   , cp_scope  IN VARCHAR2
1116  			   , cp_count  IN NUMBER
1117  			   , cp_show   IN NUMBER
1118  			   )
1119  	  IS
1120  	    SELECT result_text
1121  	      FROM TABLE(otap_generate.get_header(cp_prefix, cp_schema, cp_type, cp_object, cp_scope, cp_count, cp_show))
1122  	  ;
1123  	  CURSOR cur_footer(cp_show IN NUMBER)
1124  	  IS
1125  	    SELECT result_text
1126  	      FROM TABLE(otap_generate.get_footer(cp_show))
1127  	  ;
1128  	BEGIN
1129  	  l_like       := NVL(p_like_table, '%');
1130  	  l_schema     := otap_string.reduce(NVL(p_schema, SYS_CONTEXT('USERENV', 'CURRENT_SCHEMA')), 128);
1131  	  -- get test count, simulate conditions of called test generators
1132  	     WITH base AS
1133  		 (SELECT object_name
1134  		       , object_type
1135  		       , owner
1136  		    FROM dba_objects
1137  		   WHERE owner = l_schema
1138  			 -- currently supported objects
1139  		     AND object_type	= 'TABLE'
1140  			 -- user like condition
1141  		     AND object_name LIKE l_like ESCAPE '\'
1142  			 -- user exclude condition
1143  		     AND NOT otap_string.is_sys_object(object_name, p_excl_sysgen)
1144  		 )
1145  		 -- counter objects
1146  	       , cnt_base AS (SELECT COUNT(*) AS expected_count FROM base)
1147  	       , cols AS
1148  		 (SELECT dbc.owner
1149  		       , dbc.table_name
1150  		       , dbc.column_name
1151  		    FROM dba_tab_columns dbc
1152  		   INNER JOIN base
1153  		      ON dbc.owner	= base.owner
1154  		     AND dbc.table_name = base.object_name
1155  			 -- user like condition
1156  		   WHERE dbc.column_name LIKE '%' ESCAPE '\'
1157  			 -- user exclude condition
1158  		     AND NOT otap_string.is_sys_object(dbc.column_name, p_excl_sysgen)
1159  		 )
1160  	       , cnt_cols AS (SELECT COUNT(*) AS expected_count FROM cols)
1161  	       , cnt_indexes AS (SELECT COUNT(*) AS expected_count
1162  				   FROM dba_indexes dix
1163  				   LEFT OUTER JOIN dba_ind_columns dic
1164  				     ON dix.owner	= dic.index_owner
1165  				    AND dix.index_name	= dic.index_name
1166  				    AND dix.table_owner = dic.table_owner
1167  				    AND dix.table_name	= dic.table_name
1168  				  WHERE dix.owner = l_schema
1169  				    AND NOT otap_string.is_sys_object(dix.index_name, p_excl_sysgen)
1170  				)
1171  	       , cnt_constraints AS (SELECT COUNT(*) AS expected_count
1172  				       FROM dba_constraints dco
1173  				       LEFT OUTER JOIN dba_cons_columns dcc
1174  					 ON dco.owner			     = dcc.owner
1175  					AND dco.constraint_name 	     = dcc.constraint_name
1176  					AND dco.table_name		     = dcc.table_name
1177  				      WHERE dco.owner			     = l_schema
1178  					AND (	INSTR( otap_string.flatten( UPPER(dco.search_condition_vc)
1179  									  , 4000)
1180  						     , 'IS NOT NULL'
1181  						     )			       > 0
1182  					     OR NOT otap_string.is_sys_object(dco.constraint_name, p_excl_sysgen)
1183  					    )
1184  				    )
1185  	       , cnt AS
1186  		 (SELECT expected_count, 'BASE' AS info FROM cnt_base
1187  		   UNION ALL
1188  		  SELECT expected_count, 'COLUMNS' AS info FROM cnt_cols
1189  		   UNION ALL
1190  		  SELECT expected_count, 'CONSTRAINTS' AS info FROM cnt_constraints
1191  		   UNION ALL
1192  		  SELECT expected_count, 'INDEXES' AS info FROM cnt_indexes
1193  		 )
1194  	  SELECT SUM(expected_count) INTO l_test_count FROM cnt;
1195  	  -- get header
1196  	  FOR rec IN cur_header(p_title_prefix, l_schema, 'tables', NULL, l_like, l_test_count, p_show_header)
1197  	  LOOP
1198  	    PIPE ROW (otap_view_result_rec(rec.result_text, NULL));
1199  	  END LOOP;
1200  	  l_pad_par := otap_generate.get_code_prefix_len + 19;
1201  	  -- build group row
1202  	  l_statement := otap_generate.get_code_pad || '-- set test group for tables';
1203  	  PIPE ROW (otap_view_result_rec(l_statement, NULL));
1204  	  l_statement := otap_generate.get_code_prefix || 'otap_test.set_test_group(''tables'')' || otap_generate.get_code_postfix;
1205  	  PIPE ROW (otap_view_result_rec(l_statement, NULL));
1206  	  FOR rec IN cur_tables(l_schema, l_like, p_excl_sysgen)
1207  	  LOOP
1208  	    l_statement := otap_generate.get_code_pad || '-- set test name for table';
1209  	    PIPE ROW (otap_view_result_rec(l_statement, NULL));
1210  	    l_statement := otap_generate.get_code_prefix || 'otap_test.set_test_name(''table ' || rec.table_name || ''')' || otap_generate.get_code_postfix;
1211  	    PIPE ROW (otap_view_result_rec(l_statement, NULL));
1212  	    l_statement := otap_generate.get_code_prefix || 'otap_test.has_table( p_table_name => ''' || rec.table_name || '''';
1213  	    PIPE ROW (otap_view_result_rec(l_statement, NULL));
1214  	    l_statement := LPAD(' ', l_pad_par, ' ') || ', p_schema => ''' || l_schema || '''';
1215  	    PIPE ROW (otap_view_result_rec(l_statement, NULL));
1216  	    l_statement := LPAD(' ', l_pad_par, ' ') || ')' || otap_generate.get_code_postfix;
1217  	    PIPE ROW (otap_view_result_rec(l_statement, NULL));
1218  	    -- columns
1219  	    FOR colrec IN cur_columns(l_schema, rec.table_name, '%', p_title_prefix, p_excl_sysgen)
1220  	    LOOP
1221  	      PIPE ROW (otap_view_result_rec(colrec.result_text, NULL));
1222  	    END LOOP;
1223  	    -- constraints
1224  	    FOR consrec IN cur_constraints(l_schema, rec.table_name, '%', p_title_prefix, p_excl_sysgen)
1225  	    LOOP
1226  	      PIPE ROW (otap_view_result_rec(consrec.result_text, NULL));
1227  	    END LOOP;
1228  	    -- indexes
1229  	    FOR consrec IN cur_indexes(l_schema, rec.table_name, '%', p_title_prefix, p_excl_sysgen)
1230  	    LOOP
1231  	      PIPE ROW (otap_view_result_rec(consrec.result_text, NULL));
1232  	    END LOOP;
1233  	  END LOOP;
1234  	  FOR rec IN cur_footer(p_show_header)
1235  	  LOOP
1236  	    PIPE ROW (otap_view_result_rec(rec.result_text, NULL));
1237  	  END LOOP;
1238  	  RETURN;
1239  	EXCEPTION
1240  	  WHEN NO_DATA_NEEDED THEN
1241  	    RAISE;
1242  	END table_tests;
1243  
1244  	FUNCTION trigger_tests( p_like_trigger	IN VARCHAR2 DEFAULT '%'
1245  			      , p_schema	IN VARCHAR2 DEFAULT SYS_CONTEXT('USERENV', 'CURRENT_SCHEMA')
1246  			      , p_title_prefix	IN VARCHAR2 DEFAULT NULL
1247  			      , p_show_header	IN INTEGER  DEFAULT otap_constants.OTAP_NUM_TRUE
1248  			      , p_excl_sysgen	IN INTEGER  DEFAULT otap_constants.OTAP_NUM_TRUE
1249  			      )
1250  	  RETURN otap_view_result_tbl PIPELINED
1251  	IS
1252  	  l_statement	VARCHAR2(4000 CHAR);
1253  	  l_schema	VARCHAR2(128 CHAR);
1254  	  l_like	VARCHAR2(256 CHAR);
1255  	  l_count	INTEGER;
1256  	  l_test_count	INTEGER;
1257  	  l_pad_par	INTEGER;
1258  	  CURSOR cur_table_trigger( cp_schema IN VARCHAR2
1259  				  , cp_like   IN VARCHAR2
1260  				  , cp_excl   IN NUMBER
1261  				  )
1262  	  IS
1263  	    SELECT table_name
1264  	      FROM dba_triggers
1265  	     WHERE owner	   = cp_schema
1266  	       AND table_name	  IS NOT NULL
1267  	       AND trigger_name LIKE cp_like ESCAPE '\'
1268  	       AND NOT otap_string.is_sys_object(table_name, cp_excl)
1269  	       AND NOT otap_string.is_sys_object(trigger_name, cp_excl)
1270  	     GROUP BY table_name
1271  	     ORDER BY table_name
1272  	  ;
1273  	  CURSOR cur_trigger( cp_schema IN VARCHAR2
1274  			    , cp_table	IN VARCHAR2
1275  			    , cp_like	IN VARCHAR2
1276  			    , cp_excl	IN NUMBER
1277  			    )
1278  	  IS
1279  	    SELECT trigger_name
1280  		 , table_name
1281  		 , table_owner
1282  		 , owner
1283  		 , trigger_type
1284  		 , triggering_event
1285  	      FROM dba_triggers
1286  	     WHERE owner	   = cp_schema
1287  	       AND table_name	   = cp_table
1288  	       AND trigger_name LIKE cp_like ESCAPE '\'
1289  	       AND NOT otap_string.is_sys_object(trigger_name, cp_excl)
1290  	     ORDER BY trigger_name
1291  	  ;
1292  	  CURSOR cur_other_trigger( cp_schema IN VARCHAR2
1293  				  , cp_like   IN VARCHAR2
1294  				  , cp_excl   IN NUMBER
1295  				  )
1296  	  IS
1297  	    SELECT trigger_name
1298  		 , owner
1299  		 , trigger_type
1300  		 , triggering_event
1301  	      FROM dba_triggers
1302  	     WHERE owner	   = cp_schema
1303  	       AND table_name	  IS NULL
1304  	       AND trigger_name LIKE cp_like ESCAPE '\'
1305  	       AND NOT otap_string.is_sys_object(trigger_name, cp_excl)
1306  	     ORDER BY trigger_name
1307  	  ;
1308  	  CURSOR cur_header( cp_prefix IN VARCHAR2
1309  			   , cp_schema IN VARCHAR2
1310  			   , cp_type   IN VARCHAR2
1311  			   , cp_object IN VARCHAR2
1312  			   , cp_scope  IN VARCHAR2
1313  			   , cp_count  IN NUMBER
1314  			   , cp_show   IN NUMBER
1315  			   )
1316  	  IS
1317  	    SELECT result_text
1318  	      FROM TABLE(otap_generate.get_header(cp_prefix, cp_schema, cp_type, cp_object, cp_scope, cp_count, cp_show))
1319  	  ;
1320  	  CURSOR cur_footer(cp_show IN NUMBER)
1321  	  IS
1322  	    SELECT result_text
1323  	      FROM TABLE(otap_generate.get_footer(cp_show))
1324  	  ;
1325  	BEGIN
1326  	  l_like       := NVL(p_like_trigger, '%');
1327  	  l_schema     := otap_string.reduce(NVL(p_schema, SYS_CONTEXT('USERENV', 'CURRENT_SCHEMA')), 128);
1328  	  -- get test count
1329  	  SELECT COUNT(*)
1330  	    INTO l_test_count
1331  	    FROM dba_triggers
1332  	   WHERE owner		 = l_schema
1333  	     AND trigger_name LIKE l_like ESCAPE '\'
1334  	     AND NOT otap_string.is_sys_object(trigger_name, p_excl_sysgen)
1335  	  ;
1336  	  -- get header
1337  	  FOR rec IN cur_header(p_title_prefix, l_schema, 'trigger', NULL, l_like, l_test_count, p_show_header)
1338  	  LOOP
1339  	    PIPE ROW (otap_view_result_rec(rec.result_text, NULL));
1340  	  END LOOP;
1341  	  l_pad_par := otap_generate.get_code_prefix_len + 21;
1342  	  l_statement :=  otap_generate.get_code_prefix || 'otap_test.set_test_group(''trigger'')' || otap_generate.get_code_postfix;
1343  	  PIPE ROW (otap_view_result_rec(l_statement, NULL));
1344  	  SELECT COUNT(*) INTO l_count FROM dba_triggers WHERE owner = l_schema AND table_name IS NOT NULL;
1345  	  IF l_count > 0
1346  	  THEN
1347  	    FOR rec IN cur_table_trigger(l_schema, l_like, p_excl_sysgen)
1348  	    LOOP
1349  	      -- build name
1350  	      l_statement := otap_generate.get_code_pad || '-- set test name for table trigger';
1351  	      PIPE ROW (otap_view_result_rec(l_statement, NULL));
1352  	      l_statement :=  otap_generate.get_code_prefix || 'otap_test.set_test_name(''table trigger ' || rec.table_name || ''')' || otap_generate.get_code_postfix;
1353  	      PIPE ROW (otap_view_result_rec(l_statement, NULL));
1354  	      FOR rectrg IN cur_trigger(l_schema, rec.table_name, '%', p_excl_sysgen)
1355  	      LOOP
1356  		l_statement := otap_generate.get_code_prefix || 'otap_test.has_trigger( p_trigger_name => ''' || rectrg.trigger_name || '''';
1357  		PIPE ROW (otap_view_result_rec(l_statement, NULL));
1358  		l_statement := LPAD(' ', l_pad_par, ' ') || ', p_schema => ''' || rectrg.owner || '''';
1359  		PIPE ROW (otap_view_result_rec(l_statement, NULL));
1360  		l_statement := LPAD(' ', l_pad_par, ' ') || ', p_trigger_type => ''' || TRIM(rectrg.trigger_type) || '''';
1361  		PIPE ROW (otap_view_result_rec(l_statement, NULL));
1362  		l_statement := LPAD(' ', l_pad_par, ' ') || ', p_trigger_event => ''' || TRIM(rectrg.triggering_event) || '''';
1363  		PIPE ROW (otap_view_result_rec(l_statement, NULL));
1364  		l_statement := LPAD(' ', l_pad_par, ' ') || ', p_table_owner => ''' || TRIM(rectrg.table_owner) || '''';
1365  		PIPE ROW (otap_view_result_rec(l_statement, NULL));
1366  		l_statement := LPAD(' ', l_pad_par, ' ') || ', p_table_name => ''' || TRIM(rectrg.table_name) || '''';
1367  		PIPE ROW (otap_view_result_rec(l_statement, NULL));
1368  		l_statement := LPAD(' ', l_pad_par, ' ') || ')' || otap_generate.get_code_postfix;
1369  		PIPE ROW (otap_view_result_rec(l_statement, NULL));
1370  	      END LOOP;
1371  	    END LOOP;
1372  	  END IF;
1373  	  -- trigger without table
1374  	  SELECT COUNT(*) INTO l_count FROM dba_triggers WHERE owner = l_schema AND table_name IS NULL;
1375  	  IF l_count > 0
1376  	  THEN
1377  	    l_statement := otap_generate.get_code_pad || '-- set test name for non table trigger';
1378  	    PIPE ROW (otap_view_result_rec(l_statement, NULL));
1379  	    l_statement :=  otap_generate.get_code_prefix || 'otap_test.set_test_name(''trigger without table'')' || otap_generate.get_code_postfix;
1380  	    PIPE ROW (otap_view_result_rec(l_statement, NULL));
1381  	    FOR rec IN cur_other_trigger(l_schema, l_like, p_excl_sysgen)
1382  	    LOOP
1383  	      l_statement := otap_generate.get_code_prefix || 'otap_test.has_trigger( p_trigger_name => ''' || rec.trigger_name || '''';
1384  	      PIPE ROW (otap_view_result_rec(l_statement, NULL));
1385  	      l_statement := LPAD(' ', l_pad_par, ' ') || ', p_schema => ''' || rec.owner || '''';
1386  	      PIPE ROW (otap_view_result_rec(l_statement, NULL));
1387  	      l_statement := LPAD(' ', l_pad_par, ' ') || ', p_trigger_type => ''' || TRIM(rec.trigger_type) || '''';
1388  	      PIPE ROW (otap_view_result_rec(l_statement, NULL));
1389  	      l_statement := LPAD(' ', l_pad_par, ' ') || ', p_trigger_event => ''' || TRIM(rec.triggering_event) || '''';
1390  	      PIPE ROW (otap_view_result_rec(l_statement, NULL));
1391  	      l_statement := LPAD(' ', l_pad_par, ' ') || ')' || otap_generate.get_code_postfix;
1392  	      PIPE ROW (otap_view_result_rec(l_statement, NULL));
1393  	    END LOOP;
1394  	  END IF;
1395  	  FOR rec IN cur_footer(p_show_header)
1396  	  LOOP
1397  	    PIPE ROW (otap_view_result_rec(rec.result_text, NULL));
1398  	  END LOOP;
1399  	  RETURN;
1400  	EXCEPTION
1401  	  WHEN NO_DATA_NEEDED THEN
1402  	    RAISE;
1403  	END trigger_tests;
1404  
1405  	FUNCTION procedure_tests( p_like_procedure IN VARCHAR2 DEFAULT '%'
1406  				, p_package_name   IN VARCHAR  DEFAULT NULL
1407  				, p_schema	   IN VARCHAR2 DEFAULT SYS_CONTEXT('USERENV', 'CURRENT_SCHEMA')
1408  				, p_title_prefix   IN VARCHAR2 DEFAULT NULL
1409  				, p_show_header    IN INTEGER  DEFAULT otap_constants.OTAP_NUM_TRUE
1410  				, p_excl_sysgen    IN INTEGER  DEFAULT otap_constants.OTAP_NUM_TRUE
1411  				)
1412  	  RETURN otap_view_result_tbl PIPELINED
1413  	IS
1414  	  l_statement	VARCHAR2(4000 CHAR);
1415  	  l_schema	VARCHAR2(128 CHAR);
1416  	  l_like	VARCHAR2(256 CHAR);
1417  	  l_package	VARCHAR2(128 CHAR);
1418  	  l_test_count	INTEGER;
1419  	  l_pad_par	INTEGER;
1420  	  CURSOR cur_procedures( cp_schema  IN VARCHAR2
1421  			       , cp_package IN VARCHAR2
1422  			       , cp_like    IN VARCHAR2
1423  			       , cp_excl    IN NUMBER
1424  			       )
1425  	  IS
1426  	      WITH prc AS
1427  		   (SELECT dbo.owner
1428  			 , dbp.procedure_name
1429  			 , CASE
1430  			     WHEN dbr.position	     = 0
1431  			      AND dbr.argument_name IS NULL
1432  			     THEN 'FUNCTION'
1433  			     ELSE 'PROCEDURE'
1434  			   END AS procedure_type
1435  			 , CASE
1436  			     WHEN dbr.position	     = 0
1437  			      AND dbr.argument_name IS NULL
1438  			     THEN dbr.data_type
1439  			     ELSE NULL
1440  			   END AS return_type
1441  			 , dbo.status
1442  			 , dbo.object_name AS package_name
1443  		      FROM dba_objects dbo
1444  		      LEFT OUTER JOIN dba_procedures dbp
1445  			ON dbo.owner	   = dbp.owner
1446  		       AND dbo.object_name = dbp.object_name
1447  		       AND dbo.object_type = dbp.object_type
1448  		      LEFT OUTER JOIN dba_arguments dbr
1449  			ON dbp.owner	     = dbr.owner
1450  		       AND dbp.object_name   = dbr.package_name
1451  		       AND dbp.procedure_name = dbr.object_name
1452  		       AND dbp.object_id     = dbr.object_id
1453  		       AND dbp.subprogram_id = dbr.subprogram_id
1454  		       AND dbr.sequence      = 1
1455  		     WHERE dbo.owner	    = cp_schema
1456  		       AND dbo.object_type  = 'PACKAGE'
1457  			   -- exclude package itself
1458  		       AND dbp.procedure_name IS NOT NULL
1459  		       AND NOT otap_string.is_sys_object(dbp.procedure_name, cp_excl)
1460  		       AND NOT otap_string.is_sys_object(dbo.object_name, cp_excl)
1461  		     UNION ALL
1462  		    SELECT dbo.owner
1463  			 , dbo.object_name AS procedure_name
1464  			 , dbo.object_type AS procedure_type
1465  			 , CASE
1466  			     WHEN dbr.position	     = 0
1467  			      AND dbr.argument_name IS NULL
1468  			     THEN dbr.data_type
1469  			     ELSE NULL
1470  			   END AS return_type
1471  			 , dbo.status
1472  			 , NULL AS package_name
1473  		      FROM dba_objects dbo
1474  		      LEFT OUTER JOIN dba_procedures dbp
1475  			ON dbo.owner	   = dbp.owner
1476  		       AND dbo.object_name = dbp.object_name
1477  		       AND dbo.object_type = dbp.object_type
1478  		      LEFT OUTER JOIN dba_arguments dbr
1479  			ON dbp.owner	     = dbr.owner
1480  		       AND dbp.object_name   = dbr.object_name
1481  		       AND dbp.object_id     = dbr.object_id
1482  		       AND dbp.subprogram_id = dbr.subprogram_id
1483  		       AND dbr.sequence      = 1
1484  		     WHERE dbo.owner	    = cp_schema
1485  		       AND dbo.object_type IN ('FUNCTION', 'PROCEDURE')
1486  		       AND NOT otap_string.is_sys_object(dbo.object_name, cp_excl)
1487  		   )
1488  	    SELECT DISTINCT
1489  		   owner
1490  		 , procedure_name
1491  		 , procedure_type
1492  		 , return_type
1493  		 , status
1494  		 , package_name
1495  	      FROM prc
1496  	     WHERE NVL(package_name, 'N/A') = NVL(cp_package, 'N/A')
1497  	       AND procedure_name	 LIKE cp_like ESCAPE '\'
1498  	  ;
1499  	  CURSOR cur_count( cp_schema  IN VARCHAR2
1500  			  , cp_package IN VARCHAR2
1501  			  , cp_like    IN VARCHAR2
1502  			  , cp_excl    IN NUMBER
1503  			  )
1504  	  IS
1505  	      WITH prc AS
1506  		   (SELECT dbo.owner
1507  			 , dbp.procedure_name
1508  			 , CASE
1509  			     WHEN dbr.position	     = 0
1510  			      AND dbr.argument_name IS NULL
1511  			     THEN 'FUNCTION'
1512  			     ELSE 'PROCEDURE'
1513  			   END AS procedure_type
1514  			 , CASE
1515  			     WHEN dbr.position	     = 0
1516  			      AND dbr.argument_name IS NULL
1517  			     THEN dbr.data_type
1518  			     ELSE NULL
1519  			   END AS return_type
1520  			 , dbo.status
1521  			 , dbo.object_name AS package_name
1522  		      FROM dba_objects dbo
1523  		      LEFT OUTER JOIN dba_procedures dbp
1524  			ON dbo.owner	   = dbp.owner
1525  		       AND dbo.object_name = dbp.object_name
1526  		       AND dbo.object_type = dbp.object_type
1527  		      LEFT OUTER JOIN dba_arguments dbr
1528  			ON dbp.owner	     = dbr.owner
1529  		       AND dbp.object_name   = dbr.package_name
1530  		       AND dbp.procedure_name = dbr.object_name
1531  		       AND dbp.object_id     = dbr.object_id
1532  		       AND dbp.subprogram_id = dbr.subprogram_id
1533  		       AND dbr.sequence      = 1
1534  		     WHERE dbo.owner	    = cp_schema
1535  		       AND dbo.object_type  = 'PACKAGE'
1536  			   -- exclude package itself
1537  		       AND dbp.procedure_name IS NOT NULL
1538  		       AND NOT otap_string.is_sys_object(dbp.procedure_name, cp_excl)
1539  		       AND NOT otap_string.is_sys_object(dbo.object_name, cp_excl)
1540  		     UNION ALL
1541  		    SELECT dbo.owner
1542  			 , dbo.object_name AS procedure_name
1543  			 , dbo.object_type AS procedure_type
1544  			 , CASE
1545  			     WHEN dbr.position	     = 0
1546  			      AND dbr.argument_name IS NULL
1547  			     THEN dbr.data_type
1548  			     ELSE NULL
1549  			   END AS return_type
1550  			 , dbo.status
1551  			 , NULL AS package_name
1552  		      FROM dba_objects dbo
1553  		      LEFT OUTER JOIN dba_procedures dbp
1554  			ON dbo.owner	   = dbp.owner
1555  		       AND dbo.object_name = dbp.object_name
1556  		       AND dbo.object_type = dbp.object_type
1557  		      LEFT OUTER JOIN dba_arguments dbr
1558  			ON dbp.owner	     = dbr.owner
1559  		       AND dbp.object_name   = dbr.object_name
1560  		       AND dbp.object_id     = dbr.object_id
1561  		       AND dbp.subprogram_id = dbr.subprogram_id
1562  		       AND dbr.sequence      = 1
1563  		     WHERE dbo.owner	    = cp_schema
1564  		       AND dbo.object_type IN ('FUNCTION', 'PROCEDURE')
1565  		       AND NOT otap_string.is_sys_object(dbo.object_name, cp_excl)
1566  		   )
1567  		 , res AS
1568  		   (SELECT DISTINCT
1569  			   owner
1570  			 , procedure_name
1571  			 , procedure_type
1572  			 , return_type
1573  			 , status
1574  			 , package_name
1575  		      FROM prc
1576  		     WHERE NVL(package_name, 'N/A') = NVL(cp_package, 'N/A')
1577  		       AND procedure_name	 LIKE cp_like ESCAPE '\'
1578  		   )
1579  	  SELECT COUNT(*) AS test_count FROM res;
1580  
1581  	  CURSOR cur_header( cp_prefix IN VARCHAR2
1582  			   , cp_schema IN VARCHAR2
1583  			   , cp_type   IN VARCHAR2
1584  			   , cp_object IN VARCHAR2
1585  			   , cp_scope  IN VARCHAR2
1586  			   , cp_count  IN NUMBER
1587  			   , cp_show   IN NUMBER
1588  			   )
1589  	  IS
1590  	    SELECT result_text
1591  	      FROM TABLE(otap_generate.get_header(cp_prefix, cp_schema, cp_type, cp_object, cp_scope, cp_count, cp_show))
1592  	  ;
1593  	  CURSOR cur_footer(cp_show IN NUMBER)
1594  	  IS
1595  	    SELECT result_text
1596  	      FROM TABLE(otap_generate.get_footer(cp_show))
1597  	  ;
1598  	BEGIN
1599  	  l_like       := NVL(p_like_procedure, '%');
1600  	  l_schema     := otap_string.reduce(NVL(p_schema, SYS_CONTEXT('USERENV', 'CURRENT_SCHEMA')), 128);
1601  	  OPEN cur_count(l_schema, p_package_name, l_like, p_excl_sysgen);
1602  	  FETCH cur_count INTO l_test_count;
1603  	  CLOSE cur_count;
1604  	  -- get header
1605  	  FOR rec IN cur_header(p_title_prefix, l_schema, 'procedures', NULL, l_like, l_test_count, p_show_header)
1606  	  LOOP
1607  	    PIPE ROW (otap_view_result_rec(rec.result_text, NULL));
1608  	  END LOOP;
1609  	  l_pad_par := otap_generate.get_code_prefix_len + 23;
1610  	  FOR rec IN cur_procedures(l_schema, p_package_name, l_like, p_excl_sysgen)
1611  	  LOOP
1612  	    IF p_package_name IS NULL
1613  	    THEN
1614  	      -- set name if not package, otherwise name is already set
1615  	      l_statement := otap_generate.get_code_pad || '-- set test name for not package procedures and functions';
1616  	      PIPE ROW (otap_view_result_rec(l_statement, NULL));
1617  	      l_statement :=  otap_generate.get_code_prefix || 'otap_test.set_test_name(''' || rec.procedure_type || ' ' || rec.procedure_name || ''')' || otap_generate.get_code_postfix;
1618  	      PIPE ROW (otap_view_result_rec(l_statement, NULL));
1619  	    END IF;
1620  	    l_statement := otap_generate.get_code_prefix || 'otap_test.has_procedure( p_procedure_name => ''' || rec.procedure_name || '''';
1621  	    PIPE ROW (otap_view_result_rec(l_statement, NULL));
1622  	    l_statement := LPAD(' ', l_pad_par, ' ') || ', p_schema => ''' || l_schema || '''';
1623  	    PIPE ROW (otap_view_result_rec(l_statement, NULL));
1624  	    l_statement := LPAD(' ', l_pad_par, ' ') || ', p_procedure_type => ''' || rec.procedure_type || '''';
1625  	    PIPE ROW (otap_view_result_rec(l_statement, NULL));
1626  	    l_statement := LPAD(' ', l_pad_par, ' ') || ', p_package_name => ''' || rec.package_name || '''';
1627  	    PIPE ROW (otap_view_result_rec(l_statement, NULL));
1628  	    IF rec.procedure_type = 'FUNCTION'
1629  	    THEN
1630  	      l_statement := LPAD(' ', l_pad_par, ' ') || ', p_return_type => ''' || rec.return_type || '''';
1631  	      PIPE ROW (otap_view_result_rec(l_statement, NULL));
1632  	    END IF;
1633  	    l_statement := LPAD(' ', l_pad_par, ' ') || ')' || otap_generate.get_code_postfix;
1634  	    PIPE ROW (otap_view_result_rec(l_statement, NULL));
1635  	  END LOOP;
1636  	  FOR rec IN cur_footer(p_show_header)
1637  	  LOOP
1638  	    PIPE ROW (otap_view_result_rec(rec.result_text, NULL));
1639  	  END LOOP;
1640  	  RETURN;
1641  	EXCEPTION
1642  	  WHEN NO_DATA_NEEDED THEN
1643  	    RAISE;
1644  	END procedure_tests;
1645  
1646  	FUNCTION package_tests( p_like_package	IN VARCHAR2 DEFAULT '%'
1647  			      , p_schema	IN VARCHAR2 DEFAULT SYS_CONTEXT('USERENV', 'CURRENT_SCHEMA')
1648  			      , p_title_prefix	IN VARCHAR2 DEFAULT NULL
1649  			      , p_show_header	IN INTEGER  DEFAULT otap_constants.OTAP_NUM_TRUE
1650  			      , p_excl_sysgen	IN INTEGER  DEFAULT otap_constants.OTAP_NUM_TRUE
1651  			      )
1652  	  RETURN otap_view_result_tbl PIPELINED
1653  	IS
1654  	  l_statement	VARCHAR2(4000 CHAR);
1655  	  l_schema	VARCHAR2(128 CHAR);
1656  	  l_like	VARCHAR2(256 CHAR);
1657  	  l_count	INTEGER;
1658  	  l_test_count	INTEGER;
1659  	  l_pad_par	INTEGER;
1660  	  CURSOR cur_packages( cp_schema IN VARCHAR2
1661  			     , cp_like	 IN VARCHAR2
1662  			     , cp_excl	 IN NUMBER
1663  			     )
1664  	  IS
1665  	    SELECT object_name AS package_name
1666  		 , COUNT(*)    AS package_objects
1667  	      FROM dba_objects
1668  	     WHERE owner	  = cp_schema
1669  	       AND object_type LIKE 'PACKAGE%'
1670  	       AND object_name LIKE cp_like ESCAPE '\'
1671  	       AND NOT otap_string.is_sys_object(object_name, cp_excl)
1672  	     GROUP BY object_name
1673  	  ;
1674  	  CURSOR cur_procedures( cp_schema  IN VARCHAR2
1675  			       , cp_package IN VARCHAR2
1676  			       , cp_like    IN VARCHAR2
1677  			       , cp_prefix  IN VARCHAR2
1678  			       , cp_excl    IN NUMBER
1679  			       )
1680  	  IS
1681  	    SELECT result_text
1682  	      FROM TABLE(otap_generate.procedure_tests(cp_like, cp_package, cp_schema, cp_prefix, 0, cp_excl))
1683  	  ;
1684  	  CURSOR cur_header( cp_prefix IN VARCHAR2
1685  			   , cp_schema IN VARCHAR2
1686  			   , cp_type   IN VARCHAR2
1687  			   , cp_object IN VARCHAR2
1688  			   , cp_scope  IN VARCHAR2
1689  			   , cp_count  IN NUMBER
1690  			   , cp_show   IN NUMBER
1691  			   )
1692  	  IS
1693  	    SELECT result_text
1694  	      FROM TABLE(otap_generate.get_header(cp_prefix, cp_schema, cp_type, cp_object, cp_scope, cp_count, cp_show))
1695  	  ;
1696  	  CURSOR cur_footer(cp_show IN NUMBER)
1697  	  IS
1698  	    SELECT result_text
1699  	      FROM TABLE(otap_generate.get_footer(cp_show))
1700  	  ;
1701  	BEGIN
1702  	  l_like       := NVL(p_like_package, '%');
1703  	  l_schema     := otap_string.reduce(NVL(p_schema, SYS_CONTEXT('USERENV', 'CURRENT_SCHEMA')), 128);
1704  	  -- get test count, simulate conditions of called test generators
1705  	     WITH base AS
1706  		 (SELECT object_name
1707  		       , object_type
1708  		       , owner
1709  		    FROM dba_objects
1710  		   WHERE owner = l_schema
1711  			 -- currently supported objects
1712  		     AND object_type LIKE 'PACKAGE%'
1713  			 -- user like condition
1714  		     AND object_name LIKE l_like ESCAPE '\'
1715  			 -- user exclude condition
1716  		     AND NOT otap_string.is_sys_object(object_name, p_excl_sysgen)
1717  		 )
1718  		 -- counter objects
1719  	       , cnt_base AS (SELECT COUNT(*) AS expected_count FROM base)
1720  		 -- depending procedures
1721  	       , prc AS
1722  		 (SELECT dbp.procedure_name
1723  		       , dbp.object_name
1724  		       , dbp.object_type
1725  		    FROM dba_procedures dbp
1726  		   INNER JOIN base
1727  		      ON dbp.object_name = base.object_name
1728  		     AND dbp.object_type = base.object_type
1729  		     AND dbp.owner	 = base.owner
1730  			 -- exclude pure functions and procedures, already counted by base
1731  		     AND base.object_type NOT IN ('FUNCTION', 'PROCEDURE')
1732  			 -- user exclude condition
1733  		   WHERE NOT otap_string.is_sys_object(dbp.procedure_name, p_excl_sysgen)
1734  		 )
1735  	       , cnt_prc AS (SELECT COUNT(*) AS expected_count FROM prc)
1736  	       , cnt AS
1737  		 (SELECT expected_count, 'BASE' AS info FROM cnt_base
1738  		   UNION ALL
1739  		  SELECT expected_count, 'PROCEDURES' AS info FROM cnt_prc
1740  		 )
1741  	  SELECT SUM(expected_count) INTO l_test_count FROM cnt;
1742  	  -- get header
1743  	  FOR rec IN cur_header(p_title_prefix, l_schema, 'packages', NULL, l_like, l_test_count, p_show_header)
1744  	  LOOP
1745  	    PIPE ROW (otap_view_result_rec(rec.result_text, NULL));
1746  	  END LOOP;
1747  	  l_pad_par := otap_generate.get_code_prefix_len + 21;
1748  	  -- build group row
1749  	  l_statement := otap_generate.get_code_pad || '-- set test group for package';
1750  	  PIPE ROW (otap_view_result_rec(l_statement, NULL));
1751  	  l_statement := otap_generate.get_code_prefix || 'otap_test.set_test_group(''packages'')' || otap_generate.get_code_postfix;
1752  	  PIPE ROW (otap_view_result_rec(l_statement, NULL));
1753  	  -- first loop through packages
1754  	  FOR rec IN cur_packages(l_schema, l_like, p_excl_sysgen)
1755  	  LOOP
1756  	    l_statement := otap_generate.get_code_pad || '-- set test name for package';
1757  	    PIPE ROW (otap_view_result_rec(l_statement, NULL));
1758  	    l_statement := otap_generate.get_code_prefix || 'otap_test.set_test_name(''package ' || rec.package_name || ''')' || otap_generate.get_code_postfix;
1759  	    PIPE ROW (otap_view_result_rec(l_statement, NULL));
1760  	    l_statement := otap_generate.get_code_prefix || 'otap_test.has_package( p_package_name => ''' || rec.package_name || '''';
1761  	    PIPE ROW (otap_view_result_rec(l_statement, NULL));
1762  	    l_statement := LPAD(' ', l_pad_par, ' ') || ', p_schema => ''' || l_schema || '''';
1763  	    PIPE ROW (otap_view_result_rec(l_statement, NULL));
1764  	    l_statement := LPAD(' ', l_pad_par, ' ') || ')' || otap_generate.get_code_postfix;
1765  	    PIPE ROW (otap_view_result_rec(l_statement, NULL));
1766  	    IF rec.package_objects = 2
1767  	    THEN
1768  	      l_statement := otap_generate.get_code_prefix || 'otap_test.has_package( p_package_name => ''' || rec.package_name || '''';
1769  	      PIPE ROW (otap_view_result_rec(l_statement, NULL));
1770  	      l_statement := LPAD(' ', l_pad_par, ' ') || ', p_schema => ''' || l_schema || '''';
1771  	      PIPE ROW (otap_view_result_rec(l_statement, NULL));
1772  	      l_statement := LPAD(' ', l_pad_par, ' ') || ', p_package_type => ''PACKAGE BODY''';
1773  	      PIPE ROW (otap_view_result_rec(l_statement, NULL));
1774  	      l_statement := LPAD(' ', l_pad_par, ' ') || ')' || otap_generate.get_code_postfix;
1775  	      PIPE ROW (otap_view_result_rec(l_statement, NULL));
1776  	    END IF;
1777  	    -- now loop through the package procedures and functions
1778  	    FOR recfn IN cur_procedures(l_schema, rec.package_name, '%', p_title_prefix, p_excl_sysgen)
1779  	    LOOP
1780  	      PIPE ROW (otap_view_result_rec(recfn.result_text, NULL));
1781  	    END LOOP;
1782  	  END LOOP;
1783  	  FOR rec IN cur_footer(p_show_header)
1784  	  LOOP
1785  	    PIPE ROW (otap_view_result_rec(rec.result_text, NULL));
1786  	  END LOOP;
1787  	  RETURN;
1788  	EXCEPTION
1789  	  WHEN NO_DATA_NEEDED THEN
1790  	    RAISE;
1791  	END package_tests;
1792  
1793  	FUNCTION view_tests( p_like_view     IN VARCHAR2 DEFAULT '%'
1794  			   , p_schema	     IN VARCHAR2 DEFAULT SYS_CONTEXT('USERENV', 'CURRENT_SCHEMA')
1795  			   , p_title_prefix  IN VARCHAR2 DEFAULT NULL
1796  			   , p_show_header   IN INTEGER  DEFAULT otap_constants.OTAP_NUM_TRUE
1797  			   , p_excl_sysgen   IN INTEGER  DEFAULT otap_constants.OTAP_NUM_TRUE
1798  			   )
1799  	  RETURN otap_view_result_tbl PIPELINED
1800  	IS
1801  	  l_statement	VARCHAR2(4000 CHAR);
1802  	  l_schema	VARCHAR2(128 CHAR);
1803  	  l_like	VARCHAR2(256 CHAR);
1804  	  l_test_count	INTEGER;
1805  	  l_pad_par	INTEGER;
1806  	  CURSOR cur_views( cp_schema IN VARCHAR2
1807  			  , cp_like   IN VARCHAR2
1808  			  , cp_excl   IN NUMBER
1809  			  )
1810  	  IS
1811  	    SELECT owner
1812  		 , object_name AS view_name
1813  		 , object_type
1814  	      FROM dba_objects
1815  	     WHERE owner	  = cp_schema
1816  	       AND object_type LIKE '%VIEW'
1817  	       AND object_name LIKE cp_like ESCAPE '\'
1818  	       AND NOT otap_string.is_sys_object(object_name, cp_excl)
1819  	     ORDER BY object_type DESC
1820  		    , object_name
1821  	  ;
1822  	  CURSOR cur_columns( cp_schema IN VARCHAR2
1823  			    , cp_table	IN VARCHAR2
1824  			    , cp_like	IN VARCHAR2
1825  			    , cp_prefix IN VARCHAR2
1826  			    , cp_excl	IN NUMBER
1827  			    )
1828  	  IS
1829  	    SELECT result_text
1830  	      FROM TABLE(otap_generate.column_tests(cp_table, cp_like, cp_schema, cp_prefix, 0, cp_excl))
1831  	  ;
1832  	  CURSOR cur_header( cp_prefix IN VARCHAR2
1833  			   , cp_schema IN VARCHAR2
1834  			   , cp_type   IN VARCHAR2
1835  			   , cp_object IN VARCHAR2
1836  			   , cp_scope  IN VARCHAR2
1837  			   , cp_count  IN NUMBER
1838  			   , cp_show   IN NUMBER
1839  			   )
1840  	  IS
1841  	    SELECT result_text
1842  	      FROM TABLE(otap_generate.get_header(cp_prefix, cp_schema, cp_type, cp_object, cp_scope, cp_count, cp_show))
1843  	  ;
1844  	  CURSOR cur_footer(cp_show IN NUMBER)
1845  	  IS
1846  	    SELECT result_text
1847  	      FROM TABLE(otap_generate.get_footer(cp_show))
1848  	  ;
1849  	BEGIN
1850  	  l_like       := NVL(p_like_view, '%');
1851  	  l_schema     := otap_string.reduce(NVL(p_schema, SYS_CONTEXT('USERENV', 'CURRENT_SCHEMA')), 128);
1852  	  -- get test count, simulate conditions of called test generators
1853  	     WITH base AS
1854  		 (SELECT object_name
1855  		       , object_type
1856  		       , owner
1857  		    FROM dba_objects
1858  		   WHERE owner = l_schema
1859  			 -- currently supported objects
1860  		     AND object_type LIKE '%VIEW'
1861  			 -- user like condition
1862  		     AND object_name LIKE l_like ESCAPE '\'
1863  			 -- user exclude condition
1864  		     AND NOT otap_string.is_sys_object(object_name, p_excl_sysgen)
1865  		 )
1866  		 -- counter objects
1867  	       , cnt_base AS (SELECT COUNT(*) AS expected_count FROM base)
1868  	       , cols AS
1869  		 (SELECT dbc.owner
1870  		       , dbc.table_name
1871  		       , dbc.column_name
1872  		    FROM dba_tab_columns dbc
1873  		   INNER JOIN base
1874  		      ON dbc.owner	= base.owner
1875  		     AND dbc.table_name = base.object_name
1876  			 -- user like condition
1877  		   WHERE dbc.column_name LIKE '%' ESCAPE '\'
1878  			 -- user exclude condition
1879  		     AND NOT otap_string.is_sys_object(dbc.column_name, p_excl_sysgen)
1880  		 )
1881  	       , cnt_cols AS (SELECT COUNT(*) AS expected_count FROM cols)
1882  	       , cnt AS
1883  		 (SELECT expected_count, 'BASE' AS info FROM cnt_base
1884  		   UNION ALL
1885  		  SELECT expected_count, 'COLUMNS' AS info FROM cnt_cols
1886  		 )
1887  	  SELECT SUM(expected_count) INTO l_test_count FROM cnt;
1888  	  -- get header
1889  	  FOR rec IN cur_header(p_title_prefix, l_schema, 'views', NULL, l_like, l_test_count, p_show_header)
1890  	  LOOP
1891  	    PIPE ROW (otap_view_result_rec(rec.result_text, NULL));
1892  	  END LOOP;
1893  	  l_pad_par := otap_generate.get_code_prefix_len + 20;
1894  	  -- build group row
1895  	  l_statement := otap_generate.get_code_pad || '-- set test group for views';
1896  	  PIPE ROW (otap_view_result_rec(l_statement, NULL));
1897  	  l_statement := otap_generate.get_code_prefix || 'otap_test.set_test_group(''views'')' || otap_generate.get_code_postfix;
1898  	  PIPE ROW (otap_view_result_rec(l_statement, NULL));
1899  	  -- first loop through views
1900  	  FOR rec IN cur_views(l_schema, l_like, p_excl_sysgen)
1901  	  LOOP
1902  	    l_statement := otap_generate.get_code_pad || '-- set test name for view';
1903  	    PIPE ROW (otap_view_result_rec(l_statement, NULL));
1904  	    l_statement := otap_generate.get_code_prefix || 'otap_test.set_test_name(''view ' || rec.view_name || ''')' || otap_generate.get_code_postfix;
1905  	    PIPE ROW (otap_view_result_rec(l_statement, NULL));
1906  	    l_statement := otap_generate.get_code_prefix || 'otap_test.has_object( p_object_name => ''' || rec.view_name || '''';
1907  	    PIPE ROW (otap_view_result_rec(l_statement, NULL));
1908  	    l_statement := LPAD(' ', l_pad_par, ' ') || ', p_object_type => ''' || rec.object_type || '''';
1909  	    PIPE ROW (otap_view_result_rec(l_statement, NULL));
1910  	    l_statement := LPAD(' ', l_pad_par, ' ') || ', p_schema => ''' || l_schema || '''';
1911  	    PIPE ROW (otap_view_result_rec(l_statement, NULL));
1912  	    l_statement := LPAD(' ', l_pad_par, ' ') || ')' || otap_generate.get_code_postfix;
1913  	    PIPE ROW (otap_view_result_rec(l_statement, NULL));
1914  	    FOR colrec IN cur_columns(l_schema, rec.view_name, '%', p_title_prefix, p_excl_sysgen)
1915  	    LOOP
1916  	      PIPE ROW (otap_view_result_rec(colrec.result_text, NULL));
1917  	    END LOOP;
1918  	  END LOOP;
1919  	  FOR rec IN cur_footer(p_show_header)
1920  	  LOOP
1921  	    PIPE ROW (otap_view_result_rec(rec.result_text, NULL));
1922  	  END LOOP;
1923  	  RETURN;
1924  	EXCEPTION
1925  	  WHEN NO_DATA_NEEDED THEN
1926  	    RAISE;
1927  	END view_tests;
1928  
1929  	FUNCTION schema_user_test( p_schema	   IN VARCHAR2 DEFAULT NULL
1930  				 , p_title_prefix  IN VARCHAR2 DEFAULT NULL
1931  				 , p_show_header   IN INTEGER  DEFAULT otap_constants.OTAP_NUM_TRUE
1932  				 )
1933  	  RETURN otap_view_result_tbl PIPELINED
1934  	IS
1935  	  l_statement	VARCHAR2(4000 CHAR);
1936  	  l_test_count	INTEGER;
1937  	  l_pad_par	INTEGER;
1938  	  CURSOR cur_user(cp_schema IN VARCHAR2)
1939  	  IS
1940  	    SELECT username
1941  		 , account_status
1942  		 , default_tablespace
1943  		 , temporary_tablespace
1944  		 , local_temp_tablespace
1945  		 , profile
1946  		 , password_versions
1947  		 , authentication_type
1948  		 , proxy_only_connect
1949  		 , protected
1950  		 , read_only
1951  	      FROM dba_users
1952  	     WHERE username = cp_schema
1953  	  ;
1954  	  CURSOR cur_header( cp_prefix IN VARCHAR2
1955  			   , cp_schema IN VARCHAR2
1956  			   , cp_type   IN VARCHAR2
1957  			   , cp_object IN VARCHAR2
1958  			   , cp_scope  IN VARCHAR2
1959  			   , cp_count  IN NUMBER
1960  			   , cp_show   IN NUMBER
1961  			   )
1962  	  IS
1963  	    SELECT result_text
1964  	      FROM TABLE(otap_generate.get_header(cp_prefix, cp_schema, cp_type, cp_object, cp_scope, cp_count, cp_show))
1965  	  ;
1966  	  CURSOR cur_footer(cp_show IN NUMBER)
1967  	  IS
1968  	    SELECT result_text
1969  	      FROM TABLE(otap_generate.get_footer(cp_show))
1970  	  ;
1971  	BEGIN
1972  	  SELECT COUNT(*)
1973  	    INTO l_test_count
1974  	    FROM dba_users
1975  	   WHERE username = p_schema
1976  	  ;
1977  	  -- we expect exactly one user
1978  	  IF l_test_count = 1
1979  	  THEN
1980  	    -- get header
1981  	    FOR rec IN cur_header(p_title_prefix, 'SYS', 'users', NULL, p_schema, l_test_count, p_show_header)
1982  	    LOOP
1983  	      PIPE ROW (otap_view_result_rec(rec.result_text, NULL));
1984  	    END LOOP;
1985  	    l_pad_par := otap_generate.get_code_prefix_len + 18;
1986  	    -- build group and name row
1987  	    l_statement := otap_generate.get_code_pad || '-- set test group for schema user';
1988  	    PIPE ROW (otap_view_result_rec(l_statement, NULL));
1989  	    l_statement := otap_generate.get_code_prefix || 'otap_test.set_test_group(''schema user'')' || otap_generate.get_code_postfix;
1990  	    PIPE ROW (otap_view_result_rec(l_statement, NULL));
1991  	    l_statement := otap_generate.get_code_pad || '-- set test name for schema user';
1992  	    PIPE ROW (otap_view_result_rec(l_statement, NULL));
1993  	    l_statement := otap_generate.get_code_prefix || 'otap_test.set_test_name(''schema user check'')' || otap_generate.get_code_postfix;
1994  	    PIPE ROW (otap_view_result_rec(l_statement, NULL));
1995  	    FOR rec IN cur_user(p_schema)
1996  	    LOOP
1997  	      -- build simple user checks
1998  	      l_statement := otap_generate.get_code_prefix || 'otap_test.has_user( p_username => ''' || rec.username || '''';
1999  	      PIPE ROW (otap_view_result_rec(l_statement, NULL));
2000  	      l_statement := LPAD(' ', l_pad_par, ' ') || ', p_account_status => '''|| rec.account_status || '''';
2001  	      PIPE ROW (otap_view_result_rec(l_statement, NULL));
2002  	      l_statement := LPAD(' ', l_pad_par, ' ') || ', p_default_tablespace => '''|| rec.default_tablespace || '''';
2003  	      PIPE ROW (otap_view_result_rec(l_statement, NULL));
2004  	      l_statement := LPAD(' ', l_pad_par, ' ') || ', p_temporary_tablespace => '''|| rec.temporary_tablespace || '''';
2005  	      PIPE ROW (otap_view_result_rec(l_statement, NULL));
2006  	      IF rec.local_temp_tablespace IS NOT NULL
2007  	      THEN
2008  		l_statement := LPAD(' ', l_pad_par, ' ') || ', p_local_temp_tablespace => '''|| rec.local_temp_tablespace || '''';
2009  		PIPE ROW (otap_view_result_rec(l_statement, NULL));
2010  	      END IF;
2011  	      l_statement := LPAD(' ', l_pad_par, ' ') || ', p_profile => '''|| rec.profile || '''';
2012  	      PIPE ROW (otap_view_result_rec(l_statement, NULL));
2013  	      IF rec.password_versions IS NOT NULL
2014  	      THEN
2015  		l_statement := LPAD(' ', l_pad_par, ' ') || ', p_password_versions => '''|| TRIM(rec.password_versions) || '''';
2016  		PIPE ROW (otap_view_result_rec(l_statement, NULL));
2017  	      END IF;
2018  	      IF rec.authentication_type IS NOT NULL
2019  	      THEN
2020  		l_statement := LPAD(' ', l_pad_par, ' ') || ', p_authentication_type => '''|| rec.authentication_type || '''';
2021  		PIPE ROW (otap_view_result_rec(l_statement, NULL));
2022  	      END IF;
2023  	      IF rec.proxy_only_connect IS NOT NULL
2024  	      THEN
2025  		l_statement := LPAD(' ', l_pad_par, ' ') || ', p_proxy_only_connect => '''|| rec.proxy_only_connect || '''';
2026  		PIPE ROW (otap_view_result_rec(l_statement, NULL));
2027  	      END IF;
2028  	      IF rec.protected IS NOT NULL
2029  	      THEN
2030  		l_statement := LPAD(' ', l_pad_par, ' ') || ', p_protected => '''|| rec.protected || '''';
2031  		PIPE ROW (otap_view_result_rec(l_statement, NULL));
2032  	      END IF;
2033  	      IF rec.read_only IS NOT NULL
2034  	      THEN
2035  		l_statement := LPAD(' ', l_pad_par, ' ') || ', p_read_only => '''|| rec.read_only || '''';
2036  		PIPE ROW (otap_view_result_rec(l_statement, NULL));
2037  	      END IF;
2038  	      l_statement := LPAD(' ', l_pad_par, ' ') || ')' || otap_generate.get_code_postfix;
2039  	      PIPE ROW (otap_view_result_rec(l_statement, NULL));
2040  	    END LOOP;
2041  	    FOR rec IN cur_footer(p_show_header)
2042  	    LOOP
2043  	      PIPE ROW (otap_view_result_rec(rec.result_text, NULL));
2044  	    END LOOP;
2045  	  END IF;
2046  	  RETURN;
2047  	EXCEPTION
2048  	  WHEN NO_DATA_NEEDED THEN
2049  	    RAISE;
2050  	END schema_user_test;
2051  
2052  	FUNCTION related_user_tests( p_user_list     IN VARCHAR2 DEFAULT NULL
2053  				   , p_title_prefix  IN VARCHAR2 DEFAULT NULL
2054  				   , p_show_header   IN INTEGER  DEFAULT otap_constants.OTAP_NUM_TRUE
2055  				   )
2056  	  RETURN otap_view_result_tbl PIPELINED
2057  	IS
2058  	  l_statement	VARCHAR2(4000 CHAR);
2059  	  l_test_count	INTEGER;
2060  	  l_pad_par	INTEGER;
2061  	  CURSOR cur_user(cp_user_list IN VARCHAR2)
2062  	  IS
2063  	      WITH usr_list AS
2064  		   (SELECT TRIM(REGEXP_SUBSTR(cp_user_list, '[^,]+', 1, LEVEL)) AS username
2065  		      FROM dual
2066  		   CONNECT BY REGEXP_SUBSTR(cp_user_list, '[^,]+', 1, LEVEL) IS NOT NULL
2067  		   )
2068  	    SELECT username
2069  	      FROM usr_list
2070  	     WHERE username IS NOT NULL
2071  	  ;
2072  	  CURSOR cur_user_cnt(cp_user_list IN VARCHAR2)
2073  	  IS
2074  	      WITH usr_list AS
2075  		   (SELECT TRIM(REGEXP_SUBSTR(cp_user_list, '[^,]+', 1, LEVEL)) AS username
2076  		      FROM dual
2077  		   CONNECT BY REGEXP_SUBSTR(cp_user_list, '[^,]+', 1, LEVEL) IS NOT NULL
2078  		   )
2079  	    SELECT COUNT(*) AS user_cnt
2080  	      FROM usr_list
2081  	     WHERE username IS NOT NULL
2082  	  ;
2083  	  CURSOR cur_header( cp_prefix IN VARCHAR2
2084  			   , cp_schema IN VARCHAR2
2085  			   , cp_type   IN VARCHAR2
2086  			   , cp_object IN VARCHAR2
2087  			   , cp_scope  IN VARCHAR2
2088  			   , cp_count  IN NUMBER
2089  			   , cp_show   IN NUMBER
2090  			   )
2091  	  IS
2092  	    SELECT result_text
2093  	      FROM TABLE(otap_generate.get_header(cp_prefix, cp_schema, cp_type, cp_object, cp_scope, cp_count, cp_show))
2094  	  ;
2095  	  CURSOR cur_footer(cp_show IN NUMBER)
2096  	  IS
2097  	    SELECT result_text
2098  	      FROM TABLE(otap_generate.get_footer(cp_show))
2099  	  ;
2100  	BEGIN
2101  	  -- todo scope = list string, schema = SYS, type User
2102  	  IF p_user_list IS NOT NULL
2103  	  THEN
2104  	    -- get count
2105  	    OPEN cur_user_cnt(p_user_list);
2106  	    FETCH cur_user_cnt INTO l_test_count;
2107  	    CLOSE cur_user_cnt;
2108  	    -- get header
2109  	    FOR rec IN cur_header(p_title_prefix, 'SYS', 'Simple user list check', NULL, p_user_list, l_test_count, p_show_header)
2110  	    LOOP
2111  	      PIPE ROW (otap_view_result_rec(rec.result_text, NULL));
2112  	    END LOOP;
2113  	    l_pad_par := otap_generate.get_code_prefix_len + 18;
2114  	    -- build group and name row
2115  	    l_statement := otap_generate.get_code_pad || '-- set test group for user list';
2116  	    PIPE ROW (otap_view_result_rec(l_statement, NULL));
2117  	    l_statement := otap_generate.get_code_prefix || 'otap_test.set_test_group(''users'')' || otap_generate.get_code_postfix;
2118  	    PIPE ROW (otap_view_result_rec(l_statement, NULL));
2119  	    l_statement := otap_generate.get_code_pad || '-- set test name for simple user check';
2120  	    PIPE ROW (otap_view_result_rec(l_statement, NULL));
2121  	    l_statement := otap_generate.get_code_prefix || 'otap_test.set_test_name(''simple user checks'')' || otap_generate.get_code_postfix;
2122  	    PIPE ROW (otap_view_result_rec(l_statement, NULL));
2123  	    FOR rec IN cur_user(p_user_list)
2124  	    LOOP
2125  	      -- build simple user checks
2126  	      l_statement := otap_generate.get_code_prefix || 'otap_test.has_user( p_username => ''' || rec.username || '''';
2127  	      PIPE ROW (otap_view_result_rec(l_statement, NULL));
2128  	      l_statement := LPAD(' ', l_pad_par, ' ') || ', p_account_status => ''OPEN''';
2129  	      PIPE ROW (otap_view_result_rec(l_statement, NULL));
2130  	      l_statement := LPAD(' ', l_pad_par, ' ') || ')' || otap_generate.get_code_postfix;
2131  	      PIPE ROW (otap_view_result_rec(l_statement, NULL));
2132  	    END LOOP;
2133  	    FOR rec IN cur_footer(p_show_header)
2134  	    LOOP
2135  	      PIPE ROW (otap_view_result_rec(rec.result_text, NULL));
2136  	    END LOOP;
2137  	  END IF;
2138  	  RETURN;
2139  	EXCEPTION
2140  	  WHEN NO_DATA_NEEDED THEN
2141  	    RAISE;
2142  	END related_user_tests;
2143  
2144  	FUNCTION type_tests( p_like_type     IN VARCHAR2 DEFAULT '%'
2145  			   , p_schema	     IN VARCHAR2 DEFAULT SYS_CONTEXT('USERENV', 'CURRENT_SCHEMA')
2146  			   , p_title_prefix  IN VARCHAR2 DEFAULT NULL
2147  			   , p_show_header   IN INTEGER  DEFAULT otap_constants.OTAP_NUM_TRUE
2148  			   , p_excl_sysgen   IN INTEGER  DEFAULT otap_constants.OTAP_NUM_TRUE
2149  			   )
2150  	  RETURN otap_view_result_tbl PIPELINED
2151  	IS
2152  	  l_statement	VARCHAR2(4000 CHAR);
2153  	  l_schema	VARCHAR2(128 CHAR);
2154  	  l_like	VARCHAR2(256 CHAR);
2155  	  l_test_count	INTEGER;
2156  	  l_pad_par	INTEGER;
2157  	  CURSOR cur_types( cp_schema IN VARCHAR2
2158  			  , cp_like   IN VARCHAR2
2159  			  , cp_excl   IN NUMBER
2160  			  )
2161  	  IS
2162  	    SELECT dbo.owner
2163  		 , dbo.object_name
2164  		 , dbo.object_type
2165  		 , dbt.typecode
2166  		 , dbt.predefined
2167  		 , dbt.incomplete
2168  		 , dbt.attributes
2169  		 , dbt.methods
2170  		 , dbt.final
2171  		 , dbt.instantiable
2172  		 , dbt.persistable
2173  	      FROM dba_objects dbo
2174  	      LEFT OUTER JOIN dba_types dbt
2175  		ON dbo.owner = dbt.owner
2176  	       AND dbo.object_name = dbt.type_name
2177  	     WHERE dbo.owner	      = cp_schema
2178  	       AND dbo.object_type    = 'TYPE'
2179  	       AND dbo.object_name LIKE cp_like ESCAPE '\'
2180  	       AND NOT otap_string.is_sys_object(dbo.object_name, cp_excl)
2181  	  ;
2182  	  CURSOR cur_header( cp_prefix IN VARCHAR2
2183  			   , cp_schema IN VARCHAR2
2184  			   , cp_type   IN VARCHAR2
2185  			   , cp_object IN VARCHAR2
2186  			   , cp_scope  IN VARCHAR2
2187  			   , cp_count  IN NUMBER
2188  			   , cp_show   IN NUMBER
2189  			   )
2190  	  IS
2191  	    SELECT result_text
2192  	      FROM TABLE(otap_generate.get_header(cp_prefix, cp_schema, cp_type, cp_object, cp_scope, cp_count, cp_show))
2193  	  ;
2194  	  CURSOR cur_footer(cp_show IN NUMBER)
2195  	  IS
2196  	    SELECT result_text
2197  	      FROM TABLE(otap_generate.get_footer(cp_show))
2198  	  ;
2199  	BEGIN
2200  	  l_like   := NVL(p_like_type, '%');
2201  	  l_schema := otap_string.reduce(NVL(p_schema, SYS_CONTEXT('USERENV', 'CURRENT_SCHEMA')), 128);
2202  	  -- get count
2203  	  SELECT COUNT(*)
2204  	    INTO l_test_count
2205  	    FROM dba_objects dbo
2206  	    LEFT OUTER JOIN dba_types dbt
2207  	      ON dbo.owner = dbt.owner
2208  	     AND dbo.object_name = dbt.type_name
2209  	   WHERE dbo.owner	    = l_schema
2210  	     AND dbo.object_type    = 'TYPE'
2211  	     AND dbo.object_name LIKE l_like ESCAPE '\'
2212  	     AND NOT otap_string.is_sys_object(dbo.object_name, p_excl_sysgen)
2213  	  ;
2214  	  -- get header
2215  	  FOR rec IN cur_header(p_title_prefix, l_schema, 'types', NULL, l_like, l_test_count, p_show_header)
2216  	  LOOP
2217  	    PIPE ROW (otap_view_result_rec(rec.result_text, NULL));
2218  	  END LOOP;
2219  	  l_pad_par := otap_generate.get_code_prefix_len + 18;
2220  	  -- build name row
2221  	  l_statement := otap_generate.get_code_pad || '-- set test name for types';
2222  	  PIPE ROW (otap_view_result_rec(l_statement, NULL));
2223  	  l_statement := otap_generate.get_code_prefix || 'otap_test.set_test_name(''types'')' || otap_generate.get_code_postfix;
2224  	  PIPE ROW (otap_view_result_rec(l_statement, NULL));
2225  	  FOR rec in cur_types(l_schema, l_like, p_excl_sysgen)
2226  	  LOOP
2227  	    l_statement := otap_generate.get_code_prefix || 'otap_test.has_type( p_type_name => ''' || rec.object_name || '''';
2228  	    PIPE ROW (otap_view_result_rec(l_statement, NULL));
2229  	    IF rec.typecode IS NOT NULL
2230  	    THEN
2231  	      l_statement := LPAD(' ', l_pad_par, ' ') || ', p_typecode => ''' || rec.typecode || '''';
2232  	      PIPE ROW (otap_view_result_rec(l_statement, NULL));
2233  	    END IF;
2234  	    IF rec.attributes IS NOT NULL
2235  	    THEN
2236  	      l_statement := LPAD(' ', l_pad_par, ' ') || ', p_attributes => ''' || rec.attributes || '''';
2237  	      PIPE ROW (otap_view_result_rec(l_statement, NULL));
2238  	    END IF;
2239  	    IF rec.methods IS NOT NULL
2240  	    THEN
2241  	      l_statement := LPAD(' ', l_pad_par, ' ') || ', p_methods => ''' || rec.methods || '''';
2242  	      PIPE ROW (otap_view_result_rec(l_statement, NULL));
2243  	    END IF;
2244  	    IF rec.predefined IS NOT NULL
2245  	    THEN
2246  	      l_statement := LPAD(' ', l_pad_par, ' ') || ', p_predefined => ''' || rec.predefined || '''';
2247  	      PIPE ROW (otap_view_result_rec(l_statement, NULL));
2248  	    END IF;
2249  	    IF rec.incomplete IS NOT NULL
2250  	    THEN
2251  	      l_statement := LPAD(' ', l_pad_par, ' ') || ', p_incomplete => ''' || rec.incomplete || '''';
2252  	      PIPE ROW (otap_view_result_rec(l_statement, NULL));
2253  	    END IF;
2254  	    IF rec.final IS NOT NULL
2255  	    THEN
2256  	      l_statement := LPAD(' ', l_pad_par, ' ') || ', p_final => ''' || rec.final || '''';
2257  	      PIPE ROW (otap_view_result_rec(l_statement, NULL));
2258  	    END IF;
2259  	    IF rec.persistable IS NOT NULL
2260  	    THEN
2261  	      l_statement := LPAD(' ', l_pad_par, ' ') || ', p_persistable => ''' || rec.persistable || '''';
2262  	      PIPE ROW (otap_view_result_rec(l_statement, NULL));
2263  	    END IF;
2264  	    l_statement := LPAD(' ', l_pad_par, ' ') || ', p_schema => ''' || rec.owner || '''';
2265  	    PIPE ROW (otap_view_result_rec(l_statement, NULL));
2266  	    l_statement := LPAD(' ', l_pad_par, ' ') || ')' || otap_generate.get_code_postfix;
2267  	    PIPE ROW (otap_view_result_rec(l_statement, NULL));
2268  	  END LOOP;
2269  	  FOR rec IN cur_footer(p_show_header)
2270  	  LOOP
2271  	    PIPE ROW (otap_view_result_rec(rec.result_text, NULL));
2272  	  END LOOP;
2273  	  RETURN;
2274  	EXCEPTION
2275  	  WHEN NO_DATA_NEEDED THEN
2276  	    RAISE;
2277  	END type_tests;
2278  
2279  	FUNCTION sequence_tests( p_like_sequence IN VARCHAR2 DEFAULT '%'
2280  			       , p_schema	 IN VARCHAR2 DEFAULT SYS_CONTEXT('USERENV', 'CURRENT_SCHEMA')
2281  			       , p_title_prefix  IN VARCHAR2 DEFAULT NULL
2282  			       , p_show_header	 IN INTEGER  DEFAULT otap_constants.OTAP_NUM_TRUE
2283  			       , p_excl_sysgen	 IN INTEGER  DEFAULT otap_constants.OTAP_NUM_TRUE
2284  			       )
2285  	  RETURN otap_view_result_tbl PIPELINED
2286  	IS
2287  	  l_statement	VARCHAR2(4000 CHAR);
2288  	  l_schema	VARCHAR2(128 CHAR);
2289  	  l_like	VARCHAR2(256 CHAR);
2290  	  l_test_count	INTEGER;
2291  	  l_pad_par	INTEGER;
2292  	  -- no reduction on system generated, resolve in code
2293  	  CURSOR cur_sequences( cp_schema IN VARCHAR2
2294  			      , cp_like   IN VARCHAR2
2295  			      )
2296  	  IS
2297  	    SELECT dbs.sequence_owner
2298  		 , dbs.sequence_name
2299  		 , dti.table_name
2300  		 , dti.column_name
2301  		 , dbs.min_value
2302  		 , dbs.max_value
2303  		 , dbs.increment_by
2304  		 , dbs.cycle_flag
2305  		 , dbs.order_flag
2306  		 , dbs.cache_size
2307  		 , dbs.scale_flag
2308  		 , dbs.extend_flag
2309  		 , dbs.sharded_flag
2310  		 , dbs.session_flag
2311  		 , dbs.keep_value
2312  		 , dti.owner AS table_owner
2313  	      FROM dba_sequences dbs
2314  	      LEFT OUTER JOIN dba_tab_identity_cols dti
2315  		ON dbs.sequence_name  = dti.sequence_name
2316  	     WHERE dbs.sequence_owner	= cp_schema
2317  	       AND dbs.sequence_name LIKE cp_like ESCAPE '\'
2318  	  ;
2319  	  CURSOR cur_header( cp_prefix IN VARCHAR2
2320  			   , cp_schema IN VARCHAR2
2321  			   , cp_type   IN VARCHAR2
2322  			   , cp_object IN VARCHAR2
2323  			   , cp_scope  IN VARCHAR2
2324  			   , cp_count  IN NUMBER
2325  			   , cp_show   IN NUMBER
2326  			   )
2327  	  IS
2328  	    SELECT result_text
2329  	      FROM TABLE(otap_generate.get_header(cp_prefix, cp_schema, cp_type, cp_object, cp_scope, cp_count, cp_show))
2330  	  ;
2331  	  CURSOR cur_footer(cp_show IN NUMBER)
2332  	  IS
2333  	    SELECT result_text
2334  	      FROM TABLE(otap_generate.get_footer(cp_show))
2335  	  ;
2336  	BEGIN
2337  	  l_like       := NVL(p_like_sequence, '%');
2338  	  l_schema     := otap_string.reduce(NVL(p_schema, SYS_CONTEXT('USERENV', 'CURRENT_SCHEMA')), 128);
2339  	  -- get count
2340  	  SELECT COUNT(*)
2341  	    INTO l_test_count
2342  	    FROM dba_sequences dbs
2343  	    LEFT OUTER JOIN dba_tab_identity_cols dti
2344  	      ON dbs.sequence_name  = dti.sequence_name
2345  	   WHERE dbs.sequence_owner   = l_schema
2346  	     AND dbs.sequence_name LIKE l_like ESCAPE '\'
2347  	  ;
2348  	  -- get header
2349  	  FOR rec IN cur_header(p_title_prefix, l_schema, 'sequences', NULL, l_like, l_test_count, p_show_header)
2350  	  LOOP
2351  	    PIPE ROW (otap_view_result_rec(rec.result_text, NULL));
2352  	  END LOOP;
2353  	  l_pad_par := otap_generate.get_code_prefix_len + 22;
2354  	  -- build name row
2355  	  l_statement := otap_generate.get_code_pad || '-- set test name for sequences';
2356  	  PIPE ROW (otap_view_result_rec(l_statement, NULL));
2357  	  l_statement := otap_generate.get_code_prefix || 'otap_test.set_test_name(''sequences'')' || otap_generate.get_code_postfix;
2358  	  PIPE ROW (otap_view_result_rec(l_statement, NULL));
2359  	  FOR rec IN cur_sequences(l_schema, l_like)
2360  	  LOOP
2361  	    -- start with a parameter not in order but guaranteed
2362  	    l_statement := otap_generate.get_code_prefix || 'otap_test.has_sequence( p_schema => ''' || rec.sequence_owner || '''';
2363  	    PIPE ROW (otap_view_result_rec(l_statement, NULL));
2364  	    -- handle system generated identity columns
2365  	    IF NOT otap_string.is_sys_object(rec.sequence_name, 1)
2366  	    THEN
2367  	      l_statement := LPAD(' ', l_pad_par, ' ') || ', p_sequence_name => ''' || rec.sequence_name || '''';
2368  	      PIPE ROW (otap_view_result_rec(l_statement, NULL));
2369  	    ELSE
2370  	      -- p_sequence_name is mandatory
2371  	      l_statement := LPAD(' ', l_pad_par, ' ') || ', p_sequence_name => NULL';
2372  	      PIPE ROW (otap_view_result_rec(l_statement, NULL));
2373  	    END IF;
2374  	    IF rec.table_name IS NOT NULL
2375  	    THEN
2376  	      l_statement := LPAD(' ', l_pad_par, ' ') || ', p_table_name => ''' || rec.table_name || '''';
2377  	      PIPE ROW (otap_view_result_rec(l_statement, NULL));
2378  	    END IF;
2379  	    IF rec.column_name IS NOT NULL
2380  	    THEN
2381  	      l_statement := LPAD(' ', l_pad_par, ' ') || ', p_column_name => ''' || rec.column_name || '''';
2382  	      PIPE ROW (otap_view_result_rec(l_statement, NULL));
2383  	    END IF;
2384  	    IF rec.min_value IS NOT NULL
2385  	    THEN
2386  	      l_statement := LPAD(' ', l_pad_par, ' ') || ', p_min_value => ' || TRIM(TO_CHAR(rec.min_value));
2387  	      PIPE ROW (otap_view_result_rec(l_statement, NULL));
2388  	    END IF;
2389  	    IF rec.max_value IS NOT NULL
2390  	    THEN
2391  	      l_statement := LPAD(' ', l_pad_par, ' ') || ', p_max_value => ' || TRIM(TO_CHAR(rec.max_value));
2392  	      PIPE ROW (otap_view_result_rec(l_statement, NULL));
2393  	    END IF;
2394  	    IF rec.increment_by IS NOT NULL
2395  	    THEN
2396  	      l_statement := LPAD(' ', l_pad_par, ' ') || ', p_increment_by => ' || TRIM(TO_CHAR(rec.increment_by));
2397  	      PIPE ROW (otap_view_result_rec(l_statement, NULL));
2398  	    END IF;
2399  	    IF rec.cycle_flag IS NOT NULL
2400  	    THEN
2401  	      l_statement := LPAD(' ', l_pad_par, ' ') || ', p_cycle_flag => ''' || rec.cycle_flag || '''';
2402  	      PIPE ROW (otap_view_result_rec(l_statement, NULL));
2403  	    END IF;
2404  	    IF rec.order_flag IS NOT NULL
2405  	    THEN
2406  	      l_statement := LPAD(' ', l_pad_par, ' ') || ', p_order_flag => ''' || rec.order_flag || '''';
2407  	      PIPE ROW (otap_view_result_rec(l_statement, NULL));
2408  	    END IF;
2409  	    IF rec.cache_size IS NOT NULL
2410  	    THEN
2411  	      l_statement := LPAD(' ', l_pad_par, ' ') || ', p_cache_size => ' || TRIM(TO_CHAR(rec.cache_size));
2412  	      PIPE ROW (otap_view_result_rec(l_statement, NULL));
2413  	    END IF;
2414  	    IF rec.scale_flag IS NOT NULL
2415  	    THEN
2416  	      l_statement := LPAD(' ', l_pad_par, ' ') || ', p_scale_flag => ''' || rec.scale_flag || '''';
2417  	      PIPE ROW (otap_view_result_rec(l_statement, NULL));
2418  	    END IF;
2419  	    IF rec.extend_flag IS NOT NULL
2420  	    THEN
2421  	      l_statement := LPAD(' ', l_pad_par, ' ') || ', p_extend_flag => ''' || rec.extend_flag || '''';
2422  	      PIPE ROW (otap_view_result_rec(l_statement, NULL));
2423  	    END IF;
2424  	    IF rec.sharded_flag IS NOT NULL
2425  	    THEN
2426  	      l_statement := LPAD(' ', l_pad_par, ' ') || ', p_sharded_flag => ''' || rec.sharded_flag || '''';
2427  	      PIPE ROW (otap_view_result_rec(l_statement, NULL));
2428  	    END IF;
2429  	    IF rec.session_flag IS NOT NULL
2430  	    THEN
2431  	      l_statement := LPAD(' ', l_pad_par, ' ') || ', p_session_flag => ''' || rec.session_flag || '''';
2432  	      PIPE ROW (otap_view_result_rec(l_statement, NULL));
2433  	    END IF;
2434  	    IF rec.keep_value IS NOT NULL
2435  	    THEN
2436  	      l_statement := LPAD(' ', l_pad_par, ' ') || ', p_keep_value => ''' || rec.keep_value || '''';
2437  	      PIPE ROW (otap_view_result_rec(l_statement, NULL));
2438  	    END IF;
2439  	    IF rec.table_owner IS NOT NULL
2440  	    THEN
2441  	      l_statement := LPAD(' ', l_pad_par, ' ') || ', p_table_owner => ''' || rec.table_owner || '''';
2442  	      PIPE ROW (otap_view_result_rec(l_statement, NULL));
2443  	    END IF;
2444  	    l_statement := LPAD(' ', l_pad_par, ' ') || ')' || otap_generate.get_code_postfix;
2445  	    PIPE ROW (otap_view_result_rec(l_statement, NULL));
2446  	  END LOOP;
2447  	  FOR rec IN cur_footer(p_show_header)
2448  	  LOOP
2449  	    PIPE ROW (otap_view_result_rec(rec.result_text, NULL));
2450  	  END LOOP;
2451  	  RETURN;
2452  	EXCEPTION
2453  	  WHEN NO_DATA_NEEDED THEN
2454  	    RAISE;
2455  	END sequence_tests;
2456  
2457  	FUNCTION sched_job_tests( p_like_job	  IN VARCHAR2 DEFAULT '%'
2458  				, p_schema	  IN VARCHAR2 DEFAULT SYS_CONTEXT('USERENV', 'CURRENT_SCHEMA')
2459  				, p_title_prefix  IN VARCHAR2 DEFAULT NULL
2460  				, p_show_header   IN INTEGER  DEFAULT otap_constants.OTAP_NUM_TRUE
2461  				, p_excl_sysgen   IN INTEGER  DEFAULT otap_constants.OTAP_NUM_TRUE
2462  				)
2463  	  RETURN otap_view_result_tbl PIPELINED
2464  	IS
2465  	  l_statement	VARCHAR2(4000 CHAR);
2466  	  l_schema	VARCHAR2(128 CHAR);
2467  	  l_like	VARCHAR2(256 CHAR);
2468  	  l_test_count	INTEGER;
2469  	  l_pad_par	INTEGER;
2470  	  CURSOR cur_jobs( cp_schema IN VARCHAR2
2471  			 , cp_like   IN VARCHAR2
2472  			 , cp_excl   IN NUMBER
2473  			 )
2474  	  IS
2475  	    SELECT owner
2476  		 , job_name
2477  		 , job_style
2478  		 , job_type
2479  		 , job_action
2480  		 , schedule_type
2481  		 , repeat_interval
2482  		 , job_class
2483  		 , logging_level
2484  		 , store_output
2485  	      FROM dba_scheduler_jobs
2486  	     WHERE owner       = cp_schema
2487  	       AND job_name LIKE cp_like ESCAPE '\'
2488  	       AND NOT otap_string.is_sys_object(job_name, cp_excl)
2489  	  ;
2490  	  CURSOR cur_header( cp_prefix IN VARCHAR2
2491  			   , cp_schema IN VARCHAR2
2492  			   , cp_type   IN VARCHAR2
2493  			   , cp_object IN VARCHAR2
2494  			   , cp_scope  IN VARCHAR2
2495  			   , cp_count  IN NUMBER
2496  			   , cp_show   IN NUMBER
2497  			   )
2498  	  IS
2499  	    SELECT result_text
2500  	      FROM TABLE(otap_generate.get_header(cp_prefix, cp_schema, cp_type, cp_object, cp_scope, cp_count, cp_show))
2501  	  ;
2502  	  CURSOR cur_footer(cp_show IN NUMBER)
2503  	  IS
2504  	    SELECT result_text
2505  	      FROM TABLE(otap_generate.get_footer(cp_show))
2506  	  ;
2507  	BEGIN
2508  	  l_like       := NVL(p_like_job, '%');
2509  	  l_schema     := otap_string.reduce(NVL(p_schema, SYS_CONTEXT('USERENV', 'CURRENT_SCHEMA')), 128);
2510  	  -- get count
2511  	  SELECT COUNT(*)
2512  	    INTO l_test_count
2513  	    FROM dba_scheduler_jobs
2514  	   WHERE owner	     = l_schema
2515  	     AND job_name LIKE l_like ESCAPE '\'
2516  	     AND NOT otap_string.is_sys_object(job_name, p_excl_sysgen)
2517  	  ;
2518  	  -- get header
2519  	  FOR rec IN cur_header(p_title_prefix, l_schema, 'scheduler jobs', NULL, l_like, l_test_count, p_show_header)
2520  	  LOOP
2521  	    PIPE ROW (otap_view_result_rec(rec.result_text, NULL));
2522  	  END LOOP;
2523  	  l_pad_par := otap_generate.get_code_prefix_len + 27;
2524  	  -- build name row
2525  	  l_statement := otap_generate.get_code_pad || '-- set test name for scheduler jobs';
2526  	  PIPE ROW (otap_view_result_rec(l_statement, NULL));
2527  	  l_statement := otap_generate.get_code_prefix || 'otap_test.set_test_name(''scheduler jobs'')' || otap_generate.get_code_postfix;
2528  	  PIPE ROW (otap_view_result_rec(l_statement, NULL));
2529  	  FOR rec IN cur_jobs(l_schema, l_like, p_excl_sysgen)
2530  	  LOOP
2531  	    l_statement := otap_generate.get_code_prefix || 'otap_test.has_scheduler_job( p_job_name => ''' || rec.job_name || '''';
2532  	    PIPE ROW (otap_view_result_rec(l_statement, NULL));
2533  	    IF rec.job_style IS NOT NULL
2534  	    THEN
2535  	      l_statement := LPAD(' ', l_pad_par, ' ') || ', p_job_style => ''' || rec.job_style || '''';
2536  	      PIPE ROW (otap_view_result_rec(l_statement, NULL));
2537  	    END IF;
2538  	    IF rec.job_type IS NOT NULL
2539  	    THEN
2540  	      l_statement := LPAD(' ', l_pad_par, ' ') || ', p_job_type => ''' || rec.job_type || '''';
2541  	      PIPE ROW (otap_view_result_rec(l_statement, NULL));
2542  	    END IF;
2543  	    IF rec.job_action IS NOT NULL
2544  	    THEN
2545  	      l_statement := LPAD(' ', l_pad_par, ' ') || ', p_job_action => ''' || rec.job_action || '''';
2546  	      PIPE ROW (otap_view_result_rec(l_statement, NULL));
2547  	    END IF;
2548  	    IF rec.schedule_type IS NOT NULL
2549  	    THEN
2550  	      l_statement := LPAD(' ', l_pad_par, ' ') || ', p_schedule_type => ''' || rec.schedule_type || '''';
2551  	      PIPE ROW (otap_view_result_rec(l_statement, NULL));
2552  	    END IF;
2553  	    IF rec.repeat_interval IS NOT NULL
2554  	    THEN
2555  	      -- check if we have ' in the string
2556  	      IF INSTR(rec.repeat_interval, '''') > 0
2557  	      THEN
2558  		-- q syntax
2559  		l_statement := LPAD(' ', l_pad_par, ' ') || ', p_repeat_interval => q''[' || TRIM(rec.repeat_interval) || ']''';
2560  		PIPE ROW (otap_view_result_rec(l_statement, NULL));
2561  	      ELSE
2562  		l_statement := LPAD(' ', l_pad_par, ' ') || ', p_repeat_interval => ''' || TRIM(rec.repeat_interval) || '''';
2563  		PIPE ROW (otap_view_result_rec(l_statement, NULL));
2564  	      END IF;
2565  	    END IF;
2566  	    IF rec.job_class IS NOT NULL
2567  	    THEN
2568  	      l_statement := LPAD(' ', l_pad_par, ' ') || ', p_job_class => ''' || rec.job_class || '''';
2569  	      PIPE ROW (otap_view_result_rec(l_statement, NULL));
2570  	    END IF;
2571  	    IF rec.logging_level IS NOT NULL
2572  	    THEN
2573  	      l_statement := LPAD(' ', l_pad_par, ' ') || ', p_logging_level => ''' || rec.logging_level || '''';
2574  	      PIPE ROW (otap_view_result_rec(l_statement, NULL));
2575  	    END IF;
2576  	    IF rec.store_output IS NOT NULL
2577  	    THEN
2578  	      l_statement := LPAD(' ', l_pad_par, ' ') || ', p_store_output => ''' || rec.store_output || '''';
2579  	      PIPE ROW (otap_view_result_rec(l_statement, NULL));
2580  	    END IF;
2581  	    l_statement := LPAD(' ', l_pad_par, ' ') || ')' || otap_generate.get_code_postfix;
2582  	    PIPE ROW (otap_view_result_rec(l_statement, NULL));
2583  	  END LOOP;
2584  	  FOR rec IN cur_footer(p_show_header)
2585  	  LOOP
2586  	    PIPE ROW (otap_view_result_rec(rec.result_text, NULL));
2587  	  END LOOP;
2588  	  RETURN;
2589  	EXCEPTION
2590  	  WHEN NO_DATA_NEEDED THEN
2591  	    RAISE;
2592  	END sched_job_tests;
2593  
2594  	FUNCTION schema_tests( p_like_schema   IN VARCHAR2 DEFAULT SYS_CONTEXT('USERENV', 'CURRENT_SCHEMA')
2595  			     , p_required_user IN VARCHAR2 DEFAULT NULL
2596  			     , p_title_prefix  IN VARCHAR2 DEFAULT NULL
2597  			     , p_show_header   IN INTEGER  DEFAULT otap_constants.OTAP_NUM_TRUE
2598  			     , p_excl_sysgen   IN INTEGER  DEFAULT otap_constants.OTAP_NUM_TRUE
2599  			     )
2600  	  RETURN otap_view_result_tbl PIPELINED
2601  	IS
2602  	  l_statement	VARCHAR2(4000 CHAR);
2603  	  l_schema	VARCHAR2(128 CHAR);
2604  	  l_like	VARCHAR2(256 CHAR);
2605  	  l_test_count	INTEGER;
2606  	  l_user_count	INTEGER;
2607  	  l_pad_par	INTEGER;
2608  	  CURSOR cur_user_cnt(cp_user_list IN VARCHAR2)
2609  	  IS
2610  	      WITH usr_list AS
2611  		   (SELECT TRIM(REGEXP_SUBSTR(cp_user_list, '[^,]+', 1, LEVEL)) AS username
2612  		      FROM dual
2613  		   CONNECT BY REGEXP_SUBSTR(cp_user_list, '[^,]+', 1, LEVEL) IS NOT NULL
2614  		   )
2615  	    SELECT COUNT(*) AS user_cnt
2616  	      FROM usr_list
2617  	     WHERE username IS NOT NULL
2618  	  ;
2619  	  CURSOR cur_schemas( cp_like IN VARCHAR2
2620  			    , cp_excl IN NUMBER
2621  			    )
2622  	  IS
2623  	    SELECT username
2624  	      FROM dba_users
2625  	     WHERE username LIKE cp_like ESCAPE '\'
2626  	       AND NOT otap_string.is_sys_object(username, cp_excl)
2627  	  ;
2628  	  CURSOR cur_related_users( cp_user_list IN VARCHAR2
2629  				  , cp_prefix	 IN VARCHAR2
2630  				  )
2631  	  IS
2632  	    SELECT result_text
2633  	      FROM TABLE(otap_generate.related_user_tests(cp_user_list, cp_prefix, 0))
2634  	  ;
2635  	  CURSOR cur_schema_user( cp_schema IN VARCHAR2
2636  				, cp_prefix IN VARCHAR2
2637  				)
2638  	  IS
2639  	    SELECT result_text
2640  	      FROM TABLE(otap_generate.schema_user_test(cp_schema, cp_prefix, 0))
2641  	  ;
2642  	  CURSOR cur_tables( cp_like   IN VARCHAR2
2643  			   , cp_schema IN VARCHAR2
2644  			   , cp_prefix IN VARCHAR2
2645  			   , cp_excl   IN NUMBER
2646  			   )
2647  	  IS
2648  	    SELECT result_text
2649  	      FROM TABLE(otap_generate.table_tests(cp_like, cp_schema, p_title_prefix, 0, cp_excl))
2650  	  ;
2651  	  CURSOR cur_trigger( cp_like	IN VARCHAR2
2652  			    , cp_schema IN VARCHAR2
2653  			    , cp_prefix IN VARCHAR2
2654  			    , cp_excl	IN NUMBER
2655  			    )
2656  	  IS
2657  	    SELECT result_text
2658  	      FROM TABLE(otap_generate.trigger_tests(cp_like, cp_schema, p_title_prefix, 0, cp_excl))
2659  	  ;
2660  	  CURSOR cur_packages( cp_like	 IN VARCHAR2
2661  			     , cp_schema IN VARCHAR2
2662  			     , cp_prefix IN VARCHAR2
2663  			     , cp_excl	 IN NUMBER
2664  			     )
2665  	  IS
2666  	    SELECT result_text
2667  	      FROM TABLE(otap_generate.package_tests(cp_like, cp_schema, p_title_prefix, 0, cp_excl))
2668  	  ;
2669  	  CURSOR cur_views( cp_like   IN VARCHAR2
2670  			  , cp_schema IN VARCHAR2
2671  			  , cp_prefix IN VARCHAR2
2672  			  , cp_excl   IN NUMBER
2673  			  )
2674  	  IS
2675  	    SELECT result_text
2676  	      FROM TABLE(otap_generate.view_tests(cp_like, cp_schema, p_title_prefix, 0, cp_excl))
2677  	  ;
2678  	  CURSOR cur_types( cp_like   IN VARCHAR2
2679  			  , cp_schema IN VARCHAR2
2680  			  , cp_prefix IN VARCHAR2
2681  			  , cp_excl   IN NUMBER
2682  			  )
2683  	  IS
2684  	    SELECT result_text
2685  	      FROM TABLE(otap_generate.type_tests(cp_like, cp_schema, p_title_prefix, 0, cp_excl))
2686  	  ;
2687  	  CURSOR cur_sequences( cp_like   IN VARCHAR2
2688  			      , cp_schema IN VARCHAR2
2689  			      , cp_prefix IN VARCHAR2
2690  			      , cp_excl   IN NUMBER
2691  			      )
2692  	  IS
2693  	    SELECT result_text
2694  	      FROM TABLE(otap_generate.sequence_tests(cp_like, cp_schema, p_title_prefix, 0, cp_excl))
2695  	  ;
2696  	  CURSOR cur_jobs( cp_like   IN VARCHAR2
2697  			 , cp_schema IN VARCHAR2
2698  			 , cp_prefix IN VARCHAR2
2699  			 , cp_excl   IN NUMBER
2700  			 )
2701  	  IS
2702  	    SELECT result_text
2703  	      FROM TABLE(otap_generate.sched_job_tests(cp_like, cp_schema, p_title_prefix, 0, cp_excl))
2704  	  ;
2705  	  CURSOR cur_header( cp_prefix IN VARCHAR2
2706  			   , cp_schema IN VARCHAR2
2707  			   , cp_type   IN VARCHAR2
2708  			   , cp_object IN VARCHAR2
2709  			   , cp_scope  IN VARCHAR2
2710  			   , cp_count  IN NUMBER
2711  			   , cp_show   IN NUMBER
2712  			   )
2713  	  IS
2714  	    SELECT result_text
2715  	      FROM TABLE(otap_generate.get_header(cp_prefix, cp_schema, cp_type, cp_object, cp_scope, cp_count, cp_show))
2716  	  ;
2717  	  CURSOR cur_footer(cp_show IN NUMBER)
2718  	  IS
2719  	    SELECT result_text
2720  	      FROM TABLE(otap_generate.get_footer(cp_show))
2721  	  ;
2722  	  CURSOR cur_test_count( cp_excl_sysgen IN NUMBER
2723  			       , cp_like	IN VARCHAR2
2724  			       , cp_usr_cnt	IN NUMBER
2725  			       )
2726  	  IS
2727  	     WITH base AS
2728  		 (SELECT object_name
2729  		       , object_type
2730  		       , owner
2731  		    FROM dba_objects
2732  			 -- user like condition
2733  		   WHERE owner LIKE cp_like ESCAPE '\'
2734  			 -- currently supported objects
2735  		     AND (   object_type   IN ('TABLE', 'FUNCTION', 'PROCEDURE')
2736  			  OR object_type LIKE '%VIEW'
2737  			  OR object_type LIKE 'PACKAGE%'
2738  			 )
2739  			 -- user exclude condition
2740  		     AND NOT otap_string.is_sys_object(object_name, cp_excl_sysgen)
2741  		 )
2742  		 -- counter objects
2743  	       , cnt_base AS (SELECT COUNT(*) AS expected_count FROM base)
2744  		 -- depending procedures
2745  	       , prc AS
2746  		 (SELECT dbp.procedure_name
2747  		       , dbp.object_name
2748  		       , dbp.object_type
2749  		    FROM dba_procedures dbp
2750  		   INNER JOIN base
2751  		      ON dbp.object_name = base.object_name
2752  		     AND dbp.object_type = base.object_type
2753  		     AND dbp.owner	 = base.owner
2754  			 -- exclude pure functions and procedures, already counted by base
2755  		     AND base.object_type NOT IN ('FUNCTION', 'PROCEDURE')
2756  			 -- user exclude condition
2757  		   WHERE NOT otap_string.is_sys_object(dbp.procedure_name, cp_excl_sysgen)
2758  		 )
2759  	       , cnt_prc AS (SELECT COUNT(*) AS expected_count FROM prc)
2760  	       , cols AS
2761  		 (SELECT dbc.owner
2762  		       , dbc.table_name
2763  		       , dbc.column_name
2764  		    FROM dba_tab_columns dbc
2765  		   INNER JOIN base
2766  		      ON dbc.owner	= base.owner
2767  		     AND dbc.table_name = base.object_name
2768  			 -- user exclude condition
2769  		   WHERE NOT otap_string.is_sys_object(dbc.column_name, cp_excl_sysgen)
2770  		 )
2771  	       , cnt_cols AS (SELECT COUNT(*) AS expected_count FROM cols)
2772  		 -- table triggers
2773  	       , trgt AS
2774  		 (SELECT dbt.owner
2775  		       , dbt.trigger_name
2776  		       , dbt.table_owner
2777  		    FROM dba_triggers dbt
2778  		   INNER JOIN base
2779  		      ON dbt.table_owner      = base.owner
2780  		     AND dbt.table_name       = base.object_name
2781  		     AND dbt.base_object_type = base.object_type
2782  		   WHERE dbt.table_name     IS NOT NULL
2783  			 -- user exclude condition
2784  		     AND NOT otap_string.is_sys_object(dbt.trigger_name, cp_excl_sysgen)
2785  		 )
2786  	       , cnt_trgt AS (SELECT COUNT(*) AS expected_count FROM trgt)
2787  	       , trgs AS
2788  		 (SELECT dbt.owner
2789  		       , dbt.trigger_name
2790  		       , dbt.table_owner
2791  		    FROM dba_triggers dbt
2792  		   INNER JOIN base
2793  		      ON dbt.owner = base.owner
2794  		   WHERE dbt.table_name     IS NULL
2795  			 -- user exclude condition
2796  		     AND NOT otap_string.is_sys_object(dbt.trigger_name, cp_excl_sysgen)
2797  		 )
2798  	       , cnt_trgs AS (SELECT COUNT(*) AS expected_count FROM trgs)
2799  	       , cnt_schemas AS (SELECT COUNT(*) AS expected_count FROM dba_users WHERE username LIKE cp_like ESCAPE '\')
2800  	       , cnt_types AS (SELECT COUNT(*) AS expected_count
2801  				 FROM dba_objects dbo
2802  				 LEFT OUTER JOIN dba_types dbt
2803  				   ON dbo.owner = dbt.owner
2804  				  AND dbo.object_name = dbt.type_name
2805  				WHERE dbo.owner       LIKE cp_like ESCAPE '\'
2806  				  AND dbo.object_type	 = 'TYPE'
2807  				  AND NOT otap_string.is_sys_object(dbo.object_name, cp_excl_sysgen)
2808  			      )
2809  	       , cnt_sequences AS (SELECT COUNT(*) AS expected_count
2810  				     FROM dba_sequences dbs
2811  				     LEFT OUTER JOIN dba_tab_identity_cols dti
2812  				       ON dbs.sequence_name  = dti.sequence_name
2813  				    WHERE dbs.sequence_owner LIKE cp_like ESCAPE '\'
2814  				  )
2815  	       , cnt_sched_jobs AS (SELECT COUNT(*) AS expected_count
2816  				      FROM dba_scheduler_jobs
2817  				     WHERE owner    LIKE cp_like ESCAPE '\'
2818  				       AND NOT otap_string.is_sys_object(job_name, cp_excl_sysgen)
2819  				   )
2820  	       , cnt AS
2821  		 (SELECT expected_count, 'BASE' AS info FROM cnt_base
2822  		   UNION ALL
2823  		  SELECT expected_count, 'PROCEDURES' AS info FROM cnt_prc
2824  		   UNION ALL
2825  		  SELECT expected_count, 'COLUMNS' AS info FROM cnt_cols
2826  		   UNION ALL
2827  		  SELECT expected_count, 'TABLE TRIGGER' AS info FROM cnt_trgt
2828  		   UNION ALL
2829  		  SELECT expected_count, 'SCHEMA TRIGGER' AS info FROM cnt_trgs
2830  		   UNION ALL
2831  		  SELECT expected_count, 'SCHEMAS' AS info FROM cnt_schemas
2832  		   UNION ALL
2833  		  SELECT expected_count, 'TYPES' AS info FROM cnt_types
2834  		   UNION ALL
2835  		  SELECT expected_count, 'SEQUENCES' AS info FROM cnt_sequences
2836  		   UNION ALL
2837  		  SELECT expected_count, 'SCHEDULER JOBS' AS info FROM cnt_sched_jobs
2838  		   UNION ALL
2839  		  SELECT cp_usr_cnt AS expected_count, 'USER TESTS' AS info FROM dual
2840  		 )
2841  	  SELECT SUM(expected_count) AS test_count
2842  	  FROM cnt
2843  	  ;
2844  	BEGIN
2845  	  l_like       := NVL(p_like_schema, SYS_CONTEXT('USERENV', 'CURRENT_SCHEMA'));
2846  	  l_schema     := otap_string.reduce(SYS_CONTEXT('USERENV', 'CURRENT_SCHEMA'), 128);
2847  	  -- get test count, simulate conditions of called test generators
2848  	  OPEN cur_user_cnt(p_required_user);
2849  	  FETCH cur_user_cnt INTO l_user_count;
2850  	  CLOSE cur_user_cnt;
2851  	  OPEN cur_test_count(p_excl_sysgen, p_like_schema, l_user_count);
2852  	  FETCH cur_test_count INTO l_test_count;
2853  	  CLOSE cur_test_count;
2854  	  -- get header
2855  	  FOR rec IN cur_header(p_title_prefix, l_schema, 'schemas', NULL, l_like, l_test_count, p_show_header)
2856  	  LOOP
2857  	    PIPE ROW (otap_view_result_rec(rec.result_text, NULL));
2858  	  END LOOP;
2859  	  -- get related users if any
2860  	  IF l_user_count > 0
2861  	  THEN
2862  	    -- build test set
2863  	    l_statement := otap_generate.get_code_pad || '-- set test set for schema';
2864  	    PIPE ROW (otap_view_result_rec(l_statement, NULL));
2865  	    l_statement := otap_generate.get_code_prefix || 'otap_test.set_test_set(''Required users'')' || otap_generate.get_code_postfix;
2866  	    PIPE ROW (otap_view_result_rec(l_statement, NULL));
2867  	    FOR rec IN cur_related_users(p_required_user, p_title_prefix)
2868  	    LOOP
2869  	      PIPE ROW (otap_view_result_rec(rec.result_text, NULL));
2870  	    END LOOP;
2871  	  END IF;
2872  	  -- get schemas to process
2873  	  l_pad_par := otap_generate.get_code_prefix_len + 20;
2874  	  FOR recset IN cur_schemas(l_like, p_excl_sysgen)
2875  	  LOOP
2876  	    -- build set row
2877  	    l_statement := otap_generate.get_code_pad || '-- set test set for schema';
2878  	    PIPE ROW (otap_view_result_rec(l_statement, NULL));
2879  	    l_statement := otap_generate.get_code_prefix || 'otap_test.set_test_set(''schema ' || recset.username || ''')' || otap_generate.get_code_postfix;
2880  	    PIPE ROW (otap_view_result_rec(l_statement, NULL));
2881  	    -- first get the schema check
2882  	    FOR rec IN cur_schema_user(recset.username, p_title_prefix)
2883  	    LOOP
2884  	      PIPE ROW (otap_view_result_rec(rec.result_text, NULL));
2885  	    END LOOP;
2886  	    -- now get the schema objects
2887  	    FOR rec IN cur_tables('%', recset.username, p_title_prefix, p_excl_sysgen)
2888  	    LOOP
2889  	      PIPE ROW (otap_view_result_rec(rec.result_text, NULL));
2890  	    END LOOP;
2891  	    FOR rec IN cur_trigger('%', recset.username, p_title_prefix, p_excl_sysgen)
2892  	    LOOP
2893  	      PIPE ROW (otap_view_result_rec(rec.result_text, NULL));
2894  	    END LOOP;
2895  	    FOR rec IN cur_packages('%', recset.username, p_title_prefix, p_excl_sysgen)
2896  	    LOOP
2897  	      PIPE ROW (otap_view_result_rec(rec.result_text, NULL));
2898  	    END LOOP;
2899  	    FOR rec IN cur_views('%', recset.username, p_title_prefix, p_excl_sysgen)
2900  	    LOOP
2901  	      PIPE ROW (otap_view_result_rec(rec.result_text, NULL));
2902  	    END LOOP;
2903  	    -- set group name for types and other not specialy treated objects
2904  	    l_statement := otap_generate.get_code_pad || '-- set test group for remaining object';
2905  	    PIPE ROW (otap_view_result_rec(l_statement, NULL));
2906  	    l_statement := otap_generate.get_code_prefix || 'otap_test.set_test_group(''other objects'')' || otap_generate.get_code_postfix;
2907  	    PIPE ROW (otap_view_result_rec(l_statement, NULL));
2908  	    FOR rec IN cur_types('%', recset.username, p_title_prefix, p_excl_sysgen)
2909  	    LOOP
2910  	      PIPE ROW (otap_view_result_rec(rec.result_text, NULL));
2911  	    END LOOP;
2912  	    FOR rec IN cur_sequences('%', recset.username, p_title_prefix, p_excl_sysgen)
2913  	    LOOP
2914  	      PIPE ROW (otap_view_result_rec(rec.result_text, NULL));
2915  	    END LOOP;
2916  	    FOR rec IN cur_jobs('%', recset.username, p_title_prefix, p_excl_sysgen)
2917  	    LOOP
2918  	      PIPE ROW (otap_view_result_rec(rec.result_text, NULL));
2919  	    END LOOP;
2920  	  END LOOP;
2921  	  FOR rec IN cur_footer(p_show_header)
2922  	  LOOP
2923  	    PIPE ROW (otap_view_result_rec(rec.result_text, NULL));
2924  	  END LOOP;
2925  	  RETURN;
2926  	EXCEPTION
2927  	  WHEN NO_DATA_NEEDED THEN
2928  	    RAISE;
2929  	END schema_tests;
2930  
2931  	FUNCTION get_dba_col_details( p_table_name  IN VARCHAR2
2932  				    , p_column_name IN VARCHAR2
2933  				    , p_msg_type    IN NUMBER	DEFAULT 0
2934  				    )
2935  	  RETURN VARCHAR2
2936  	IS
2937  	  PRAGMA AUTONOMOUS_TRANSACTION;
2938  	  l_count     INTEGER;
2939  	  l_data_type sys.dba_tab_columns.data_type%TYPE;
2940  	  l_nullable  sys.dba_tab_columns.nullable%TYPE;
2941  	  l_char_len  sys.dba_tab_columns.char_length%TYPE;
2942  	  l_statement VARCHAR2(32767 CHAR);
2943  	  l_return    VARCHAR2(4000 CHAR);
2944  	  l_dba_table VARCHAR2(128 CHAR);
2945  	  l_dba_col   VARCHAR2(128 CHAR);
2946  	BEGIN
2947  	  IF	 p_table_name  IS NOT NULL
2948  	     AND p_column_name IS NOT NULL
2949  	  THEN
2950  	    l_dba_table := otap_string.reduce(UPPER(p_table_name), 128);
2951  	    l_dba_col	:= otap_string.reduce(UPPER(p_column_name), 128);
2952  	    SELECT COUNT(*)
2953  	      INTO l_count
2954  	      FROM dba_tab_columns
2955  	     WHERE owner = 'SYS'
2956  	       AND table_name	= l_dba_table
2957  	       AND column_name	= l_dba_col
2958  	       AND data_type   IN ('VARCHAR2', 'DATE', 'NUMBER')
2959  	    ;
2960  	    IF l_count = 0
2961  	    THEN
2962  	      l_return := 'Invalid column or table name or datatype not supported';
2963  	    ELSE
2964  	      -- get column details
2965  	      SELECT data_type
2966  		   , nullable
2967  		   , char_length
2968  		INTO l_data_type
2969  		   , l_nullable
2970  		   , l_char_len
2971  		FROM dba_tab_columns
2972  	       WHERE owner = 'SYS'
2973  		 AND table_name   = l_dba_table
2974  		 AND column_name  = l_dba_col
2975  		 AND data_type	 IN ('VARCHAR2', 'DATE', 'NUMBER')
2976  	      ;
2977  	      IF NVL(p_msg_type, 0) = 0
2978  	      THEN
2979  		IF l_nullable = 'N'
2980  		THEN
2981  		  l_return := LOWER(l_dba_col) || ' -- not nullable';
2982  		  -- determine valid NULL substition
2983  		  IF l_data_type = 'VARCHAR2'
2984  		  THEN
2985  		    l_statement := 'SELECT COUNT(*) FROM ' || l_dba_table || ' WHERE ' || l_dba_col || ' = ''n/a'' AND ' || l_dba_col || ' IS NOT NULL';
2986  		    EXECUTE IMMEDIATE l_statement INTO l_count;
2987  		    l_return := l_return || CASE WHEN l_count = 0 THEN ' n/a valid substitute' ELSE ' n/a not working as substitute' END;
2988  		  ELSIF l_data_type = 'NUMBER'
2989  		  THEN
2990  		    -- verify -1 is usable
2991  		    l_statement := 'SELECT MIN(' || l_dba_col || ') FROM ' || l_dba_table || ' WHERE ' || l_dba_col || ' IS NOT NULL';
2992  		    EXECUTE IMMEDIATE l_statement INTO l_count;
2993  		    l_return := l_return || CASE WHEN l_count >= 0 THEN ' -1 valid substitute' ELSE ' -1 not working as substitute' END;
2994  		  ELSE
2995  		    -- verify 01.01.1900 is usable
2996  		    l_statement := 'SELECT COUNT(*) FROM ' || l_dba_table || ' WHERE ' || l_dba_col || ' = TO_DATE(''01.01.1900'', ''DD.MM.YYYY'') AND ' || l_dba_col || ' IS NOT NULL';
2997  		    EXECUTE IMMEDIATE l_statement INTO l_count;
2998  		    l_return := l_return || CASE WHEN l_count = 0 THEN ' TO_DATE(''01.01.1900'', ''DD.MM.YYYY'') valid substitute' ELSE ' TO_DATE(''01.01.1900'', ''DD.MM.YYYY'') not working as substitute' END;
2999  		  END IF;
3000  		ELSE
3001  		  -- determine valid NULL substition
3002  		  IF l_data_type = 'VARCHAR2'
3003  		  THEN
3004  		    -- verify n/a is not used in the given field for the given table and column
3005  		    l_statement := 'SELECT COUNT(*) FROM ' || l_dba_table || ' WHERE ' || l_dba_col || ' = ''n/a'' AND ' || l_dba_col || ' IS NOT NULL';
3006  		    EXECUTE IMMEDIATE l_statement INTO l_count;
3007  		    l_return := 'NVL(' || LOWER(l_dba_col) || ', ''n/a'')';
3008  		    IF l_count != 0
3009  		    THEN
3010  		      l_return := l_return || ' -- n/a not save, substitute the value by a value that is not contained in the column';
3011  		    END IF;
3012  		  ELSIF l_data_type = 'NUMBER'
3013  		  THEN
3014  		    -- verify -1 is usable
3015  		    l_statement := 'SELECT MIN(' || l_dba_col || ') FROM ' || l_dba_table || ' WHERE ' || l_dba_col || ' IS NOT NULL';
3016  		    EXECUTE IMMEDIATE l_statement INTO l_count;
3017  		    l_return := 'NVL(' || LOWER(l_dba_col) || ', -1)';
3018  		    IF l_count < 0
3019  		    THEN
3020  		      l_return := l_return || ' -- -1 not save, substitute the value by a value that is not contained in the column';
3021  		    END IF;
3022  		  ELSE
3023  		    -- verify 01.01.1900 is usable
3024  		    l_statement := 'SELECT COUNT(*) FROM ' || l_dba_table || ' WHERE ' || l_dba_col || ' = TO_DATE(''01.01.1900'', ''DD.MM.YYYY'') AND ' || l_dba_col || ' IS NOT NULL';
3025  		    EXECUTE IMMEDIATE l_statement INTO l_count;
3026  		    l_return := 'NVL(' || LOWER(l_dba_col) || ', TO_DATE(''01.01.1900'', ''DD.MM.YYYY''))';
3027  		    IF l_count != 0
3028  		    THEN
3029  		      l_return := l_return || ' -- 01.01.1900 not save, substitute the value by a value that is not contained in the column';
3030  		    END IF;
3031  		  END IF;
3032  		END IF;
3033  	      ELSE
3034  		-- variable declaration
3035  		l_return := 'l_' || LOWER(l_dba_col) || ' ' || l_data_type ||
3036  			    CASE WHEN l_data_type = 'VARCHAR2' THEN '(' || TRIM(TO_CHAR(l_char_len)) || ' CHAR)' END || ';'
3037  		;
3038  	      END IF;
3039  	    END IF;
3040  	  ELSE
3041  	    l_return := 'Try using NOT NULL values for both parameters';
3042  	  END IF;
3043  	  RETURN l_return;
3044  	END get_dba_col_details;
3045  
3046  END;
3047  /

Package body created.

SQL> @@../otap_ddl/packages/otap_test.pks
SQL> -- (C) 2024 Michael Lindenau licensed via https://www.gnu.org/licenses/agpl-3.0.txt
SQL> -- and https://toent.ch/licenses/AI_DISCLOSURE_LICENSE_V1
SQL> -- Not allowed to be used as AI training material without explicite permission.
SQL> -- Main package that provides the testing functions and procedures.
SQL> 
SQL> -- read setup configuration as written by DBA setup, path relative to setup caller
SQL> @@../setup/otap_setup_def.sql
SQL> -- generated by DBA setup, do not edit this file manually
SQL> -- (C) 2024 Michael Lindenau licensed via https://www.gnu.org/licenses/agpl-3.0.txt and https://toent.ch/licenses/AI_DISCLOSURE_LICENSE_V1
SQL> -- Not allowed to be used as AI training material without explicite permission.
SQL> 
SQL> DEFINE OTAP_USER="OTAP"
SQL> DEFINE OTAP_TABLESPACE="OTAP_TABLESPACE"
SQL> DEFINE OTAP_ROLE="OTAP_USER"
SQL> DEFINE ROLE_CREATOR="SYS"
SQL> CREATE OR REPLACE PACKAGE otap_test
  2  AS
  3    /**
  4    * Provides the test run interface to users with otap user role. Allows definition of
  5    * test scope, name and test handling. This package may seem huge in terms of functions
  6    * contained. But every function is only a wrapper for the internal package. To get the
  7    * code executed refer to the called package functions.
  8    *
  9    * Every functionality is available as function, so it can be used in SQL statements as
 10    * well as in packages, procedures and functions. Parameters are kept SQL compatible.
 11    *
 12    * The package keeps private package variables in the body which are valid through the
 13    * session, but not longer. Any values set and used by this package are only valid for the
 14    * current session. EXCEPTIONS, if not handled, ARE RAISED. Every function may raise -20099
 15    * Internal error, if the session variable is in an incorrect state. Functions called can
 16    * rely on the session variable that all fields are set.
 17    *
 18    * Names of test functions and procedures follow this rules:
 19    *  3 delimiter: prefix, test set, test group, test name
 20    *	       <test prefix><delimiter><test set name><delimiter><test group name><delimiter><test name>
 21    *	       e.g. TEST_MYTESTSET_MYGROUP_MYTEST0001
 22    *  2 delimiter: prefix, test group, test name
 23    *	       <test prefix><delimiter><test group name><delimiter><test name>
 24    *	       e.g. TEST_MYGROUP_MYTEST0002
 25    *  1 delimiter: prefix, test name
 26    *	       <test prefix><delimiter><test name>
 27    *	       e.g. TEST_MYTEST0004
 28    * >3 delimiter: prefix, test set, test group, rest is testname
 29    *	       <test prefix><delimiter><test set name><delimiter><test group name>(n <delimiter><test name> occurances)
 30    *	       TEST_MYTESTSET_MYGROUP_MYTEST_WITH_A_VERY_LONG_NAME_0001
 31    *
 32    * Delimiter is limited to underscore _. Oracle strongly discourages from using $ or #. Test functions or procedures
 33    * must contain a delimiter after the prefix. Otherwise they are ignored, e.g. testMyFunction is NOT a valid name
 34    * considered by otap. otap ignores case sensitive names. It handles names as not case sensitive.
 35    *
 36    * Name components not given are replaced by the fall_back session variables. They can be set before the test.
 37    * Otherwise they use the defaults. Default is that names define the test set, test group and name. This can
 38    * also be overwritten before the test. In this case test set and test group are retrieved by the session variables
 39    * and test name equals the whole name without the prefix.
 40    * Defaults for prefix and delimiter are defined in OTAP_CONSTANTS.
 41    */
 42  
 43    /** FUNCTION otap_test.init_test
 44    * This function is at some points equal to pgTap plan. As plan is a reserved name in Oracle, even calling
 45    * a package function plan lead to errors. The name init would have been sufficient, but to avoid naming conflicts
 46    * pgTap plan equivalent in otap is init_test.
 47    *
 48    * This function is optional. If you do not execute this, the default settings will be used. Ensure proper naming of
 49    * your test functions and preocedures to make it work as desired without initialization.
 50    *
 51    * Function will set internal package variables for the duration of the session. If you open a different session, make
 52    * sure that you run init_test before, if needed.
 53    *
 54    * Main functionality is setting the amount of tests to expect. If greater than 0 this will include a test report section
 55    * containing differences in tests expected and tests executed.
 56    *
 57    * Wrapper for otap_api.init_test.
 58    *
 59    * @param p_test_count The amount of tests expected to be executed when called.
 60    * @param p_test_set The name of the test set applied if the name of the executed test procedure or function does not provide a test set name or name precendence is disabled.
 61    * @param p_test_group The name of the test group applied if the name of the executed test procedure or function does not provide a test group name or name precendence is disabled.
 62    * @param p_test_name The name of the test name applied if the name of the executed test procedure or function does not provide a test name or name precendence is disabled.
 63    * @param p_prefix The prefix to use for identifying test functions and procedures. Limited to 4 chars. Test functions and procedures must have a trailing delimiter _ after the prefix to be identified.
 64    * @param p_language_id The session language id to use for test reports and results. Limited to 3 chars. If language has no translation, default is used.
 65    * @param p_name_precedence Can disable the naming conventions for otap. If set to otap_constants.OTAP_NUM_FALSE, all tests will run under the defined test set and group, set by init_test.
 66    * @param p_include_pkg Can enable to search also packages and package procedures and functions that fit the naming convention with the given prefix, if set to otap_constants.OTAP_NUM_TRUE.
 67    * @param p_persist Can enable to persist the test results longer than the current default of PRESERVE_DAYS in OTAP_CONFIG, if set to otap_constants.OTAP_NUM_TRUE.
 68    *
 69    * The following parameters are needed by otap, but should never be overwritten.
 70    * It is the only way otap can find out correctly under which schema and user it is running.
 71    * @param p_schema Reads current schema from caller environment, DO NOT SET, let the defaults provide the value.
 72    * @param p_user Reads current user from caller environment, DO NOT SET, let the defaults provide the value.
 73    * @param p_executor Reads session user from caller environment, DO NOT SET, let the defaults provide the value.
 74    */
 75    FUNCTION init_test( p_test_count      IN NUMBER	 DEFAULT 0
 76  			 , p_test_set	     IN VARCHAR2 DEFAULT otap_constants.OTAP_FALLBACK_DEFAULT_TEST_SET
 77  			 , p_test_group      IN VARCHAR2 DEFAULT otap_constants.OTAP_FALLBACK_DEFAULT_TEST_GROUP
 78  			 , p_test_name	     IN VARCHAR2 DEFAULT otap_constants.OTAP_FALLBACK_DEFAULT_TEST_NAME
 79  			 , p_prefix	     IN VARCHAR2 DEFAULT otap_constants.OTAP_FALLBACK_DEFAULT_PREFIX
 80  			 , p_language_id     IN VARCHAR2 DEFAULT otap_constants.OTAP_INTERNAL_NA
 81  			 , p_name_precedence IN NUMBER	 DEFAULT otap_constants.OTAP_NUM_TRUE
 82  			 , p_include_pkg     IN NUMBER	 DEFAULT otap_constants.OTAP_NUM_FALSE
 83  			 , p_persist	     IN NUMBER	 DEFAULT otap_constants.OTAP_NUM_FALSE
 84  			 -- internal variables from caller environment DO NOT SET them explicitely
 85  			 -- you may want to set p_schema, which is the default schema used for object searches
 86  			 -- but schema test functions provide a schema override, so in general there is no need
 87  			 -- for overwritting this value, except for preparing run_tests procedure
 88  			 -- currently no save way exists to get the correct values from inside a procedure of function
 89  			 , p_schema	     IN VARCHAR2 DEFAULT SYS_CONTEXT('USERENV', 'CURRENT_SCHEMA')
 90  			 , p_user	     IN VARCHAR2 DEFAULT SYS_CONTEXT('USERENV', 'CURRENT_USER')
 91  			 , p_executor	     IN VARCHAR2 DEFAULT SYS_CONTEXT('USERENV', 'SESSION_USER')
 92  			 )
 93  	 RETURN VARCHAR2
 94    ;
 95  
 96    /** FUNCTION otap_test.finish_test
 97    * Resets the OTAP_SESSION object. Will set a new session id, reset the counters and the names
 98    * for test set, group and name. When a test session is finished, the test session view will not
 99    * longer show the tests from the old session. If intended count is set, a test record about
100    * executed and expected tests is written. Wrapper for otap_api.finish_test.
101    *
102    * @param p_write_count_rec The indicator, if record count test should be done and written. Either otap_constants.OTAP_NUM_TRUE or otap_constants.OTAP_NUM_FALSE. Setting has no effect if intented count is not set or 0.
103    *
104    * @return A summary of the old session and details of the new session as text message LF delimited.
105    *
106    * @exception -20099 Internal error, invalid OTAP_SESSION object.
107    */
108    FUNCTION finish_test(p_write_count_rec IN NUMBER DEFAULT otap_constants.OTAP_NUM_TRUE)
109  	 RETURN VARCHAR2
110    ;
111  
112    /** FUNCTION otap_test.finish_test_with_exit_code
113    * This function is for automation purposes. It translates and returns an exit code that can be uses in CMD and shell scripts
114    * to handle reactions based on the output of a test session, e.g. if test is passed you don't need probably the test report. Or you want
115    * your build to fail, if test is not passed.
116    *
117    * Equal to finish_test apart from the return value check and translation. Undefined overrules failed. If undefined is returned, also
118    * failed tests may be contained in the current test report. If you finish a test session without any test run, the result is UNDEFINED.
119    *
120    * @param p_write_count_rec The indicator, if record count test should be done and written. Either otap_constants.OTAP_NUM_TRUE or otap_constants.OTAP_NUM_FALSE.
121    *
122    * @return A positive integer as result. 0 = success, all tests passed. 1 = at least one test failed. 2 = at least one test undefined.
123    *
124    * @exception -20099 Internal error, invalid OTAP_SESSION object.
125    */
126    FUNCTION finish_test_with_exit_code(p_write_count_rec IN NUMBER DEFAULT otap_constants.OTAP_NUM_TRUE)
127  	 RETURN NUMBER
128    ;
129  
130    /** FUNCTION otap_test.current_settings
131    * Returns a LF terminated string about the current package session state.
132    * Wrapper for otap_api.otap_session_show.
133    *
134    * @return An info message about the current package session variables.
135    */
136    FUNCTION current_settings
137  	 RETURN VARCHAR2
138    ;
139  
140    /** FUNCTION otap_test.current_summary
141    * Returns a string with a current summary of the test session. Session id, run time, tests executed
142    * and test in error. Wrapper for otap_api.otap_session_summary.
143    *
144    * @return An info message about the current package session variables.
145    */
146    FUNCTION current_summary
147  	 RETURN VARCHAR2
148    ;
149  
150    /** FUNCTION otap_test.set_test_name
151    * Handles and sets the current active test name. If test name is longer than 256 chars
152    * it is cutted to 256 chars. If NULL is given than, otap_constants.OTAP_FALLBACK_DEFAULT_TEST_NAME
153    * is used. Only valid within one session, if session ends, test name is reset.
154    * Wrapper for otap_api.otap_session_set_test_name.
155    *
156    * Test names are usually retrieved from the executed test function or procedure. Can
157    * be used to overwrite the group within a test function or procedure.
158    *
159    * @param p_test_name The test name to use for the next test.
160    *
161    * @return The test name currently active as text message.
162    */
163    FUNCTION set_test_name(p_test_name IN VARCHAR2)
164  	 RETURN VARCHAR2
165    ;
166  
167    /** FUNCTION otap_test.set_test_group
168    * Handles and sets the current active test group. If test group name is longer than 256 chars
169    * it is cutted to 256 chars. If NULL is given than, otap_constants.OTAP_FALLBACK_DEFAULT_TEST_GROUP
170    * is used. Only valid within one session, if session ends, test name is reset.
171    * Wrapper for otap_api.otap_session_set_test_group.
172    *
173    * Test group names are usually retrieved from the executed test function or procedure. Can
174    * be used to overwrite the group within a test function or procedure.
175    *
176    * @param p_test_group The test group name to use for the next tests.
177    *
178    * @return The test group currently active as text message.
179    */
180    FUNCTION set_test_group(p_test_group IN VARCHAR2)
181  	 RETURN VARCHAR2
182    ;
183  
184    /** FUNCTION otap_test.set_test_set
185    * Handles and sets the current active test set. If test set name is longer than 256 chars
186    * it is cutted to 256 chars. If NULL is given than, otap_constants.OTAP_FALLBACK_DEFAULT_TEST_SET
187    * is used. Wrapper for otap_api.otap_session_set_test_set.
188    *
189    * Test set names are usually retrieved from the executed test function or procedure. Can
190    * be used to overwrite the set within a test function or procedure.
191    *
192    * @param p_test_set The test set name to use for the next tests.
193    *
194    * @return The test set currently active as text message.
195    */
196    FUNCTION set_test_set(p_test_set IN VARCHAR2)
197  	 RETURN VARCHAR2
198    ;
199  
200    /** FUNCTION otap_test.set_language
201    * Sets the current session language, limited to 3 chars, always converted to upper case.
202    * Longer values are cutted to 3 chars. If NULL is given than, otap_constants.OTAP_INTERNAL_NA
203    * is used. If the language does not exist in OTAP_TRANSLATE it is ignored and defaults are used.
204    *
205    * @param p_language_id The 3 char language id to use. No effect if OTAP_TRANSLATE is empty.
206    *
207    * @return The session language id currently active.
208    */
209    FUNCTION set_language(p_language_id IN VARCHAR2)
210  	 RETURN VARCHAR2
211    ;
212  
213    /** FUNCTION otap_test.get_language
214    * Retrieves the current active session language id, limited to 3 chars.
215    * Wrapper for otap_api.otap_session_get_language.
216    *
217    * @return The session language id currently active.
218    */
219    FUNCTION get_language
220  	 RETURN VARCHAR2
221    ;
222  
223    /** FUNCTION otap_test.get_schema
224    * Retrieves the current active session schema that is used.
225    * Wrapper for otap_api.otap_session_get_schema.
226    *
227    * @return The session schema currently active.
228    */
229    FUNCTION get_schema
230  	 RETURN VARCHAR2
231    ;
232  
233    /** FUNCTION otap_test.get_prefix
234    * Retrieves the current active session test prefix that is used.
235    * Wrapper for otap_api.otap_session_get_prefix.
236    *
237    * @return The test prefix currently active.
238    */
239    FUNCTION get_prefix
240  	 RETURN VARCHAR2
241    ;
242  
243    /** FUNCTION otap_test.name_precedence
244    * Retrieves the current active session setting for name precedence.
245    * Wrapper for otap_api.otap_session_name_precedence.
246    *
247    * @return TRUE if name precedence is set otherwise FALSE.
248    */
249    FUNCTION name_precedence
250  	 RETURN BOOLEAN
251    ;
252  
253    /** FUNCTION otap_test.include_packages
254    * Retrieves the current active session setting for include packages.
255    * Wrapper for otap_api.otap_session_include_packages.
256    *
257    * @return TRUE if include packages is set otherwise FALSE.
258    */
259    FUNCTION include_packages
260  	 RETURN BOOLEAN
261    ;
262  
263    /** FUNCTION otap_test.get_session_id
264    * Retrieves the current active test session id.
265    * Wrapper for otap_api.otap_session_get_test_id.
266    *
267    * @return The current active test session id.
268    */
269    FUNCTION get_session_id
270  	 RETURN NUMBER
271    ;
272  
273    /** FUNCTION otap_test.get_report_id
274    * Retrieves the last view id from finsih or the current active test session id. Usually used in views.
275    * Wrapper for otap_api.otap_session_get_report_id.
276    *
277    * @return The last view id or the current active test session id.
278    */
279    FUNCTION get_report_id
280  	 RETURN NUMBER
281    ;
282  
283    /** FUNCTION otap_test.set_active_report_id
284    * Temporarily sets the active report id. Will be overwritten if tests are running afterwards.
285    * Used to access specific older or persisted test reports with OTAP_LATEST_TEST_RESULTS_V.
286    * Checks if the session id exists. If it does not exist, the report is is not changed.
287    * Wrapper for otap_api.set_active_report_id.
288    *
289    * @return An success or error message.
290    */
291    FUNCTION set_active_report_id(p_report_id IN NUMBER)
292  	 RETURN VARCHAR2
293    ;
294  
295    /** FUNCTION otap_test.result_view
296    * Returns the results and provides hierarchical master detail test results.
297    * To be called with SELECT * FROM TABLE(otap_test.result_view(otap_test.get_session_id));
298    * The only function which is no wrapper due to limitation with piped rows.
299    *
300    * @param p_session_id The test session id for filtering the results.
301    *
302    * @return An OTAP_VIEW_RESULT_REC object as table type OTAP_VIEW_RESULT_TBL.
303    */
304    FUNCTION result_view(p_session_id IN NUMBER)
305  	 RETURN otap_view_result_tbl PIPELINED
306    ;
307  
308    /** FUNCTION otap_test.has_table
309    * Tests if a table exists or not and outputs the test result. Wrapper for otap_api.has_table.
310    * Writes and adds the test result for the current active test session.
311    *
312    * @param p_table_name The table name of the table, taken as is. If not case sensitive you must provide the table name in UPPERCASE.
313    * @param p_schema A schema override of the current test session if needed, taken as is. If given the table must exist in this schema. Case sensitive.
314    * @param p_description The test description if any. If not given, a description is generated, see template.
315    * @param p_expected_result The expected test result, 1 (Passed), -1 (FAILED), 0 (UNDEFINED). Default is 1 (Passed).
316    *
317    * @return The test result as text.
318    */
319    FUNCTION has_table( p_table_name      IN VARCHAR2
320  			 , p_schema	     IN VARCHAR2 DEFAULT NULL
321  			 , p_description     IN VARCHAR2 DEFAULT NULL
322  			 , p_expected_result IN NUMBER	 DEFAULT otap_constants.OTAP_NUM_TEST_PASSED
323  			 )
324  	 RETURN VARCHAR2
325    ;
326  
327    /** FUNCTION otap_test.has_column
328    * Tests if a table column exists. Additional tests on the column can be added by using the additional
329    * parameters with default NULL. The expected values have to match the content of DBA_TAB_COLUMNS for the given table,
330    * column and schema.
331    *
332    * If checking defaults, it is limited to defaults not longer than 4000 char, using the DATA_DEFAULT_VC column. Expressions
333    * must match all chars in the default, like quotation. Use q-syntax where possible to define correct strings, e.g.
334    * SELECT q'[SYS_CONTEXT('USERENV', 'OS_USER')]' FROM dual;
335    *
336    * @param p_table_name The name of the table, taken as is. Case sensitive.
337    * @param p_column_name The column name of the table, taken as is. Case sensitive.
338    * @param p_schema A schema override of the current test session if needed, taken as is. If given the table and column must exist in this schema. Case sensitive.
339    * @param p_description The test description if any. If not given, a description is generated, see template.
340    * @param p_data_type Optional check the datatype of the column. Ignored if NULL. NOT case sensitive.
341    * @param p_data_length Optional check the data length of the column. Ignored if NULL.
342    * @param p_data_precision Optional check the data precision of the column. Ignored if NULL. Results in test error if datatype is not NUMBER.
343    * @param p_data_scale Optional check the data scale of the column. Ignored if NULL. Results in test error if datatype is not NUMBER or TIMESTAMP.
344    * @param p_nullable Optional check if the column is nullable. Ignored if NULL. NOT case sensitive.
345    * @param p_data_default Optional check the default for the column. Ignored if NULL. Must match all chars, including ' and ". Limited to defaults shorter than 4000 chars.
346    * @param p_expected_result The expected test result, 1 (Passed), -1 (FAILED), 0 (UNDEFINED). Default is 1 (Passed).
347    *
348    * @return The test result as text.
349    */
350    FUNCTION has_column( p_table_name      IN VARCHAR2
351  			  , p_column_name     IN VARCHAR2
352  			  , p_schema	      IN VARCHAR2 DEFAULT NULL
353  			  , p_description     IN VARCHAR2 DEFAULT NULL
354  			  , p_data_type       IN VARCHAR2 DEFAULT NULL
355  			  , p_data_length     IN NUMBER   DEFAULT NULL
356  			  , p_data_precision  IN NUMBER   DEFAULT NULL
357  			  , p_data_scale      IN NUMBER   DEFAULT NULL
358  			  , p_nullable	      IN VARCHAR2 DEFAULT NULL
359  			  , p_data_default    IN VARCHAR2 DEFAULT NULL
360  			  , p_expected_result IN NUMBER   DEFAULT otap_constants.OTAP_NUM_TEST_PASSED
361  			  )
362  	 RETURN VARCHAR2
363    ;
364  
365    /** FUNCTION otap_test.has_package
366    * Checks if a given package exists. Check if header and body, if available, are valid by default.
367    *
368    * @param p_package_name The name of the package, take as is. Case sensitive.
369    * @param p_schema A schema override of the current test session if needed, taken as is. If given the package must exist in this schema. Case sensitive.
370    * @param p_description The test description if any. If not given, a description is generated, see template.
371    * @param p_package_type The object type of the package. PACKAGE or PACKAGE BODY. Not case sensitive. Invalid values cause test result undefined.
372    * @param p_expected_result The expected test result as number. Default is test passed. See otap_constants.
373    *
374    * @return The test result as text.
375    */
376    FUNCTION has_package( p_package_name    IN     VARCHAR2
377  			   , p_schema	       IN     VARCHAR2 DEFAULT NULL
378  			   , p_description     IN     VARCHAR2 DEFAULT NULL
379  			   , p_package_type    IN     VARCHAR2 DEFAULT 'PACKAGE'
380  			   , p_expected_result IN     NUMBER   DEFAULT otap_constants.OTAP_NUM_TEST_PASSED
381  			   )
382  	 RETURN VARCHAR2
383    ;
384  
385    /** FUNCTION otap_schema.has_procedure
386    * Checks if a given procedure or function exists. If package is given, the package procedure or function
387    * is checked.
388    *
389    * @param p_procedure_name The name of the procedure or function, take as is. Case sensitive.
390    * @param p_schema A schema override of the current test session if needed, taken as is. If given the procedure or function must exist in this schema. Case sensitive.
391    * @param p_description The test description if any. If not given, a description is generated, see template.
392    * @param p_procedure_type Procedure type, mandatory. Either FUNCTION (default) or PROCEDURE. Not case sensitive. Invalid values cause test result undefined.
393    * @param p_package_name Either NULL (normal functions and procedures) or a package name for package functions and procedures. Case sensitive.
394    * @param p_return_type Either NULL (procedures) or the return data type of a function. Not case sensitive.
395    * @param p_expected_result The expected test result as number. Default is test passed. See otap_constants.
396    *
397    * @return The test result as text.
398    */
399    FUNCTION has_procedure( p_procedure_name  IN	VARCHAR2
400  			     , p_schema 	 IN	VARCHAR2 DEFAULT NULL
401  			     , p_description	 IN	VARCHAR2 DEFAULT NULL
402  			     , p_procedure_type  IN	VARCHAR2 DEFAULT 'FUNCTION'
403  			     , p_package_name	 IN	VARCHAR2 DEFAULT NULL
404  			     , p_return_type	 IN	VARCHAR2 DEFAULT NULL
405  			     , p_expected_result IN	NUMBER	 DEFAULT otap_constants.OTAP_NUM_TEST_PASSED
406  			     )
407  	 RETURN VARCHAR2
408    ;
409  
410    /** FUNCTION otap_test.has_trigger
411    * Checks if a given trigger exists.
412    *
413    * @param p_trigger_name The name of the trigger, take as is. Case sensitive.
414    * @param p_schema A schema override of the current test session if needed, taken as is. If given the procedure or function must exist in this schema. Case sensitive.
415    * @param p_description The test description if any. If not given, a description is generated, see template.
416    * @param p_trigger_type The trigger type as in USER_TRIGGERS. Optional. Not case sensitive. Invalid values cause test failed.
417    * @param p_trigger_event The triggering event as in USER_TRIGGERS. Optional. Not case sensitive.
418    * @param p_table_owner The table owner as in USER_TRIGGERS. Optional. Case sensitive.
419    * @param p_table_name The table name as in USER_TRIGGERS. Optional. Case sensitive.
420    * @param p_expected_result The expected test result as number. Default is test passed. See otap_constants.
421    *
422    * @return The test result as text.
423    */
424    FUNCTION has_trigger( p_trigger_name    IN     VARCHAR2
425  			   , p_schema	       IN     VARCHAR2 DEFAULT NULL
426  			   , p_description     IN     VARCHAR2 DEFAULT NULL
427  			   , p_trigger_type    IN     VARCHAR2 DEFAULT NULL
428  			   , p_trigger_event   IN     VARCHAR2 DEFAULT NULL
429  			   , p_table_owner     IN     VARCHAR2 DEFAULT NULL
430  			   , p_table_name      IN     VARCHAR2 DEFAULT NULL
431  			   , p_expected_result IN     NUMBER   DEFAULT otap_constants.OTAP_NUM_TEST_PASSED
432  			   )
433  	 RETURN VARCHAR2
434    ;
435  
436    /** FUNCTION otap_schema.has_object
437    * Checks if a given database object exists.
438    *
439    * @param p_object_name The name of the object, take as is. Case sensitive.
440    * @param p_object_type The object type of the given object. Mandatory. Object must be unique identifiable, otherwise test will result in undefined. Not case sensitive.
441    * @param p_schema A schema override of the current test session if needed, taken as is. If given the procedure or function must exist in this schema. Case sensitive.
442    * @param p_description The test description if any. If not given, a description is generated, see template.
443    * @param p_expected_result The expected test result as number. Default is test passed. See otap_constants.
444    *
445    * @return The test result as text.
446    */
447    FUNCTION has_object( p_object_name     IN     VARCHAR2
448  			  , p_object_type     IN     VARCHAR2
449  			  , p_schema	      IN     VARCHAR2 DEFAULT NULL
450  			  , p_description     IN     VARCHAR2 DEFAULT NULL
451  			  , p_expected_result IN     NUMBER   DEFAULT otap_constants.OTAP_NUM_TEST_PASSED
452  			  )
453  	 RETURN VARCHAR2
454    ;
455  
456    /** FUNCTION otap_test.has_constraint
457    * Checks if a given table has a constraint of the given type. Optional you can specify column and constraint name.
458    *
459    * Supported constraint types:
460    * C - Check constraint on a table
461    * P - Primary key
462    * U - Unique key
463    * R - Referential integrity - use has_ref_constraint for more options
464    * V - With check option, on a view
465    * O - With read only, on a view
466    * H - Hash expression
467    * F - Constraint that involves a REF column - use has_ref_constraint for more options
468    * S is not supported, could not find or create an example to examine. SUPPLEMENTAL LOG clause only reflects in CDEF$ and CCOL$.
469    *
470    * @param p_table_name Mandatory. The table to be checked for constraint, take as is. Case sensitive. Missing value will cause test to fail.
471    * @param p_constraint_type Mandatory. A valid constraint type. Not case sensitive. Wrong values will cause the test to fail.
472    * @param p_column_name Optional. The column that is part of the constraint. Case sensitive.
473    * @param p_constraint Optional. The name of the constraint. Case sensitive.
474    * @param p_schema A schema override of the current test session if needed, taken as is. If given the table and constraint must exist in this schema. Case sensitive.
475    * @param p_description The test description if any. If not given, a description is generated, see template.
476    * @param p_expected_result The expected test result as number. Default is test passed. See otap_constants.
477    *
478    * @return The test result as text.
479    */
480    FUNCTION has_constraint( p_table_name	  IN VARCHAR2
481  			      , p_constraint_type IN VARCHAR2 DEFAULT 'C'
482  			      , p_column_name	  IN VARCHAR2 DEFAULT NULL
483  			      , p_constraint	  IN VARCHAR2 DEFAULT NULL
484  			      , p_schema	  IN VARCHAR2 DEFAULT SYS_CONTEXT('USERENV', 'CURRENT_SCHEMA')
485  			      , p_description	  IN VARCHAR2 DEFAULT NULL
486  			      , p_expected_result IN NUMBER   DEFAULT otap_constants.OTAP_NUM_TEST_PASSED
487  			      )
488  	 RETURN VARCHAR2
489    ;
490  
491    /** FUNCTION otap_test.has_ref_constraint
492    * Checks if a given table has a reference constraint. You may also use has_constraint. But if you want to check the
493    * referenced owner, constraint, column and table, you have to use this function.
494    *
495    * @param p_table_name Mandatory. The table to be checked for the reference constraint, take as is. Case sensitive.
496    * @param p_constraint_type Mandatory. A valid ref constraint type. Not case sensitive. Only 'R' and 'F' allowed, 'R' on invalid or empty values.
497    * @param p_column_name Optional. The column that is part of the reference constraint. Case sensitive.
498    * @param p_constraint Optional. The name of the reference constraint. Case sensitive.
499    * @param p_schema A schema override of the current test session if needed, taken as is. If given the table and constraint must exist in this schema. Case sensitive.
500    * @param p_r_table_name Optional. The referenced table of the reference constraint, take as is. Case sensitive.
501    * @param p_r_column_name Optional. The referenced column that is part of the reference constraint. Case sensitive.
502    * @param p_r_constraint Optional. The name of the referenced constraint by the reference constraint. Case sensitive.
503    * @param p_r_schema Optional. The reference schema of the constraint. Case sensitive.
504    * @param p_description The test description if any. If not given, a description is generated, see template.
505    * @param p_expected_result The expected test result as number. Default is test passed. See otap_constants.
506    *
507    * @return The test result as text.
508    */
509    FUNCTION has_ref_constraint( p_table_name      IN VARCHAR2
510  				  , p_constraint_type IN VARCHAR2 DEFAULT 'R'
511  				  , p_column_name     IN VARCHAR2 DEFAULT NULL
512  				  , p_constraint      IN VARCHAR2 DEFAULT NULL
513  				  , p_schema	      IN VARCHAR2 DEFAULT SYS_CONTEXT('USERENV', 'CURRENT_SCHEMA')
514  				  , p_r_table_name    IN VARCHAR2 DEFAULT NULL
515  				  , p_r_column_name   IN VARCHAR2 DEFAULT NULL
516  				  , p_r_constraint    IN VARCHAR2 DEFAULT NULL
517  				  , p_r_schema	      IN VARCHAR2 DEFAULT NULL
518  				  , p_description     IN VARCHAR2 DEFAULT NULL
519  				  , p_expected_result IN NUMBER   DEFAULT otap_constants.OTAP_NUM_TEST_PASSED
520  				  )
521  	 RETURN VARCHAR2
522    ;
523  
524    /** FUNCTION otap_test.has_not_null_constraint
525    * Checks if a given table column has a not null check constraint. Optional you can specify the constraint name. NOT NULL constraint is
526    * somewhat special as it is recommended for inline creation, which generates system constraint names. You are also free to create it
527    * outbound. Therefore in most cases the constraint name is not defined or may change on recreation. Also NULLABLE may not reflect an
528    * existing outbound NOT NULL constraint. This function checks also the definition, which has the generated format: "COLUMN_NAME" IS NOT NULL.
529    * Any outbund declaration will probably look different. Therefore the term "IS NOT NULL" and the column name is searched after UPPER conversion
530    * of SEARCH_CONDITION_VC. Will not work for search conditions > 4000 char.
531    *
532    * @param p_table_name Mandatory. The table to be checked for NOT NULL constraint, take as is. Case sensitive. Missing value will cause test to fail.
533    * @param p_column_name Mandator. The column that is checked for the NOT NULL constraint. Case sensitive.
534    * @param p_constraint Optional. The name of the constraint. Case sensitive.
535    * @param p_schema A schema override of the current test session if needed, taken as is. If given the table and constraint must exist in this schema. Case sensitive.
536    * @param p_description The test description if any. If not given, a description is generated, see template.
537    * @param p_expected_result The expected test result as number. Default is test passed. See otap_constants.
538    *
539    * @return The test result as text.
540    */
541    FUNCTION has_not_null_constraint( p_table_name	   IN VARCHAR2
542  				       , p_column_name	   IN VARCHAR2
543  				       , p_constraint	   IN VARCHAR2 DEFAULT NULL
544  				       , p_schema	   IN VARCHAR2 DEFAULT SYS_CONTEXT('USERENV', 'CURRENT_SCHEMA')
545  				       , p_description	   IN VARCHAR2 DEFAULT NULL
546  				       , p_expected_result IN NUMBER   DEFAULT otap_constants.OTAP_NUM_TEST_PASSED
547  				       )
548  	 RETURN VARCHAR2
549    ;
550  
551    /** FUNCTION otap_test.has_index
552    * Checks if a given index exists. You may specify table name or index name. Both values NULL will lead to test failed.
553    *
554    * @param p_table_name Mandatory if index name is NULL. The table name of the table that owns the index.
555    * @param p_column_name Optional. The column name used in the index. Case sensitive.
556    * @param p_index_name Mandatory if table name is NULL. The index name to check. Case sensitive.
557    * @param p_index_type Optional. The index type of the index to check. Not case sensitive.
558    * @param p_table_type Optional. The table type of the index to check. Not case sensitive.
559    * @param p_uniqueness Optional. The uniqueness of the index to check. Not case sensitive.
560    * @param p_tablespace_name Optional. The tablespace name used by the index to check. Case sensitive.
561    * @param p_partitioned Optional. The partitioned state of the index to check. Not case sensitive.
562    * @param p_schema A schema override of the current test session if needed, taken as is. If given the table and constraint must exist in this schema. Case sensitive.
563    * @param p_description The test description if any. If not given, a description is generated, see template.
564    * @param p_expected_result The expected test result as number. Default is test passed. See otap_constants.
565    *
566    * @return The test result as text.
567    */
568    FUNCTION has_index( p_table_name      IN VARCHAR2
569  			 , p_column_name     IN VARCHAR2 DEFAULT NULL
570  			 , p_index_name      IN VARCHAR2 DEFAULT NULL
571  			 , p_index_type      IN VARCHAR2 DEFAULT NULL
572  			 , p_table_type      IN VARCHAR2 DEFAULT NULL
573  			 , p_uniqueness      IN VARCHAR2 DEFAULT NULL
574  			 , p_tablespace_name IN VARCHAR2 DEFAULT NULL
575  			 , p_partitioned     IN VARCHAR2 DEFAULT NULL
576  			 , p_schema	     IN VARCHAR2 DEFAULT SYS_CONTEXT('USERENV', 'CURRENT_SCHEMA')
577  			 , p_description     IN VARCHAR2 DEFAULT NULL
578  			 , p_expected_result IN NUMBER	 DEFAULT otap_constants.OTAP_NUM_TEST_PASSED
579  			 )
580  	 RETURN VARCHAR2
581    ;
582  
583    /** FUNCTION otap_test.has_type
584    * Checks if a given type exists. The type code (e.g. OBJECT, COLLECTION) is shown as sub object in the exist message.
585    *
586    * @param p_type_name Mandatory. The name of the type to check. Case sensitive.
587    * @param p_typecode Optional. The typecode like OBJECT of the type to check. Not case sensitive.
588    * @param p_attributes Optional. The number of type attributes to check.
589    * @param p_methods Optional. The number of type methods to check.
590    * @param p_predefined Optional. The predefined state of the type to check. Not case sensitive.
591    * @param p_incomplete Optional. The incomplete state of the type to check. Not case sensitive.
592    * @param p_final Optional. The final state of the type to check. Not case sensitive.
593    * @param p_persistable Optional. The persistable state of the type to check. Not case sensitive.
594    * @param p_schema A schema override of the current test session if needed, taken as is. If given the table and constraint must exist in this schema. Case sensitive.
595    * @param p_description The test description if any. If not given, a description is generated, see template.
596    * @param p_expected_result The expected test result as number. Default is test passed. See otap_constants.
597    *
598    * @return The test result as text.
599    */
600    FUNCTION has_type( p_type_name	    IN VARCHAR2
601  			, p_typecode	    IN VARCHAR2 DEFAULT NULL
602  			, p_attributes	    IN NUMBER	DEFAULT NULL
603  			, p_methods	    IN NUMBER	DEFAULT NULL
604  			, p_predefined	    IN VARCHAR2 DEFAULT NULL
605  			, p_incomplete	    IN VARCHAR2 DEFAULT NULL
606  			, p_final	    IN VARCHAR2 DEFAULT NULL
607  			, p_persistable     IN VARCHAR2 DEFAULT NULL
608  			, p_schema	    IN VARCHAR2 DEFAULT SYS_CONTEXT('USERENV', 'CURRENT_SCHEMA')
609  			, p_description     IN VARCHAR2 DEFAULT NULL
610  			, p_expected_result IN NUMBER	DEFAULT otap_constants.OTAP_NUM_TEST_PASSED
611  			)
612  	 RETURN VARCHAR2
613    ;
614  
615    /** FUNCTION otap_test.has_sequence
616    * Checks if a given sequence exists. It can be identified either by the sequence name or the table and column name.
617    * If sequence name is NULL, table AND column name must be given to identify the sequence. In case the table owner
618    * differs from the sequence owner, the table owner can be specified. If not specified, the normal schema logic takes
619    * place.
620    *
621    * @param p_sequence_name Mandatory if not table and column name are given. The name of the sequence to check. Case sensitive.
622    * @param p_table_name Mandatory if sequence name is not given. The table name with the identity column that uses the sequence to check. Case sensitive.
623    * @param p_column_name Mandatory if sequence name is not given. The identity column name that uses the sequence to check. Case sensitive.
624    * @param p_min_value Optional. The minimum value attribute of the sequence to check.
625    * @param p_max_value Optional. The maximum value attribute of the sequence to check.
626    * @param p_increment_by Optional. The increment of the sequence to check.
627    * @param p_cycle_flag Optional. The cycle flag of the sequence to check. Not case sensitive.
628    * @param p_order_flag Optional. The order flag of the sequence to check. Not case sensitive.
629    * @param p_cache_size Optional. The cache size of the sequence to check.
630    * @param p_scale_flag Optional. The scale flag of the sequence to check. Not case sensitive.
631    * @param p_extend_flag Optional. The extend flag of the sequence to check. Not case sensitive.
632    * @param p_sharded_flag Optional. The sharded flag of the sequence to check. Not case sensitive.
633    * @param p_session_flag Optional. The session flag of the sequence to check. Not case sensitive.
634    * @param p_keep_value Optional. The keep value flag of the sequence to check. Not case sensitive.
635    * @param p_schema A schema override of the current test session if needed, taken as is. If given the table and constraint must exist in this schema. Case sensitive.
636    * @param p_description The test description if any. If not given, a description is generated, see template.
637    * @param p_expected_result The expected test result as number. Default is test passed. See otap_constants.
638    *
639    * @return The test result as text.
640    */
641    FUNCTION has_sequence( p_sequence_name	IN VARCHAR2
642  			    , p_table_name	IN VARCHAR2 DEFAULT NULL
643  			    , p_column_name	IN VARCHAR2 DEFAULT NULL
644  			    , p_min_value	IN NUMBER   DEFAULT NULL
645  			    , p_max_value	IN NUMBER   DEFAULT NULL
646  			    , p_increment_by	IN NUMBER   DEFAULT NULL
647  			    , p_cycle_flag	IN VARCHAR2 DEFAULT NULL
648  			    , p_order_flag	IN VARCHAR2 DEFAULT NULL
649  			    , p_cache_size	IN NUMBER   DEFAULT NULL
650  			    , p_scale_flag	IN VARCHAR2 DEFAULT NULL
651  			    , p_extend_flag	IN VARCHAR2 DEFAULT NULL
652  			    , p_sharded_flag	IN VARCHAR2 DEFAULT NULL
653  			    , p_session_flag	IN VARCHAR2 DEFAULT NULL
654  			    , p_keep_value	IN VARCHAR2 DEFAULT NULL
655  			    , p_table_owner	IN VARCHAR2 DEFAULT NULL
656  			    , p_schema		IN VARCHAR2 DEFAULT SYS_CONTEXT('USERENV', 'CURRENT_SCHEMA')
657  			    , p_description	IN VARCHAR2 DEFAULT NULL
658  			    , p_expected_result IN NUMBER   DEFAULT otap_constants.OTAP_NUM_TEST_PASSED
659  			    )
660  	 RETURN VARCHAR2
661    ;
662  
663    /** FUNCTION otap_test.has_scheduler_job
664    * Checks basically if a given scheduler job exists.
665    *
666    * @param p_job_name Mandatory. The name of the scheduler job to check. Case sensitive.
667    * @param p_job_style Optional. The job style of the scheduler job to check. Not case sensitive.
668    * @param p_job_type Optional. The job type of the scheduler job to check. Not case sensitive.
669    * @param p_job_action Optional. The job action of the scheduler job to check. Compares code with UPPER and flatten. Not case sensitive.
670    * @param p_schedule_type Optional. The schedule type of the scheduler job to check. Not case sensitive.
671    * @param p_repeat_interval Optional. The repeat interval of the scheduler job to check. Not case sensitive.
672    * @param p_job_class Optional. The job class of the scheduler job to check. Not case sensitive.
673    * @param p_logging_level Optional. The logging level indicator of the scheduler job to check. Not case sensitive.
674    * @param p_store_output Optional. The store output indicator of the scheduler job to check. Not case sensitive.
675    * @param p_schema A schema override of the current test session if needed, taken as is. If given the table and constraint must exist in this schema. Case sensitive.
676    * @param p_description The test description if any. If not given, a description is generated, see template.
677    * @param p_expected_result The expected test result as number. Default is test passed. See otap_constants.
678    *
679    * @return The test result as text.
680    */
681    FUNCTION has_scheduler_job( p_job_name	     IN VARCHAR2
682  				 , p_job_style	     IN VARCHAR2 DEFAULT NULL
683  				 , p_job_type	     IN VARCHAR2 DEFAULT NULL
684  				 , p_job_action      IN VARCHAR2 DEFAULT NULL
685  				 , p_schedule_type   IN VARCHAR2 DEFAULT NULL
686  				 , p_repeat_interval IN VARCHAR2 DEFAULT NULL
687  				 , p_job_class	     IN VARCHAR2 DEFAULT NULL
688  				 , p_logging_level   IN VARCHAR2 DEFAULT NULL
689  				 , p_store_output    IN VARCHAR2 DEFAULT NULL
690  				 , p_schema	     IN VARCHAR2 DEFAULT SYS_CONTEXT('USERENV', 'CURRENT_SCHEMA')
691  				 , p_description     IN VARCHAR2 DEFAULT NULL
692  				 , p_expected_result IN NUMBER	 DEFAULT otap_constants.OTAP_NUM_TEST_PASSED
693  				 )
694  	 RETURN VARCHAR2
695    ;
696  
697    /** FUNCTION otap_test.has_user
698    * Checks basically if a given user exists.
699    *
700    * @param p_username Mandatory. The name of the database user to check. Case sensitive.
701    * @param p_account_status Optional. The account status of the database user to check. Not case sensitive.
702    * @param p_default_tablespace Optional. The default tablespace of the database user to check. Case sensitive.
703    * @param p_temporary_tablespace Optional. The temporary tablespace of the database user to check. Case sensitive.
704    * @param p_local_temp_tablespace Optional. The local temporary tablespace of the database user to check. Case sensitive.
705    * @param p_profile Optional. The profile setting of the database user to check. Not case sensitive.
706    * @param p_password_versions Optional. The password versions if any defined of the database user to check. Case sensitive.
707    * @param p_authentication_type Optional. The authentication type of the database user to check. Not case sensitive.
708    * @param p_proxy_only_connect Optional. The proxy only connect indicator of the database user to check. Not case sensitive.
709    * @param p_protected Optional. The protected state indicator of the database user to check. Not case sensitive.
710    * @param p_read_only Optional. The read only state indicator of the database user to check. Not case sensitive.
711    * @param p_description The test description if any. If not given, a description is generated, see template.
712    * @param p_expected_result The expected test result as number. Default is test passed. See otap_constants.
713    *
714    * @return The test result as text.
715    */
716    FUNCTION has_user( p_username		  IN VARCHAR2
717  			, p_account_status	  IN VARCHAR2 DEFAULT NULL
718  			, p_default_tablespace	  IN VARCHAR2 DEFAULT NULL
719  			, p_temporary_tablespace  IN VARCHAR2 DEFAULT NULL
720  			, p_local_temp_tablespace IN VARCHAR2 DEFAULT NULL
721  			, p_profile		  IN VARCHAR2 DEFAULT NULL
722  			, p_password_versions	  IN VARCHAR2 DEFAULT NULL
723  			, p_authentication_type   IN VARCHAR2 DEFAULT NULL
724  			, p_proxy_only_connect	  IN VARCHAR2 DEFAULT NULL
725  			, p_protected		  IN VARCHAR2 DEFAULT NULL
726  			, p_read_only		  IN VARCHAR2 DEFAULT NULL
727  			, p_description 	  IN VARCHAR2 DEFAULT NULL
728  			, p_expected_result	  IN NUMBER   DEFAULT otap_constants.OTAP_NUM_TEST_PASSED
729  			)
730  	 RETURN VARCHAR2
731    ;
732  
733    /** FUNCTION otap_test.ok
734    * Checks if a boolean expression result is TRUE. To test for FALSE just set expected result to otap_constants.OTAP_NUM_TEST_FAILED.
735    * It is recommended to use a description as generated text does not contain details on the the test condition.
736    *
737    * @param p_boolean The result of a boolean expression to check.
738    * @param p_description The test description if any. If not given, a description is generated, see template.
739    * @param p_expected_result The expected test result as number. Default is test passed. See otap_constants.
740    * @param p_schema A schema override of the current test session if needed, taken as is. Compares are not clearly associated to a schema. Case sensitive.
741    *
742    * @return The test result as text.
743    */
744    FUNCTION ok( p_boolean	      IN BOOLEAN
745  		  , p_description     IN VARCHAR2 DEFAULT NULL
746  		  , p_expected_result IN NUMBER   DEFAULT otap_constants.OTAP_NUM_TEST_PASSED
747  		  , p_schema	      IN VARCHAR2 DEFAULT SYS_CONTEXT('USERENV', 'CURRENT_SCHEMA')
748  		  )
749  	 RETURN VARCHAR2
750    ;
751  
752    /** FUNCTION otap_test.is_eq
753    * Checks given data of type VARCHAR2, NUMBER and DATE against a given value. As "IS" is a reserved word in Oracle
754    * this is the equivalent of is and isnt. isnt is achieved by setting expected result to otap_constants.OTAP_NUM_TEST_FAILED.
755    *
756    * Other types are more or less problematic, e.g. you can't declare in Oracle a function with date and timestamp parameter. If providing
757    * TIMESTAMP Oracle gets confused which function to use. Try to convert or cast the types to the base types. CAST will probably not
758    * preserve all information. TO_CHAR is almost always an option.
759    *
760    * Passing simply NULL, NULL without that datatypes are defined by columns, the function will fail with ORA-06553: Too much declarations
761    * of is_eq. To do a NULL test, use, according to p_have datatype, TO_CHAR(NULL), TO_NUMBER(NULL) or TO_DATE(NULL) so correct function
762    * signature is identified and function does not fail.
763    *
764    * @param p_have The data to check.
765    * @param p_want The expected data. Must have the same datatype as p_have.
766    * @param p_description The test description if any. If not given, a description is generated, see template.
767    * @param p_expected_result The expected test result as number. Default is test passed. See otap_constants.
768    * @param p_schema A schema override of the current test session if needed, taken as is. Compares are not clearly associated to a schema. Case sensitive.
769    *
770    * @return The test result as text.
771    */
772    FUNCTION is_eq( p_have		 IN VARCHAR2
773  		     , p_want		 IN VARCHAR2
774  		     , p_description	 IN VARCHAR2 DEFAULT NULL
775  		     , p_expected_result IN NUMBER   DEFAULT otap_constants.OTAP_NUM_TEST_PASSED
776  		     , p_schema 	 IN VARCHAR2 DEFAULT SYS_CONTEXT('USERENV', 'CURRENT_SCHEMA')
777  		     )
778  	 RETURN VARCHAR2
779    ;
780    FUNCTION is_eq( p_have		 IN NUMBER
781  		     , p_want		 IN NUMBER
782  		     , p_description	 IN VARCHAR2 DEFAULT NULL
783  		     , p_expected_result IN NUMBER   DEFAULT otap_constants.OTAP_NUM_TEST_PASSED
784  		     , p_schema 	 IN VARCHAR2 DEFAULT SYS_CONTEXT('USERENV', 'CURRENT_SCHEMA')
785  		     )
786  	 RETURN VARCHAR2
787    ;
788    FUNCTION is_eq( p_have		 IN DATE
789  		     , p_want		 IN DATE
790  		     , p_description	 IN VARCHAR2 DEFAULT NULL
791  		     , p_expected_result IN NUMBER   DEFAULT otap_constants.OTAP_NUM_TEST_PASSED
792  		     , p_schema 	 IN VARCHAR2 DEFAULT SYS_CONTEXT('USERENV', 'CURRENT_SCHEMA')
793  		     )
794  	 RETURN VARCHAR2
795    ;
796  
797    /** FUNCTION otap_test.match_regex
798    * Checks given data of type VARCHAR2 against an Oracle REGEX expression. Uses REGEXP_LIKE.
799    * ATTENTION Oracle REGEX implementation is not standard. Unix regex which work like charm take hours to implement in
800    * Oracle REGEX to work as desired. Test your expression well with Oracle before using it.
801    *
802    * Easiest way to check is SELECT COUNT(*) FROM dual WHERE regexp_like('your string', 'your regex', 'regex param');
803    * Should result in 1 if successful checked. You may want to prepare a with block with different string to pass them
804    * through the regular expression.
805    *
806    * @param p_have The data to check.
807    * @param p_regex A valid Oracle regular expression that p_have must match.
808    * @param p_description The test description if any. If not given, a description is generated, see template.
809    * @param p_param Parameter for REGEXP_LIKE. 'i' is case insensitive. See Oracle documentation for details, https://docs.oracle.com/en/database/oracle/oracle-database/21/sqlrf/Pattern-matching-Conditions.html#GUID-D2124F3A-C6E4-4CCA-A40E-2FFCABFD8E19.
810    * @param p_expected_result The expected test result as number. Default is test passed. See otap_constants.
811    * @param p_schema A schema override of the current test session if needed, taken as is. Compares are not clearly associated to a schema. Case sensitive.
812    *
813    * @return The test result as text.
814    */
815    FUNCTION match_regex( p_have	       IN VARCHAR2
816  			   , p_regex	       IN VARCHAR2
817  			   , p_description     IN VARCHAR2 DEFAULT NULL
818  			   , p_param	       IN VARCHAR2 DEFAULT NULL
819  			   , p_expected_result IN NUMBER   DEFAULT otap_constants.OTAP_NUM_TEST_PASSED
820  			   , p_schema	       IN VARCHAR2 DEFAULT SYS_CONTEXT('USERENV', 'CURRENT_SCHEMA')
821  			   )
822  	 RETURN VARCHAR2
823    ;
824  
825    /** FUNCTION otap_test.alike
826    * Checks given data of type VARCHAR2 against an Oracle LIKE expression. LIKE is currently more reliable and easier
827    * to use than Oracle REGEX implementation. But also much more limited.
828    *
829    * @param p_have The data to check.
830    * @param p_like A valid Oracle like expression that p_have must match.
831    * @param p_case_sensitive Optional defines that the compared result is handled as case sensitive, if set to otap_constants.OTAP_NUM_TRUE.
832    * @param p_description The test description if any. If not given, a description is generated, see template.
833    * @param p_expected_result The expected test result as number. Default is test passed. See otap_constants.
834    * @param p_schema A schema override of the current test session if needed, taken as is. Compares are not clearly associated to a schema. Case sensitive.
835    *
836    * @return The test result as text.
837    */
838    FUNCTION alike( p_have		 IN VARCHAR2
839  		     , p_like		 IN VARCHAR2
840  		     , p_case_sensitive  IN NUMBER   DEFAULT otap_constants.OTAP_NUM_FALSE
841  		     , p_description	 IN VARCHAR2 DEFAULT NULL
842  		     , p_expected_result IN NUMBER   DEFAULT otap_constants.OTAP_NUM_TEST_PASSED
843  		     , p_schema 	 IN VARCHAR2 DEFAULT SYS_CONTEXT('USERENV', 'CURRENT_SCHEMA')
844  		     )
845  	 RETURN VARCHAR2
846    ;
847  
848    /** FUNCTION otap_test.throws_ok
849    * Checks if a given statement or code block throws the expected error message. The expected error message must match
850    * the SQLERRM returned from exception thrown. Use throws_match or throws_like if only parts of the error message must
851    * match. If the statement starts with SELECT it is executed as is, without caring for returned columns or rows and ignoring
852    * any given header definition. The header definition is a code block for the declare section defining variables that may be
853    * needed by called functions or procedures. It is only used if the statement does not start with SELECT and if the declaration
854    * block can be executed with a NULL procedure without throwing exceptions.
855    *
856    * Function comes in two flavors, comparing SQLERRM as VARCHAR2 or the error code SQLCODE as number. It can also be used to check
857    * if a statement does not cause any exception by switching the expected result to otap_constants.OTAP_NUM_TEST_FAILED.
858    *
859    * SQL statements (SELECT, UPDATE, DELETE) MUST NOT have a trailing semicolon. otap will try to detect and remove it, but may fail.
860    * Semicolon in dynamically executed SQL statements will cause an unexpected exception.
861    *
862    * Functions and procedures MUST have a trailing semicolon, especially if more than one command is executed in the block.
863    *
864    * Syntax errors will most likely cause a different exception as the expected one and fail the test. This is especially important if
865    * you switch the expected test result. otap expects in this case, that the statement could be executed without any exception.
866    *
867    * @param p_statement Mandatory. The statement as string to execute. Can be a select statement or function/procedure call. No need to proovide a begin end block. Syntax should be checked or will cause unexpected exceptions.
868    * @param p_sqlerrm Mandatory. The exact case sensitive expected error message as returned by SQLERRM after a provoked exception.
869    * @param p_header_def Optional valid header definition (test result is undefined if header is not valid) for function or procedure tests to support OUT and return variables.
870    * @param p_description The test description if any. If not given, a description is generated, see template.
871    * @param p_expected_result The expected test result as number. Default is test passed. See otap_constants.
872    * @param p_schema A schema override of the current test session if needed, taken as is. Compares are not clearly associated to a schema. Case sensitive.
873    *
874    * @return The test result as text.
875    *
876    * Examples (english messages)
877    * SELECT otap_test.throws_ok('SELECT 1/0 FROM dual', 'ORA-01476: divisor is equal to zero') AS test_result FROM dual;
878    * SELECT otap_test.throws_ok('l_return := 1/0;', 'ORA-01476: divisor is equal to zero', 'l_return NUMBER;') AS test_result FROM dual;
879    */
880    FUNCTION throws_ok( p_statement	     IN VARCHAR2
881  			 , p_sqlerrm	     IN VARCHAR2
882  			 , p_header_def      IN VARCHAR2 DEFAULT NULL
883  			 , p_description     IN VARCHAR2 DEFAULT NULL
884  			 , p_expected_result IN NUMBER	 DEFAULT otap_constants.OTAP_NUM_TEST_PASSED
885  			 , p_schema	     IN VARCHAR2 DEFAULT SYS_CONTEXT('USERENV', 'CURRENT_SCHEMA')
886  			 )
887  	 RETURN VARCHAR2
888    ;
889  
890    /** FUNCTION otap_test.throws_ok
891    * Flavor error code SQLCODE as number. Same behavior as flavor error message. Be aware that some Oracle error codes are group error codes where
892    * the error message differs depending on the exact error cause.
893    *
894    * @param p_statement Mandatory. The statement as string to execute. Can be a select statement or function/procedure call. No need to proovide a begin end block. Syntax should be checked or will cause unexpected exceptions.
895    * @param p_sqlcode Mandatory. The exact expected error code as returned by SQLCODE after a provoked exception.
896    * @param p_header_def Optional valid header definition (test result is undefined if header is not valid) for function or procedure tests to support OUT and return variables.
897    * @param p_description The test description if any. If not given, a description is generated, see template.
898    * @param p_expected_result The expected test result as number. Default is test passed. See otap_constants.
899    * @param p_schema A schema override of the current test session if needed, taken as is. Compares are not clearly associated to a schema. Case sensitive.
900    *
901    * @return The test result as text.
902    *
903    * Example
904    * SELECT otap_test.throws_ok('SELECT 1/0 FROM dual', -1476) AS test_result FROM dual;
905    */
906    FUNCTION throws_ok( p_statement	     IN VARCHAR2
907  			 , p_sqlcode	     IN NUMBER
908  			 , p_header_def      IN VARCHAR2 DEFAULT NULL
909  			 , p_description     IN VARCHAR2 DEFAULT NULL
910  			 , p_expected_result IN NUMBER	 DEFAULT otap_constants.OTAP_NUM_TEST_PASSED
911  			 , p_schema	     IN VARCHAR2 DEFAULT SYS_CONTEXT('USERENV', 'CURRENT_SCHEMA')
912  			 )
913  	 RETURN VARCHAR2
914    ;
915  
916    /** FUNCTION otap_test.throws_matches
917    * Same as otap_test.throws_ok apart from using Oracle REGEXP to identify the error message.
918    *
919    * @param p_statement Mandatory. The statement as string to execute. Can be a select statement or function/procedure call. No need to proovide a begin end block. Syntax should be checked or will cause unexpected exceptions.
920    * @param p_regex_sqlerrm Mandatory. The regular expression to match the expected error message as returned by SQLERRM after a provoked exception.
921    * @param p_param Optional valid parameter for REGEXP_LIKE. 'i' means case insensitive. Parameters are case sensitive. See Oracle documentation for details, https://docs.oracle.com/en/database/oracle/oracle-database/21/sqlrf/Pattern-matching-Conditions.html#GUID-D2124F3A-C6E4-4CCA-A40E-2FFCABFD8E19.
922    * @param p_header_def Optional valid header definition (test result is undefined if header is not valid) for function or procedure tests to support OUT and return variables.
923    * @param p_description The test description if any. If not given, a description is generated, see template.
924    * @param p_expected_result The expected test result as number. Default is test passed. See otap_constants.
925    * @param p_schema A schema override of the current test session if needed, taken as is. Compares are not clearly associated to a schema. Case sensitive.
926    *
927    * @return The test result as text.
928    *
929    * Example (english message)
930    * SELECT otap_test.throws_matches('SELECT 1/0 FROM dual', '.*-01476: divisor is equal to zero.*') FROM dual;
931    */
932    FUNCTION throws_matches( p_statement	  IN VARCHAR2
933  			      , p_regex_sqlerrm   IN VARCHAR2
934  			      , p_param 	  IN VARCHAR2 DEFAULT NULL
935  			      , p_header_def	  IN VARCHAR2 DEFAULT NULL
936  			      , p_description	  IN VARCHAR2 DEFAULT NULL
937  			      , p_expected_result IN NUMBER   DEFAULT otap_constants.OTAP_NUM_TEST_PASSED
938  			      , p_schema	  IN VARCHAR2 DEFAULT SYS_CONTEXT('USERENV', 'CURRENT_SCHEMA')
939  			      )
940  	 RETURN VARCHAR2
941    ;
942  
943    /** FUNCTION otap_test.throws_like
944    * Same as otap_test.throws_ok apart from using Oracle LIKE to identify the error message.
945    *
946    * @param p_statement Mandatory. The statement as string to execute. Can be a select statement or function/procedure call. No need to proovide a begin end block. Syntax should be checked or will cause unexpected exceptions.
947    * @param p_like_sqlerrm Mandatory. The LIKE expression to match the expected error message as returned by SQLERRM after a provoked exception.
948    * @param p_case_sensitive Optional defines that the compared result is handled as case sensitive, if set to otap_constants.OTAP_NUM_TRUE.
949    * @param p_header_def Optional valid header definition (test result is undefined if header is not valid) for function or procedure tests to support OUT and return variables.
950    * @param p_description The test description if any. If not given, a description is generated, see template.
951    * @param p_expected_result The expected test result as number. Default is test passed. See otap_constants.
952    * @param p_schema A schema override of the current test session if needed, taken as is. Compares are not clearly associated to a schema. Case sensitive.
953    *
954    * @return The test result as text.
955    *
956    * Example (english message)
957    * SELECT otap_test.throws_like('SELECT 1/0 FROM dual', '%-01476: divisor is equal to zero%') FROM dual;
958    */
959    FUNCTION throws_like( p_statement       IN VARCHAR2
960  			   , p_like_sqlerrm    IN VARCHAR2
961  			   , p_case_sensitive  IN NUMBER   DEFAULT otap_constants.OTAP_NUM_FALSE
962  			   , p_header_def      IN VARCHAR2 DEFAULT NULL
963  			   , p_description     IN VARCHAR2 DEFAULT NULL
964  			   , p_expected_result IN NUMBER   DEFAULT otap_constants.OTAP_NUM_TEST_PASSED
965  			   , p_schema	       IN VARCHAR2 DEFAULT SYS_CONTEXT('USERENV', 'CURRENT_SCHEMA')
966  			   )
967  	 RETURN VARCHAR2
968    ;
969  
970    /** FUNCTION otap_test.test_error
971    * Provides a possibility to report script errors to test sessions, that are not discovered by tests itself.
972    * Usually using SPERRORLOG and an error identifier during script runs or in exception blocks. Test errors
973    * are always considered as UNDEFINED as tests have not been executed as intended. Does not execute any test
974    * only writes an test error record.
975    *
976    * @param p_description Mandatory. The description of the identified error.
977    * @param p_errors Mandatory. The identified error messages like SQLERRM or MESSAGE column of SPERRORLOG.
978    * @param p_schema A schema override of the current test session if needed, taken as is. If given the table must exist in this schema. Case sensitive.
979    *
980    * @return Always an otap_constants.OTAP_NUM_TEST_UNDEFINED result message using the description given.
981    */
982    FUNCTION test_error( p_description IN VARCHAR2
983  			  , p_errors	  IN VARCHAR2
984  			  , p_schema	  IN VARCHAR2 DEFAULT NULL
985  			  )
986  	 RETURN VARCHAR2
987    ;
988  
989    /** FUNCTION otap_test.test_error_check
990    * Provides a possibility to check counts on error tables to be reported in the test setup section.
991    * Using otap_test.is_eq in the NUMBER parameter version but adjusts automatically the test set, group and name.
992    *
993    * @param p_have Mandatory. The numeric data to check.
994    * @param p_want Mandatory. The expected numeric data.
995    * @param p_description Mandatory. The description of the identified error.
996    * @param p_schema A schema override of the current test session if needed, taken as is. If given the table must exist in this schema. Case sensitive.
997    *
998    * @return The test result as text.
999    */
1000  	FUNCTION test_error_check( p_have	 IN NUMBER
1001  				 , p_want	 IN NUMBER
1002  				 , p_description IN VARCHAR2
1003  				 , p_schema	 IN VARCHAR2 DEFAULT NULL
1004  				 )
1005  	  RETURN VARCHAR2
1006  	;
1007  
1008  	-- generate functionality, all generate functions only require the otap user role as they operate on meta data
1009  
1010  	/** PROCEDURE otap_test.generate_set_type
1011  	* Sets the generation type. Default is script (S). Options are procedure (P) or function (F).
1012  	* Fallback on errors is script. This setting is only valid within the current session.
1013  	*
1014  	* @param p_gen_type A valid generation type. See otap_constants.OTAP_GEN_TYPE_ variables.
1015  	*/
1016  	PROCEDURE generate_set_type(p_gen_type IN VARCHAR2);
1017  
1018  	/** FUNCTION otap_test.generate_type
1019  	* @return The current active generation type for the current session.
1020  	*/
1021  	FUNCTION generate_type
1022  	  RETURN VARCHAR2
1023  	;
1024  
1025  	/** FUNCTION otap_test.generate_schema_tests
1026  	* Generates the test scripts for the current available otap schema functions using by default the current
1027  	* schema. Test set gets defined as schema, group represents the object types, like tables, triggers and so on.
1028  	* No translation provided. Limited to line size 4000 but not to rows, like DBMS_OUTPUT. It is up to you how you
1029  	* spool the content to files.
1030  	*
1031  	* Including system generated objects is a good idea if your system is stable and you want to ensure that no one
1032  	* changed the current state. With CI/CD or during development, when objects get recreated, it is a really bad idea.
1033  	* Excluded by default are objects beginning with SYS_ for system generated object or containing $ or # chars, which
1034  	* may occur anywhere in the name of system objects.
1035  	*
1036  	* There is no best option, some constraints like NOT NULL must be defined inline to count a column as NOT NULL.
1037  	* With an additional added constraint, the column will be still marked as NULLABLE. Identity columns are another
1038  	* issue, as you cannot define a name for the generated sequence. Make extra tests limited on the system generated
1039  	* objects you rely on (like NOT NULL and identity).
1040  	*
1041  	* @param p_like_schema The LIKE expression for schema names. Default is current schema. % will generate for all schemas in the database, be careful. Underlying objects are not limited. Case sensitive.
1042  	* @param p_required_user An optional comma separated list of users required to be checked by the schema test. Will not include the selected schemas. Useful for specific schemas and integration tests.
1043  	* @param p_title_prefix An optional title prefix for set, group and test names. Limited to 10 chars. Will be added without delimiter to the processed schema.
1044  	* @param p_show_header Used to surpress header comments, init, count and finish section. Default 1 will contain all sections, otherwise skipped.
1045  	* @param p_excl_sysgen Used to ignore system generated objects identified by SYS_, # or $. Default 1 will ignore system generated objects, otherwise included.
1046  	*
1047  	* @return An OTAP_VIEW_RESULT_REC object as table type OTAP_VIEW_RESULT_TBL.
1048  	*/
1049  	FUNCTION generate_schema_tests( p_like_schema	IN VARCHAR2 DEFAULT SYS_CONTEXT('USERENV', 'CURRENT_SCHEMA')
1050  				      , p_required_user IN VARCHAR2 DEFAULT NULL
1051  				      , p_title_prefix	IN VARCHAR2 DEFAULT NULL
1052  				      , p_show_header	IN INTEGER  DEFAULT otap_constants.OTAP_NUM_TRUE
1053  				      , p_excl_sysgen	IN INTEGER  DEFAULT otap_constants.OTAP_NUM_TRUE
1054  				      )
1055  	  RETURN otap_view_result_tbl PIPELINED
1056  	;
1057  
1058  	/** FUNCTION otap_test.generate_table_tests
1059  	* Generates the test scripts for the tables of the given schema with the current available
1060  	* otap schema functions. Provides set (schema), group (tables) and name (table name) management.
1061  	* Limited to line size 4000 but not to rows, like DBMS_OUTPUT. It is up to you how
1062  	* you spool the content to files.
1063  	*
1064  	* @param p_like_table The LIKE expression for tables names for the given schema. Default is %, all tables. Underlying objects like columns are not limited. Case sensitive.
1065  	* @param p_schema Mandatory. The schema to generate the table tests for. Default is current schema.
1066  	* @param p_title_prefix An optional title prefix for group and test names. Limited to 10 chars. Will be added without delimiter to the test set created.
1067  	* @param p_show_header Used to surpress header comments, init, count and finish section. Default 1 will contain all sections, otherwise skipped.
1068  	* @param p_excl_sysgen Used to ignore system generated objects identified by SYS_, # or $. Default 1 will ignore system generated objects, otherwise included.
1069  	*
1070  	* @return An OTAP_VIEW_RESULT_REC object as table type OTAP_VIEW_RESULT_TBL.
1071  	*/
1072  	FUNCTION generate_table_tests( p_like_table    IN VARCHAR2 DEFAULT '%'
1073  				     , p_schema        IN VARCHAR2 DEFAULT SYS_CONTEXT('USERENV', 'CURRENT_SCHEMA')
1074  				     , p_title_prefix  IN VARCHAR2 DEFAULT NULL
1075  				     , p_show_header   IN INTEGER  DEFAULT otap_constants.OTAP_NUM_TRUE
1076  				     , p_excl_sysgen   IN INTEGER  DEFAULT otap_constants.OTAP_NUM_TRUE
1077  				     )
1078  	  RETURN otap_view_result_tbl PIPELINED
1079  	;
1080  
1081  	/** FUNCTION otap_test.generate_column_tests
1082  	* Generates the test scripts for the columns of a given table and schema with the current available
1083  	* otap schema functions. Provides set (schema), group (tables) and name (table name) management. Limited
1084  	* to line size 4000 but not to rows, like DBMS_OUTPUT. It is up to you how you spool the content to files.
1085  	*
1086  	* @param p_table Mandatory. The table name to get column tests for. Case sensitive.
1087  	* @param p_like_column The LIKE expression for column names for the given schema and table. Can also be a specific column name. Default is %, all columns. Underlying objects are not limited. Case sensitive.
1088  	* @param p_schema Mandatory. The schema to generate the column tests for. Default is current schema.
1089  	* @param p_title_prefix An optional title prefix for group and test names. Limited to 10 chars.
1090  	* @param p_show_header Used to surpress header comments, init, count and finish section. Default 1 will contain all sections, otherwise skipped.
1091  	* @param p_excl_sysgen Used to ignore system generated objects identified by SYS_, # or $. Default 1 will ignore system generated objects, otherwise included.
1092  	*
1093  	* @return An OTAP_VIEW_RESULT_REC object as table type OTAP_VIEW_RESULT_TBL.
1094  	*/
1095  	FUNCTION generate_column_tests( p_table 	IN VARCHAR2
1096  				      , p_like_column	IN VARCHAR2 DEFAULT '%'
1097  				      , p_schema	IN VARCHAR2 DEFAULT SYS_CONTEXT('USERENV', 'CURRENT_SCHEMA')
1098  				      , p_title_prefix	IN VARCHAR2 DEFAULT NULL
1099  				      , p_show_header	IN INTEGER  DEFAULT otap_constants.OTAP_NUM_TRUE
1100  				      , p_excl_sysgen	IN INTEGER  DEFAULT otap_constants.OTAP_NUM_TRUE
1101  				      )
1102  	  RETURN otap_view_result_tbl PIPELINED
1103  	;
1104  
1105  	/** FUNCTION otap_test.generate_trigger_tests
1106  	* Generates the test scripts for the trigger of the given schema with the current available otap schema functions.
1107  	* Provides set (schema), group (triggers) and name (table trigger, non table trigger) management. Limited to line
1108  	* size 4000 but not to rows, like DBMS_OUTPUT. It is up to you how you spool the content to files.
1109  	*
1110  	* @param p_like_trigger The like expression for the trigger to generate tests for the given schema. Can also be a specific trigger name. Default is %, all trigger. Underlying objects are not limited. Case sensitive.
1111  	* @param p_schema The schema to generate the trigger tests for. Default is current schema.
1112  	* @param p_title_prefix An optional title prefix for group and test names. Limited to 10 chars.
1113  	* @param p_show_header Used to surpress header comments, init, count and finish section. Default 1 will contain all sections, otherwise skipped.
1114  	* @param p_excl_sysgen Used to ignore system generated objects identified by SYS_, # or $. Default 1 will ignore system generated objects, otherwise included.
1115  	*
1116  	* @return An OTAP_VIEW_RESULT_REC object as table type OTAP_VIEW_RESULT_TBL.
1117  	*/
1118  	FUNCTION generate_trigger_tests( p_like_trigger  IN VARCHAR2 DEFAULT '%'
1119  				       , p_schema	 IN VARCHAR2 DEFAULT SYS_CONTEXT('USERENV', 'CURRENT_SCHEMA')
1120  				       , p_title_prefix  IN VARCHAR2 DEFAULT NULL
1121  				       , p_show_header	 IN INTEGER  DEFAULT otap_constants.OTAP_NUM_TRUE
1122  				       , p_excl_sysgen	 IN INTEGER  DEFAULT otap_constants.OTAP_NUM_TRUE
1123  				       )
1124  	  RETURN otap_view_result_tbl PIPELINED
1125  	;
1126  
1127  	/** FUNCTION otap_test.generate_package_tests
1128  	* Generates the test scripts for the packages of the given schema with the current available
1129  	* otap schema functions. Provides set (schema), group (package) and name (package function and procedures) management.
1130  	* Limited to line size 4000 but not to rows, like DBMS_OUTPUT. It is up to you how
1131  	* you spool the content to files.
1132  	*
1133  	* @param p_like_package The like expression for the package to generate tests for the given schema. Can also be a specific package name. Default is %, all packages. Underlying objects are not limited. Case sensitive.
1134  	* @param p_schema The schema to generate the package tests for. Default is current schema.
1135  	* @param p_title_prefix An optional title prefix for group and test names. Limited to 10 chars.
1136  	* @param p_show_header Used to surpress header comments, init, count and finish section. Default 1 will contain all sections, otherwise skipped.
1137  	* @param p_excl_sysgen Used to ignore system generated objects identified by SYS_, # or $. Default 1 will ignore system generated objects, otherwise included.
1138  	*
1139  	* @return An OTAP_VIEW_RESULT_REC object as table type OTAP_VIEW_RESULT_TBL.
1140  	*/
1141  	FUNCTION generate_package_tests( p_like_package  IN VARCHAR2 DEFAULT '%'
1142  				       , p_schema	 IN VARCHAR2 DEFAULT SYS_CONTEXT('USERENV', 'CURRENT_SCHEMA')
1143  				       , p_title_prefix  IN VARCHAR2 DEFAULT NULL
1144  				       , p_show_header	 IN INTEGER  DEFAULT otap_constants.OTAP_NUM_TRUE
1145  				       , p_excl_sysgen	 IN INTEGER  DEFAULT otap_constants.OTAP_NUM_TRUE
1146  				       )
1147  	  RETURN otap_view_result_tbl PIPELINED
1148  	;
1149  
1150  	/** FUNCTION otap_test.generate_procedure_tests
1151  	* Generates the test scripts for the procedures and functions, including packages. with the current available
1152  	* otap schema functions. Provides set (schema), group (procedures) and names (function, procedure, package type) management.
1153  	* Limited to line size 4000 but not to rows, like DBMS_OUTPUT. It is up to you how you spool the content to files.
1154  	*
1155  	* @param p_like_procedure The like expression for the procedure (function, procedure, package type) to generate tests for the given schema. Can also be a specific procedure name. Default is %, all procedures. Underlying objects are not limited. Case sensitive.
1156  	* @param p_package_name Optional. Package name for the functions and procedures. Case sensitive.
1157  	* @param p_schema The schema to generate the package tests for. Default is current schema.
1158  	* @param p_title_prefix An optional title prefix for group and test names. Limited to 10 chars.
1159  	* @param p_show_header Used to surpress header comments, init, count and finish section. Default 1 will contain all sections, otherwise skipped.
1160  	* @param p_excl_sysgen Used to ignore system generated objects identified by SYS_ or $. Default 1 will ignore system generated objects, otherwise included.
1161  	*
1162  	* @return An OTAP_VIEW_RESULT_REC object as table type OTAP_VIEW_RESULT_TBL.
1163  	*/
1164  	FUNCTION generate_procedure_tests( p_like_procedure IN VARCHAR2 DEFAULT '%'
1165  					 , p_package_name   IN VARCHAR	DEFAULT NULL
1166  					 , p_schema	    IN VARCHAR2 DEFAULT SYS_CONTEXT('USERENV', 'CURRENT_SCHEMA')
1167  					 , p_title_prefix   IN VARCHAR2 DEFAULT NULL
1168  					 , p_show_header    IN INTEGER	DEFAULT otap_constants.OTAP_NUM_TRUE
1169  					 , p_excl_sysgen    IN INTEGER	DEFAULT otap_constants.OTAP_NUM_TRUE
1170  					 )
1171  	  RETURN otap_view_result_tbl PIPELINED
1172  	;
1173  
1174  	/** FUNCTION otap_test.generate_view_tests
1175  	* Generates the test scripts for the views of the given schema with the current available otap schema functions.
1176  	* Provides set (schema), group (views) and name (view name) management. Limited to line size 4000 but not to rows,
1177  	* like DBMS_OUTPUT. It is up to you how you spool the content to files.
1178  	*
1179  	* @param p_like_view The like expression for the views to generate tests for the given schema. Can also be a specific view name. Default is %, all views. Underlying objects are not limited. Case sensitive.
1180  	* @param p_schema The schema to generate the view tests for. Default is current schema.
1181  	* @param p_title_prefix An optional title prefix for group and test names. Limited to 10 chars.
1182  	* @param p_show_header Used to surpress header comments, init, count and finish section. Default 1 will contain all sections, otherwise skipped.
1183  	* @param p_excl_sysgen Used to ignore system generated objects identified by SYS_ or $. Default 1 will ignore system generated objects, otherwise included.
1184  	*
1185  	* @return An OTAP_VIEW_RESULT_REC object as table type OTAP_VIEW_RESULT_TBL.
1186  	*/
1187  	FUNCTION generate_view_tests( p_like_view     IN VARCHAR2 DEFAULT '%'
1188  				    , p_schema	      IN VARCHAR2 DEFAULT SYS_CONTEXT('USERENV', 'CURRENT_SCHEMA')
1189  				    , p_title_prefix  IN VARCHAR2 DEFAULT NULL
1190  				    , p_show_header   IN INTEGER  DEFAULT otap_constants.OTAP_NUM_TRUE
1191  				    , p_excl_sysgen   IN INTEGER  DEFAULT otap_constants.OTAP_NUM_TRUE
1192  				    )
1193  	  RETURN otap_view_result_tbl PIPELINED
1194  	;
1195  
1196  	/** FUNCTION otap_test.generate_schema_user_test
1197  	* Generates the test script for the schema user processed.
1198  	* Provides group (users) and name (simple user checks) management.
1199  	* Limited to line size 4000 but not to rows, like DBMS_OUTPUT. It is up to you how
1200  	* you spool the content to files.
1201  	*
1202  	* @param p_schema The schema to generate the user test for.
1203  	* @param p_title_prefix An optional title prefix for group and test names. Limited to 10 chars.
1204  	* @param p_show_header Used to surpress header comments, init, count and finish section. Default 1 will contain all sections, otherwise skipped.
1205  	*
1206  	* @return An OTAP_VIEW_RESULT_REC object as table type OTAP_VIEW_RESULT_TBL.
1207  	*/
1208  	FUNCTION generate_schema_user_test( p_schema	    IN VARCHAR2 DEFAULT NULL
1209  					  , p_title_prefix  IN VARCHAR2 DEFAULT NULL
1210  					  , p_show_header   IN INTEGER	DEFAULT otap_constants.OTAP_NUM_TRUE
1211  					  )
1212  	  RETURN otap_view_result_tbl PIPELINED
1213  	;
1214  
1215  	/** FUNCTION otap_test.generate_scheduler_job_tests
1216  	* Generates the test scripts for the scheduler jobs of the given schema with the current available
1217  	* otap schema functions. Provides name (scheduler jobs) management. Limited to line size 4000 but not
1218  	* to rows, like DBMS_OUTPUT. It is up to you how you spool the content to files.
1219  	*
1220  	* @param p_like_job The like expression for the scheduler jobs to generate tests for. Can also be a specific scheduler job name. Case sensitive.
1221  	* @param p_schema The schema to generate the scheduler job tests for. Default is current schema.
1222  	* @param p_title_prefix An optional title prefix for group and test names. Limited to 10 chars.
1223  	* @param p_show_header Used to surpress header comments, init, count and finish section. Default 1 will contain all sections, otherwise skipped.
1224  	* @param p_excl_sysgen Used to ignore system generated objects identified by SYS_ or $. Default 1 will ignore system generated objects, otherwise included.
1225  	*
1226  	* @return An OTAP_VIEW_RESULT_REC object as table type OTAP_VIEW_RESULT_TBL.
1227  	*/
1228  	FUNCTION generate_scheduler_job_tests( p_like_job      IN VARCHAR2 DEFAULT '%'
1229  					     , p_schema        IN VARCHAR2 DEFAULT SYS_CONTEXT('USERENV', 'CURRENT_SCHEMA')
1230  					     , p_title_prefix  IN VARCHAR2 DEFAULT NULL
1231  					     , p_show_header   IN INTEGER  DEFAULT otap_constants.OTAP_NUM_TRUE
1232  					     , p_excl_sysgen   IN INTEGER  DEFAULT otap_constants.OTAP_NUM_TRUE
1233  					     )
1234  	  RETURN otap_view_result_tbl PIPELINED
1235  	;
1236  
1237  	/** FUNCTION otap_test.generate_related_user_tests
1238  	* Generates the simple test scripts for a user list to be processed. User names will only be checked for user name and open account status.
1239  	* Provides group (schema user) and name (schema user check) management.
1240  	* Limited to line size 4000 but not to rows, like DBMS_OUTPUT. It is up to you how
1241  	* you spool the content to files.
1242  	*
1243  	* @param p_user_list The comma separated user list to generate the simple user tests for.
1244  	* @param p_title_prefix An optional title prefix for group and test names. Limited to 10 chars.
1245  	* @param p_show_header Used to surpress header comments, init, count and finish section. Default 1 will contain all sections, otherwise skipped.
1246  	*
1247  	* @return An OTAP_VIEW_RESULT_REC object as table type OTAP_VIEW_RESULT_TBL.
1248  	*/
1249  	FUNCTION generate_related_user_tests( p_user_list     IN VARCHAR2 DEFAULT NULL
1250  					    , p_title_prefix  IN VARCHAR2 DEFAULT NULL
1251  					    , p_show_header   IN INTEGER  DEFAULT otap_constants.OTAP_NUM_TRUE
1252  					    )
1253  	  RETURN otap_view_result_tbl PIPELINED
1254  	;
1255  
1256  	/** FUNCTION otap_test.generate_constraint_tests
1257  	* Generates the test scripts for the constraints of a given table. Even if system objects are excluded, the generator will create
1258  	* tests for system generated NOT NULL constraints, using all parameters apart the constraint name. Provides
1259  	* group (constraints) and name (constraint type) management. Limited to line size 4000 but not to rows,
1260  	* like DBMS_OUTPUT. It is up to you how you spool the content to files.
1261  	*
1262  	* @param p_table Mandatory. The table name to get constraint tests for. Case sensitive.
1263  	* @param p_like_constraints The like expression for the constraints to generate tests for. Can also be a specific constraint name. Case sensitive.
1264  	* @param p_schema The schema to generate the constraint tests for. Default is current schema.
1265  	* @param p_title_prefix An optional title prefix for group and test names. Limited to 10 chars.
1266  	* @param p_show_header Used to surpress header comments, init, count and finish section. Default 1 will contain all sections, otherwise skipped.
1267  	* @param p_excl_sysgen Used to ignore system generated objects identified by SYS_ or $. Default 1 will ignore system generated objects, otherwise included.
1268  	*
1269  	* @return An OTAP_VIEW_RESULT_REC object as table type OTAP_VIEW_RESULT_TBL.
1270  	*/
1271  	FUNCTION generate_constraint_tests( p_table	       IN VARCHAR2
1272  					  , p_like_constraints IN VARCHAR2 DEFAULT '%'
1273  					  , p_schema	       IN VARCHAR2 DEFAULT SYS_CONTEXT('USERENV', 'CURRENT_SCHEMA')
1274  					  , p_title_prefix     IN VARCHAR2 DEFAULT NULL
1275  					  , p_show_header      IN INTEGER  DEFAULT otap_constants.OTAP_NUM_TRUE
1276  					  , p_excl_sysgen      IN INTEGER  DEFAULT otap_constants.OTAP_NUM_TRUE
1277  					  )
1278  	  RETURN otap_view_result_tbl PIPELINED
1279  	;
1280  
1281  	/** FUNCTION otap_test.generate_index_tests
1282  	* Generates the test scripts for the indexes of a given table. Limited to line size 4000 but not to rows,
1283  	* like DBMS_OUTPUT. It is up to you how you spool the content to files.
1284  	*
1285  	* @param p_table Mandatory. The table name to get index tests for. Case sensitive.
1286  	* @param p_like_index The like expression for the indexes to generate tests for. Can also be a specific index name. Case sensitive.
1287  	* @param p_schema The schema to generate the index tests for. Default is current schema.
1288  	* @param p_title_prefix An optional title prefix for group and test names. Limited to 10 chars.
1289  	* @param p_show_header Used to surpress header comments, init, count and finish section. Default 1 will contain all sections, otherwise skipped.
1290  	* @param p_excl_sysgen Used to ignore system generated objects identified by SYS_ or $. Default 1 will ignore system generated objects, otherwise included.
1291  	*
1292  	* @return An OTAP_VIEW_RESULT_REC object as table type OTAP_VIEW_RESULT_TBL.
1293  	*/
1294  	FUNCTION generate_index_tests( p_table	       IN VARCHAR2
1295  				     , p_like_index    IN VARCHAR2 DEFAULT '%'
1296  				     , p_schema        IN VARCHAR2 DEFAULT SYS_CONTEXT('USERENV', 'CURRENT_SCHEMA')
1297  				     , p_title_prefix  IN VARCHAR2 DEFAULT NULL
1298  				     , p_show_header   IN INTEGER  DEFAULT otap_constants.OTAP_NUM_TRUE
1299  				     , p_excl_sysgen   IN INTEGER  DEFAULT otap_constants.OTAP_NUM_TRUE
1300  				     )
1301  	  RETURN otap_view_result_tbl PIPELINED
1302  	;
1303  
1304  	/** FUNCTION otap_test.generate_type_tests
1305  	* Generates the test scripts for the types of the given schema with the current available
1306  	* otap schema functions. Provides name (types) management. Limited to line size 4000 but not
1307  	* to rows, like DBMS_OUTPUT. It is up to you how you spool the content to files.
1308  	*
1309  	* @param p_like_type The like expression for the types to generate tests for. Can also be a specific type name. Case sensitive.
1310  	* @param p_schema The schema to generate the type tests for. Default is current schema.
1311  	* @param p_title_prefix An optional title prefix for group and test names. Limited to 10 chars.
1312  	* @param p_show_header Used to surpress header comments, init, count and finish section. Default 1 will contain all sections, otherwise skipped.
1313  	* @param p_excl_sysgen Used to ignore system generated objects identified by SYS_ or $. Default 1 will ignore system generated objects, otherwise included.
1314  	*
1315  	* @return An OTAP_VIEW_RESULT_REC object as table type OTAP_VIEW_RESULT_TBL.
1316  	*/
1317  	FUNCTION generate_type_tests( p_like_type     IN VARCHAR2 DEFAULT '%'
1318  				    , p_schema	      IN VARCHAR2 DEFAULT SYS_CONTEXT('USERENV', 'CURRENT_SCHEMA')
1319  				    , p_title_prefix  IN VARCHAR2 DEFAULT NULL
1320  				    , p_show_header   IN INTEGER  DEFAULT otap_constants.OTAP_NUM_TRUE
1321  				    , p_excl_sysgen   IN INTEGER  DEFAULT otap_constants.OTAP_NUM_TRUE
1322  				    )
1323  	  RETURN otap_view_result_tbl PIPELINED
1324  	;
1325  
1326  	/** FUNCTION otap_test.generate_sequence_tests
1327  	* Generates the test scripts for the sequences of the given schema with the current available
1328  	* otap schema functions. Provides name (sequences) management. Limited to line size 4000 but not
1329  	* to rows, like DBMS_OUTPUT. It is up to you how you spool the content to files.
1330  	*
1331  	* @param p_like_sequence The like expression for the sequences to generate tests for. Can also be a specific sequence name. Case sensitive.
1332  	* @param p_schema The schema to generate the sequence tests for. Default is current schema.
1333  	* @param p_title_prefix An optional title prefix for group and test names. Limited to 10 chars.
1334  	* @param p_show_header Used to surpress header comments, init, count and finish section. Default 1 will contain all sections, otherwise skipped.
1335  	* @param p_excl_sysgen Used to ignore system generated objects identified by SYS_ or $. Default 1 will ignore system generated objects, otherwise included.
1336  	*
1337  	* @return An OTAP_VIEW_RESULT_REC object as table type OTAP_VIEW_RESULT_TBL.
1338  	*/
1339  	FUNCTION generate_sequence_tests( p_like_sequence IN VARCHAR2 DEFAULT '%'
1340  					, p_schema	  IN VARCHAR2 DEFAULT SYS_CONTEXT('USERENV', 'CURRENT_SCHEMA')
1341  					, p_title_prefix  IN VARCHAR2 DEFAULT NULL
1342  					, p_show_header   IN INTEGER  DEFAULT otap_constants.OTAP_NUM_TRUE
1343  					, p_excl_sysgen   IN INTEGER  DEFAULT otap_constants.OTAP_NUM_TRUE
1344  					)
1345  	  RETURN otap_view_result_tbl PIPELINED
1346  	;
1347  
1348  END;
1349  /

Package created.

SQL> GRANT EXECUTE ON otap_test TO &OTAP_ROLE;
old   1: GRANT EXECUTE ON otap_test TO &OTAP_ROLE
new   1: GRANT EXECUTE ON otap_test TO OTAP_USER

Grant succeeded.

SQL> @@../otap_ddl/packages/otap_test.pkb
SQL> -- (C) 2024 Michael Lindenau licensed via https://www.gnu.org/licenses/agpl-3.0.txt
SQL> -- and https://toent.ch/licenses/AI_DISCLOSURE_LICENSE_V1
SQL> -- Not allowed to be used as AI training material without explicite permission.
SQL> CREATE OR REPLACE PACKAGE BODY otap_test
  2  AS
  3    -- for description see header file
  4    --========= package session variables =========--
  5    -- define private package sesstion variables and set defaults
  6    session_record OTAP_SESSION := otap_session( SYS_CONTEXT('USERENV', 'SESSION_USER')
  7  						  , otap_constants.OTAP_FALLBACK_DEFAULT_TEST_SET
  8  						  , otap_constants.OTAP_FALLBACK_DEFAULT_TEST_GROUP
  9  						  , otap_constants.OTAP_FALLBACK_DEFAULT_TEST_NAME
 10  						  , SYS_CONTEXT('USERENV', 'CURRENT_USER')
 11  						  , SYS_CONTEXT('USERENV', 'CURRENT_SCHEMA')
 12  						  , otap_constants.OTAP_FALLBACK_DEFAULT_PREFIX
 13  						  , otap_constants.OTAP_INTERNAL_NA
 14  						  , 0
 15  						  , 0
 16  						  , FALSE
 17  						  , TRUE
 18  						  , FALSE
 19  						  , SYSDATE
 20  						  , 0
 21  						  , 0
 22  						  , 0
 23  						  )
 24    ;
 25  
 26    FUNCTION init_test( p_test_count      IN NUMBER	 DEFAULT 0
 27  			 , p_test_set	     IN VARCHAR2 DEFAULT otap_constants.OTAP_FALLBACK_DEFAULT_TEST_SET
 28  			 , p_test_group      IN VARCHAR2 DEFAULT otap_constants.OTAP_FALLBACK_DEFAULT_TEST_GROUP
 29  			 , p_test_name	     IN VARCHAR2 DEFAULT otap_constants.OTAP_FALLBACK_DEFAULT_TEST_NAME
 30  			 , p_prefix	     IN VARCHAR2 DEFAULT otap_constants.OTAP_FALLBACK_DEFAULT_PREFIX
 31  			 , p_language_id     IN VARCHAR2 DEFAULT otap_constants.OTAP_INTERNAL_NA
 32  			 , p_name_precedence IN NUMBER	 DEFAULT otap_constants.OTAP_NUM_TRUE
 33  			 , p_include_pkg     IN NUMBER	 DEFAULT otap_constants.OTAP_NUM_FALSE
 34  			 , p_persist	     IN NUMBER	 DEFAULT otap_constants.OTAP_NUM_FALSE
 35  			 , p_schema	     IN VARCHAR2 DEFAULT SYS_CONTEXT('USERENV', 'CURRENT_SCHEMA')
 36  			 , p_user	     IN VARCHAR2 DEFAULT SYS_CONTEXT('USERENV', 'CURRENT_USER')
 37  			 , p_executor	     IN VARCHAR2 DEFAULT SYS_CONTEXT('USERENV', 'SESSION_USER')
 38  			 )
 39  	 RETURN VARCHAR2
 40    IS
 41  	 l_message VARCHAR2(4000 CHAR);
 42    BEGIN
 43  	 otap_api.validate_otap(session_record);
 44  	 l_message := otap_api.init_test( NVL(p_test_count, 0)
 45  					, NVL(p_test_set, otap_constants.OTAP_FALLBACK_DEFAULT_TEST_SET)
 46  					, NVL(p_test_group, otap_constants.OTAP_FALLBACK_DEFAULT_TEST_GROUP)
 47  					, NVL(p_test_name, otap_constants.OTAP_FALLBACK_DEFAULT_TEST_NAME)
 48  					, NVL(p_prefix, otap_constants.OTAP_FALLBACK_DEFAULT_PREFIX)
 49  					, NVL(p_language_id, otap_constants.OTAP_INTERNAL_NA)
 50  					, NVL(p_name_precedence, otap_constants.OTAP_NUM_TRUE)
 51  					, NVL(p_include_pkg, otap_constants.OTAP_NUM_FALSE)
 52  					, NVL(p_persist, otap_constants.OTAP_NUM_FALSE)
 53  					, p_schema
 54  					, p_user
 55  					, p_executor
 56  					, session_record
 57  					)
 58  	 ;
 59  	 RETURN l_message;
 60    EXCEPTION
 61  	 WHEN OTHERS THEN
 62  	   IF SQLCODE != -20099
 63  	   THEN
 64  	     otap_log.log(SQLERRM, 'otap_test.init_test', 'l_message := otap_api.init_test( p_test_count ...');
 65  	   END IF;
 66  	   RAISE;
 67    END init_test;
 68  
 69    FUNCTION finish_test(p_write_count_rec IN NUMBER DEFAULT otap_constants.OTAP_NUM_TRUE)
 70  	 RETURN VARCHAR2
 71    IS
 72  	 l_message VARCHAR2(4000 CHAR);
 73    BEGIN
 74  	 otap_api.validate_otap(session_record);
 75  	 l_message := otap_api.finish_test(p_write_count_rec, session_record);
 76  	 RETURN l_message;
 77    EXCEPTION
 78  	 WHEN OTHERS THEN
 79  	   IF SQLCODE != -20099
 80  	   THEN
 81  	     otap_log.log(SQLERRM, 'otap_test.finish_test', 'l_message := otap_api.finish_test(p_write_count_rec, session_record)');
 82  	   END IF;
 83  	   RAISE;
 84    END finish_test;
 85  
 86    FUNCTION finish_test_with_exit_code(p_write_count_rec IN NUMBER DEFAULT otap_constants.OTAP_NUM_TRUE)
 87  	 RETURN NUMBER
 88    IS
 89  	 l_return INTEGER;
 90    BEGIN
 91  	 otap_api.validate_otap(session_record);
 92  	 l_return := otap_api.finish_test_with_exit_code(p_write_count_rec, session_record);
 93  	 RETURN l_return;
 94    EXCEPTION
 95  	 WHEN OTHERS THEN
 96  	   IF SQLCODE != -20099
 97  	   THEN
 98  	     otap_log.log(SQLERRM, 'otap_test.finish_test_with_exit_code', 'l_message := otap_api.finish_test_with_exit_code(p_write_count_rec, session_record)');
 99  	   END IF;
100  	   RAISE;
101    END finish_test_with_exit_code;
102  
103    FUNCTION result_view(p_session_id IN NUMBER)
104  	 RETURN otap_view_result_tbl PIPELINED
105    IS
106  	 l_text_column	VARCHAR2(4000 CHAR);
107  	 CURSOR cur_report( cp_session_id  IN NUMBER
108  			  , cp_language_id IN VARCHAR2
109  			  )
110  	 IS
111  	   SELECT result_text
112  		, result_errors
113  	     FROM TABLE(otap_api.result_view(cp_session_id, cp_language_id))
114  	 ;
115    BEGIN
116  	 FOR rec IN cur_report(p_session_id, session_record.session_language)
117  	 LOOP
118  	   PIPE ROW (otap_view_result_rec(rec.result_text, rec.result_errors));
119  	 END LOOP;
120  	 RETURN;
121    EXCEPTION
122  	 WHEN NO_DATA_NEEDED THEN
123  	   RAISE;
124  	 WHEN OTHERS THEN
125  	   IF SQLCODE != -20099
126  	   THEN
127  	     otap_log.log(SQLERRM, 'otap_test.result_view', 'Unhandled exception otap_test.result_view');
128  	   END IF;
129  	   RAISE;
130    END result_view;
131  
132    FUNCTION current_settings
133  	 RETURN VARCHAR2
134    IS
135  	 l_message VARCHAR2(4000 CHAR);
136    BEGIN
137  	 otap_api.validate_otap(session_record);
138  	 l_message := otap_api.otap_session_show(session_record);
139  	 RETURN l_message;
140    EXCEPTION
141  	 WHEN OTHERS THEN
142  	   IF SQLCODE != -20099
143  	   THEN
144  	     otap_log.log(SQLERRM, 'otap_test.current_settings', 'l_message := otap_api.otap_session_show(session_record)');
145  	   END IF;
146  	   RAISE;
147    END current_settings;
148  
149    FUNCTION current_summary
150  	 RETURN VARCHAR2
151    IS
152  	 l_message VARCHAR2(4000 CHAR);
153    BEGIN
154  	 otap_api.validate_otap(session_record);
155  	 l_message := otap_api.otap_session_summary(session_record);
156  	 RETURN l_message;
157    EXCEPTION
158  	 WHEN OTHERS THEN
159  	   IF SQLCODE != -20099
160  	   THEN
161  	     otap_log.log(SQLERRM, 'otap_test.current_summary', 'l_message := otap_api.otap_session_summary(session_record)');
162  	   END IF;
163  	   RAISE;
164    END current_summary;
165  
166    FUNCTION set_test_name(p_test_name IN VARCHAR2)
167  	 RETURN VARCHAR2
168    IS
169  	 l_message VARCHAR2(4000 CHAR);
170    BEGIN
171  	 otap_api.validate_otap(session_record);
172  	 l_message := otap_api.otap_session_set_test_name(p_test_name, session_record);
173  	 RETURN l_message;
174    EXCEPTION
175  	 WHEN OTHERS THEN
176  	   IF SQLCODE != -20099
177  	   THEN
178  	     otap_log.log(SQLERRM, 'otap_test.set_test_name', 'l_message := otap_api.otap_session_set_test_name(p_test_name, session_record)');
179  	   END IF;
180  	   RAISE;
181    END set_test_name;
182  
183    FUNCTION set_test_group(p_test_group IN VARCHAR2)
184  	 RETURN VARCHAR2
185    IS
186  	 l_message VARCHAR2(4000 CHAR);
187    BEGIN
188  	 otap_api.validate_otap(session_record);
189  	 l_message := otap_api.otap_session_set_test_group(p_test_group, session_record);
190  	 RETURN l_message;
191    EXCEPTION
192  	 WHEN OTHERS THEN
193  	   IF SQLCODE != -20099
194  	   THEN
195  	     otap_log.log(SQLERRM, 'otap_test.set_test_group', 'l_message := otap_api.otap_session_set_test_group(p_test_group, session_record)');
196  	   END IF;
197  	   RAISE;
198    END set_test_group;
199  
200    FUNCTION set_test_set(p_test_set IN VARCHAR2)
201  	 RETURN VARCHAR2
202    IS
203  	 l_message VARCHAR2(4000 CHAR);
204    BEGIN
205  	 otap_api.validate_otap(session_record);
206  	 l_message := otap_api.otap_session_set_test_set(p_test_set, session_record);
207  	 RETURN l_message;
208    EXCEPTION
209  	 WHEN OTHERS THEN
210  	   IF SQLCODE != -20099
211  	   THEN
212  	     otap_log.log(SQLERRM, 'otap_test.set_test_set', 'l_message := otap_api.otap_session_set_test_set(p_test_set, session_record)');
213  	   END IF;
214  	   RAISE;
215    END set_test_set;
216  
217    FUNCTION set_language(p_language_id IN VARCHAR2)
218  	 RETURN VARCHAR2
219    IS
220  	 l_message VARCHAR2(4000 CHAR);
221    BEGIN
222  	 otap_api.validate_otap(session_record);
223  	 l_message := otap_api.otap_session_set_language(p_language_id, session_record);
224  	 RETURN l_message;
225    EXCEPTION
226  	 WHEN OTHERS THEN
227  	   IF SQLCODE != -20099
228  	   THEN
229  	     otap_log.log(SQLERRM, 'otap_test.set_language', 'l_message := otap_api.otap_session_set_language(p_language_id, session_record)');
230  	   END IF;
231  	   RAISE;
232    END set_language;
233  
234    FUNCTION get_language
235  	 RETURN VARCHAR2
236    IS
237  	 l_return VARCHAR2(3 CHAR);
238    BEGIN
239  	 otap_api.validate_otap(session_record);
240  	 l_return := otap_api.otap_session_get_language(session_record);
241  	 RETURN l_return;
242    EXCEPTION
243  	 WHEN OTHERS THEN
244  	   IF SQLCODE != -20099
245  	   THEN
246  	     otap_log.log(SQLERRM, 'otap_test.get_language', 'l_message := otap_api.otap_session_get_language(session_record)');
247  	   END IF;
248  	   RAISE;
249    END get_language;
250  
251    FUNCTION get_schema
252  	 RETURN VARCHAR2
253    IS
254  	 l_return VARCHAR2(256 CHAR);
255    BEGIN
256  	 otap_api.validate_otap(session_record);
257  	 l_return := otap_api.otap_session_get_schema(session_record);
258  	 RETURN l_return;
259    EXCEPTION
260  	 WHEN OTHERS THEN
261  	   IF SQLCODE != -20099
262  	   THEN
263  	     otap_log.log(SQLERRM, 'otap_test.get_schema', 'l_message := otap_api.otap_session_get_schema(session_record)');
264  	   END IF;
265  	   RAISE;
266    END get_schema;
267  
268    FUNCTION get_prefix
269  	 RETURN VARCHAR2
270    IS
271  	 l_return VARCHAR2(4 CHAR);
272    BEGIN
273  	 otap_api.validate_otap(session_record);
274  	 l_return := otap_api.otap_session_get_prefix(session_record);
275  	 RETURN l_return;
276    EXCEPTION
277  	 WHEN OTHERS THEN
278  	   IF SQLCODE != -20099
279  	   THEN
280  	     otap_log.log(SQLERRM, 'otap_test.get_prefix', 'l_message := otap_api.otap_session_get_prefix(session_record)');
281  	   END IF;
282  	   RAISE;
283    END get_prefix;
284  
285    FUNCTION name_precedence
286  	 RETURN BOOLEAN
287    IS
288  	 l_return BOOLEAN;
289    BEGIN
290  	 otap_api.validate_otap(session_record);
291  	 l_return := otap_api.otap_session_name_precedence(session_record);
292  	 RETURN l_return;
293    EXCEPTION
294  	 WHEN OTHERS THEN
295  	   IF SQLCODE != -20099
296  	   THEN
297  	     otap_log.log(SQLERRM, 'otap_test.name_precedence', 'l_message := otap_api.otap_session_name_precedence(session_record)');
298  	   END IF;
299  	   RAISE;
300    END name_precedence;
301  
302    FUNCTION include_packages
303  	 RETURN BOOLEAN
304    IS
305  	 l_return BOOLEAN;
306    BEGIN
307  	 otap_api.validate_otap(session_record);
308  	 l_return := otap_api.otap_session_include_packages(session_record);
309  	 RETURN l_return;
310    EXCEPTION
311  	 WHEN OTHERS THEN
312  	   IF SQLCODE != -20099
313  	   THEN
314  	     otap_log.log(SQLERRM, 'otap_test.include_packages', 'l_message := otap_api.otap_session_include_packages(session_record)');
315  	   END IF;
316  	   RAISE;
317    END include_packages;
318  
319    FUNCTION get_session_id
320  	 RETURN NUMBER
321    IS
322  	 l_return NUMBER;
323    BEGIN
324  	 otap_api.validate_otap(session_record);
325  	 l_return := otap_api.otap_session_get_test_id(session_record);
326  	 RETURN l_return;
327    EXCEPTION
328  	 WHEN OTHERS THEN
329  	   IF SQLCODE != -20099
330  	   THEN
331  	     otap_log.log(SQLERRM, 'otap_test.get_session_id', 'l_message := otap_api.otap_session_get_test_id(session_record)');
332  	   END IF;
333  	   RAISE;
334    END get_session_id;
335  
336    FUNCTION get_report_id
337  	 RETURN NUMBER
338    IS
339  	 l_return NUMBER;
340    BEGIN
341  	 otap_api.validate_otap(session_record);
342  	 l_return := otap_api.otap_session_get_report_id(session_record);
343  	 RETURN l_return;
344    EXCEPTION
345  	 WHEN OTHERS THEN
346  	   IF SQLCODE != -20099
347  	   THEN
348  	     otap_log.log(SQLERRM, 'otap_test.get_report_id', 'l_message := otap_api.otap_session_get_report_id(session_record)');
349  	   END IF;
350  	   RAISE;
351    END get_report_id;
352  
353    FUNCTION set_active_report_id(p_report_id IN NUMBER)
354  	 RETURN VARCHAR2
355    IS
356  	 l_message VARCHAR2(4000 CHAR);
357    BEGIN
358  	 otap_api.validate_otap(session_record);
359  	 l_message := otap_api.set_active_report_id(p_report_id, session_record);
360  	 RETURN l_message;
361    EXCEPTION
362  	 WHEN OTHERS THEN
363  	   IF SQLCODE != -20099
364  	   THEN
365  	     otap_log.log(SQLERRM, 'otap_test.set_active_report_id', 'l_message := otap_api.set_active_report_id(p_report_id, session_record)');
366  	   END IF;
367  	   RAISE;
368    END set_active_report_id;
369  
370    FUNCTION has_table( p_table_name      IN VARCHAR2
371  			 , p_schema	     IN VARCHAR2 DEFAULT NULL
372  			 , p_description     IN VARCHAR2 DEFAULT NULL
373  			 , p_expected_result IN NUMBER	 DEFAULT otap_constants.OTAP_NUM_TEST_PASSED
374  			 )
375  	 RETURN VARCHAR2
376    IS
377  	 l_message VARCHAR2(4000 CHAR);
378    BEGIN
379  	 otap_api.validate_otap(session_record);
380  	 l_message := otap_api.has_table(p_table_name, session_record, p_schema, p_description, p_expected_result);
381  	 RETURN l_message;
382    EXCEPTION
383  	 WHEN OTHERS THEN
384  	   IF SQLCODE != -20099
385  	   THEN
386  	     otap_log.log(SQLERRM, 'otap_test.has_table', 'l_message := otap_api.has_table(p_table_name, session_record, p_schema, p_description)');
387  	   END IF;
388  	   RAISE;
389    END has_table;
390  
391    FUNCTION has_column( p_table_name      IN VARCHAR2
392  			  , p_column_name     IN VARCHAR2
393  			  , p_schema	      IN VARCHAR2 DEFAULT NULL
394  			  , p_description     IN VARCHAR2 DEFAULT NULL
395  			  , p_data_type       IN VARCHAR2 DEFAULT NULL
396  			  , p_data_length     IN NUMBER   DEFAULT NULL
397  			  , p_data_precision  IN NUMBER   DEFAULT NULL
398  			  , p_data_scale      IN NUMBER   DEFAULT NULL
399  			  , p_nullable	      IN VARCHAR2 DEFAULT NULL
400  			  , p_data_default    IN VARCHAR2 DEFAULT NULL
401  			  , p_expected_result IN NUMBER   DEFAULT otap_constants.OTAP_NUM_TEST_PASSED
402  			  )
403  	 RETURN VARCHAR2
404    IS
405  	 l_message VARCHAR2(4000 CHAR);
406    BEGIN
407  	 otap_api.validate_otap(session_record);
408  	 l_message := otap_api.has_column( p_table_name
409  					 , p_column_name
410  					 , session_record
411  					 , p_schema
412  					 , p_description
413  					 , p_data_type
414  					 , p_data_length
415  					 , p_data_precision
416  					 , p_data_scale
417  					 , p_nullable
418  					 , p_data_default
419  					 , p_expected_result
420  					 )
421  	 ;
422  	 RETURN l_message;
423    EXCEPTION
424  	 WHEN OTHERS THEN
425  	   IF SQLCODE != -20099
426  	   THEN
427  	     otap_log.log(SQLERRM, 'otap_test.has_column', 'l_message := otap_api.has_column(p_table_name, ...');
428  	   END IF;
429  	   RAISE;
430    END has_column;
431  
432    FUNCTION has_package( p_package_name    IN     VARCHAR2
433  			   , p_schema	       IN     VARCHAR2 DEFAULT NULL
434  			   , p_description     IN     VARCHAR2 DEFAULT NULL
435  			   , p_package_type    IN     VARCHAR2 DEFAULT 'PACKAGE'
436  			   , p_expected_result IN     NUMBER   DEFAULT otap_constants.OTAP_NUM_TEST_PASSED
437  			   )
438  	 RETURN VARCHAR2
439    IS
440  	 l_message VARCHAR2(4000 CHAR);
441    BEGIN
442  	 otap_api.validate_otap(session_record);
443  	 l_message := otap_api.has_package(p_package_name, session_record, p_schema, p_description, p_package_type, p_expected_result);
444  	 RETURN l_message;
445    EXCEPTION
446  	 WHEN OTHERS THEN
447  	   IF SQLCODE != -20099
448  	   THEN
449  	     otap_log.log(SQLERRM, 'otap_test.has_package', 'l_message := otap_api.has_package(p_package_name, session_record, ...');
450  	   END IF;
451  	   RAISE;
452    END has_package;
453  
454    FUNCTION has_procedure( p_procedure_name  IN	VARCHAR2
455  			     , p_schema 	 IN	VARCHAR2 DEFAULT NULL
456  			     , p_description	 IN	VARCHAR2 DEFAULT NULL
457  			     , p_procedure_type  IN	VARCHAR2 DEFAULT 'FUNCTION'
458  			     , p_package_name	 IN	VARCHAR2 DEFAULT NULL
459  			     , p_return_type	 IN	VARCHAR2 DEFAULT NULL
460  			     , p_expected_result IN	NUMBER	 DEFAULT otap_constants.OTAP_NUM_TEST_PASSED
461  			     )
462  	 RETURN VARCHAR2
463    IS
464  	 l_message VARCHAR2(4000 CHAR);
465    BEGIN
466  	 otap_api.validate_otap(session_record);
467  	 l_message := otap_api.has_procedure( p_procedure_name
468  					    , session_record
469  					    , p_schema
470  					    , p_description
471  					    , p_procedure_type
472  					    , p_package_name
473  					    , p_return_type
474  					    , p_expected_result
475  					    )
476  	 ;
477  	 RETURN l_message;
478    EXCEPTION
479  	 WHEN OTHERS THEN
480  	   IF SQLCODE != -20099
481  	   THEN
482  	     otap_log.log(SQLERRM, 'otap_test.has_procedure', 'l_message := otap_api.has_procedure(p_procedure_name, session_record, ...');
483  	   END IF;
484  	   RAISE;
485    END has_procedure;
486  
487    FUNCTION has_trigger( p_trigger_name    IN     VARCHAR2
488  			   , p_schema	       IN     VARCHAR2 DEFAULT NULL
489  			   , p_description     IN     VARCHAR2 DEFAULT NULL
490  			   , p_trigger_type    IN     VARCHAR2 DEFAULT NULL
491  			   , p_trigger_event   IN     VARCHAR2 DEFAULT NULL
492  			   , p_table_owner     IN     VARCHAR2 DEFAULT NULL
493  			   , p_table_name      IN     VARCHAR2 DEFAULT NULL
494  			   , p_expected_result IN     NUMBER   DEFAULT otap_constants.OTAP_NUM_TEST_PASSED
495  			   )
496  	 RETURN VARCHAR2
497    IS
498  	 l_message VARCHAR2(4000 CHAR);
499    BEGIN
500  	 otap_api.validate_otap(session_record);
501  	 l_message := otap_api.has_trigger( p_trigger_name
502  					  , session_record
503  					  , p_schema
504  					  , p_description
505  					  , p_trigger_type
506  					  , p_trigger_event
507  					  , p_table_owner
508  					  , p_table_name
509  					  , p_expected_result
510  					  )
511  	 ;
512  	 RETURN l_message;
513    EXCEPTION
514  	 WHEN OTHERS THEN
515  	   IF SQLCODE != -20099
516  	   THEN
517  	     otap_log.log(SQLERRM, 'otap_test.has_trigger', 'l_message := otap_api.has_trigger( p_trigger_name, session_record, ...');
518  	   END IF;
519  	   RAISE;
520    END has_trigger;
521  
522    FUNCTION has_object( p_object_name     IN     VARCHAR2
523  			  , p_object_type     IN     VARCHAR2
524  			  , p_schema	      IN     VARCHAR2 DEFAULT NULL
525  			  , p_description     IN     VARCHAR2 DEFAULT NULL
526  			  , p_expected_result IN     NUMBER   DEFAULT otap_constants.OTAP_NUM_TEST_PASSED
527  			  )
528  	 RETURN VARCHAR2
529    IS
530  	 l_message VARCHAR2(4000 CHAR);
531    BEGIN
532  	 otap_api.validate_otap(session_record);
533  	 l_message := otap_api.has_object( p_object_name
534  					 , p_object_type
535  					 , session_record
536  					 , p_schema
537  					 , p_description
538  					 , p_expected_result
539  					 )
540  	 ;
541  	 RETURN l_message;
542    EXCEPTION
543  	 WHEN OTHERS THEN
544  	   IF SQLCODE != -20099
545  	   THEN
546  	     otap_log.log(SQLERRM, 'otap_test.has_object', 'l_message := otap_api.has_object( p_object_name, p_object_type, ...');
547  	   END IF;
548  	   RAISE;
549    END has_object;
550  
551    FUNCTION has_constraint( p_table_name	  IN VARCHAR2
552  			      , p_constraint_type IN VARCHAR2 DEFAULT 'C'
553  			      , p_column_name	  IN VARCHAR2 DEFAULT NULL
554  			      , p_constraint	  IN VARCHAR2 DEFAULT NULL
555  			      , p_schema	  IN VARCHAR2 DEFAULT SYS_CONTEXT('USERENV', 'CURRENT_SCHEMA')
556  			      , p_description	  IN VARCHAR2 DEFAULT NULL
557  			      , p_expected_result IN NUMBER   DEFAULT otap_constants.OTAP_NUM_TEST_PASSED
558  			      )
559  	 RETURN VARCHAR2
560    IS
561  	 l_message VARCHAR2(4000 CHAR);
562    BEGIN
563  	 otap_api.validate_otap(session_record);
564  	 l_message := otap_api.has_constraint( p_table_name
565  					     , session_record
566  					     , p_constraint_type
567  					     , p_column_name
568  					     , p_constraint
569  					     , p_schema
570  					     , p_description
571  					     , p_expected_result
572  					     )
573  	 ;
574  	 RETURN l_message;
575    EXCEPTION
576  	 WHEN OTHERS THEN
577  	   IF SQLCODE != -20099
578  	   THEN
579  	     otap_log.log(SQLERRM, 'otap_test.has_constraint', 'l_message := otap_api.has_constraint( p_table_name, ...');
580  	   END IF;
581  	   RAISE;
582    END has_constraint;
583  
584    FUNCTION has_ref_constraint( p_table_name      IN VARCHAR2
585  				  , p_constraint_type IN VARCHAR2 DEFAULT 'R'
586  				  , p_column_name     IN VARCHAR2 DEFAULT NULL
587  				  , p_constraint      IN VARCHAR2 DEFAULT NULL
588  				  , p_schema	      IN VARCHAR2 DEFAULT SYS_CONTEXT('USERENV', 'CURRENT_SCHEMA')
589  				  , p_r_table_name    IN VARCHAR2 DEFAULT NULL
590  				  , p_r_column_name   IN VARCHAR2 DEFAULT NULL
591  				  , p_r_constraint    IN VARCHAR2 DEFAULT NULL
592  				  , p_r_schema	      IN VARCHAR2 DEFAULT NULL
593  				  , p_description     IN VARCHAR2 DEFAULT NULL
594  				  , p_expected_result IN NUMBER   DEFAULT otap_constants.OTAP_NUM_TEST_PASSED
595  				  )
596  	 RETURN VARCHAR2
597    IS
598  	 l_message VARCHAR2(4000 CHAR);
599    BEGIN
600  	 otap_api.validate_otap(session_record);
601  	 l_message := otap_api.has_ref_constraint( p_table_name
602  						 , session_record
603  						 , p_constraint_type
604  						 , p_column_name
605  						 , p_constraint
606  						 , p_schema
607  						 , p_r_table_name
608  						 , p_r_column_name
609  						 , p_r_constraint
610  						 , p_r_schema
611  						 , p_description
612  						 , p_expected_result
613  						 )
614  	 ;
615  	 RETURN l_message;
616    EXCEPTION
617  	 WHEN OTHERS THEN
618  	   IF SQLCODE != -20099
619  	   THEN
620  	     otap_log.log(SQLERRM, 'otap_test.has_ref_constraint', 'l_message := otap_api.has_ref_constraint( p_table_name, ...');
621  	   END IF;
622  	   RAISE;
623    END has_ref_constraint;
624  
625    FUNCTION has_not_null_constraint( p_table_name	   IN VARCHAR2
626  				       , p_column_name	   IN VARCHAR2
627  				       , p_constraint	   IN VARCHAR2 DEFAULT NULL
628  				       , p_schema	   IN VARCHAR2 DEFAULT SYS_CONTEXT('USERENV', 'CURRENT_SCHEMA')
629  				       , p_description	   IN VARCHAR2 DEFAULT NULL
630  				       , p_expected_result IN NUMBER   DEFAULT otap_constants.OTAP_NUM_TEST_PASSED
631  				       )
632  	 RETURN VARCHAR2
633    IS
634  	 l_message VARCHAR2(4000 CHAR);
635    BEGIN
636  	 otap_api.validate_otap(session_record);
637  	 l_message := otap_api.has_not_null_constraint( p_table_name
638  						      , p_column_name
639  						      , session_record
640  						      , p_constraint
641  						      , p_schema
642  						      , p_description
643  						      , p_expected_result
644  						      )
645  	 ;
646  	 RETURN l_message;
647    EXCEPTION
648  	 WHEN OTHERS THEN
649  	   IF SQLCODE != -20099
650  	   THEN
651  	     otap_log.log(SQLERRM, 'otap_test.has_not_null_constraint', 'l_message := otap_api.has_not_null_constraint( p_table_name, ...');
652  	   END IF;
653  	   RAISE;
654    END has_not_null_constraint;
655  
656    FUNCTION has_index( p_table_name      IN VARCHAR2
657  			 , p_column_name     IN VARCHAR2 DEFAULT NULL
658  			 , p_index_name      IN VARCHAR2 DEFAULT NULL
659  			 , p_index_type      IN VARCHAR2 DEFAULT NULL
660  			 , p_table_type      IN VARCHAR2 DEFAULT NULL
661  			 , p_uniqueness      IN VARCHAR2 DEFAULT NULL
662  			 , p_tablespace_name IN VARCHAR2 DEFAULT NULL
663  			 , p_partitioned     IN VARCHAR2 DEFAULT NULL
664  			 , p_schema	     IN VARCHAR2 DEFAULT SYS_CONTEXT('USERENV', 'CURRENT_SCHEMA')
665  			 , p_description     IN VARCHAR2 DEFAULT NULL
666  			 , p_expected_result IN NUMBER	 DEFAULT otap_constants.OTAP_NUM_TEST_PASSED
667  			 )
668  	 RETURN VARCHAR2
669    IS
670  	 l_message VARCHAR2(4000 CHAR);
671    BEGIN
672  	 otap_api.validate_otap(session_record);
673  	 l_message := otap_api.has_index( p_table_name
674  					, session_record
675  					, p_column_name
676  					, p_index_name
677  					, p_index_type
678  					, p_table_type
679  					, p_uniqueness
680  					, p_tablespace_name
681  					, p_partitioned
682  					, p_schema
683  					, p_description
684  					, p_expected_result
685  					)
686  	 ;
687  	 RETURN l_message;
688    EXCEPTION
689  	 WHEN OTHERS THEN
690  	   IF SQLCODE != -20099
691  	   THEN
692  	     otap_log.log(SQLERRM, 'otap_test.has_index', 'l_message := otap_api.has_index( p_table_name, ...');
693  	   END IF;
694  	   RAISE;
695    END has_index;
696  
697    FUNCTION has_type( p_type_name	    IN VARCHAR2
698  			, p_typecode	    IN VARCHAR2 DEFAULT NULL
699  			, p_attributes	    IN NUMBER	DEFAULT NULL
700  			, p_methods	    IN NUMBER	DEFAULT NULL
701  			, p_predefined	    IN VARCHAR2 DEFAULT NULL
702  			, p_incomplete	    IN VARCHAR2 DEFAULT NULL
703  			, p_final	    IN VARCHAR2 DEFAULT NULL
704  			, p_persistable     IN VARCHAR2 DEFAULT NULL
705  			, p_schema	    IN VARCHAR2 DEFAULT SYS_CONTEXT('USERENV', 'CURRENT_SCHEMA')
706  			, p_description     IN VARCHAR2 DEFAULT NULL
707  			, p_expected_result IN NUMBER	DEFAULT otap_constants.OTAP_NUM_TEST_PASSED
708  			)
709  	 RETURN VARCHAR2
710    IS
711  	 l_message VARCHAR2(4000 CHAR);
712    BEGIN
713  	 otap_api.validate_otap(session_record);
714  	 l_message := otap_api.has_type( p_type_name
715  				       , session_record
716  				       , p_typecode
717  				       , p_attributes
718  				       , p_methods
719  				       , p_predefined
720  				       , p_incomplete
721  				       , p_final
722  				       , p_persistable
723  				       , p_schema
724  				       , p_description
725  				       , p_expected_result
726  				       )
727  	 ;
728  	 RETURN l_message;
729    EXCEPTION
730  	 WHEN OTHERS THEN
731  	   IF SQLCODE != -20099
732  	   THEN
733  	     otap_log.log(SQLERRM, 'otap_test.has_type', 'l_message := otap_api.has_type( p_type_name, ...');
734  	   END IF;
735  	   RAISE;
736    END has_type;
737  
738    FUNCTION has_sequence( p_sequence_name	IN VARCHAR2
739  			    , p_table_name	IN VARCHAR2 DEFAULT NULL
740  			    , p_column_name	IN VARCHAR2 DEFAULT NULL
741  			    , p_min_value	IN NUMBER   DEFAULT NULL
742  			    , p_max_value	IN NUMBER   DEFAULT NULL
743  			    , p_increment_by	IN NUMBER   DEFAULT NULL
744  			    , p_cycle_flag	IN VARCHAR2 DEFAULT NULL
745  			    , p_order_flag	IN VARCHAR2 DEFAULT NULL
746  			    , p_cache_size	IN NUMBER   DEFAULT NULL
747  			    , p_scale_flag	IN VARCHAR2 DEFAULT NULL
748  			    , p_extend_flag	IN VARCHAR2 DEFAULT NULL
749  			    , p_sharded_flag	IN VARCHAR2 DEFAULT NULL
750  			    , p_session_flag	IN VARCHAR2 DEFAULT NULL
751  			    , p_keep_value	IN VARCHAR2 DEFAULT NULL
752  			    , p_table_owner	IN VARCHAR2 DEFAULT NULL
753  			    , p_schema		IN VARCHAR2 DEFAULT SYS_CONTEXT('USERENV', 'CURRENT_SCHEMA')
754  			    , p_description	IN VARCHAR2 DEFAULT NULL
755  			    , p_expected_result IN NUMBER   DEFAULT otap_constants.OTAP_NUM_TEST_PASSED
756  			    )
757  	 RETURN VARCHAR2
758    IS
759  	 l_message VARCHAR2(4000 CHAR);
760    BEGIN
761  	 otap_api.validate_otap(session_record);
762  	 l_message := otap_api.has_sequence( p_sequence_name
763  					   , session_record
764  					   , p_table_name
765  					   , p_column_name
766  					   , p_min_value
767  					   , p_max_value
768  					   , p_increment_by
769  					   , p_cycle_flag
770  					   , p_order_flag
771  					   , p_cache_size
772  					   , p_scale_flag
773  					   , p_extend_flag
774  					   , p_sharded_flag
775  					   , p_session_flag
776  					   , p_keep_value
777  					   , p_table_owner
778  					   , p_schema
779  					   , p_description
780  					   , p_expected_result
781  					   )
782  	 ;
783  	 RETURN l_message;
784    EXCEPTION
785  	 WHEN OTHERS THEN
786  	   IF SQLCODE != -20099
787  	   THEN
788  	     otap_log.log(SQLERRM, 'otap_test.has_sequence', 'l_message := otap_api.has_sequence( p_sequence_name, ...');
789  	   END IF;
790  	   RAISE;
791    END has_sequence;
792  
793    FUNCTION has_scheduler_job( p_job_name	     IN VARCHAR2
794  				 , p_job_style	     IN VARCHAR2 DEFAULT NULL
795  				 , p_job_type	     IN VARCHAR2 DEFAULT NULL
796  				 , p_job_action      IN VARCHAR2 DEFAULT NULL
797  				 , p_schedule_type   IN VARCHAR2 DEFAULT NULL
798  				 , p_repeat_interval IN VARCHAR2 DEFAULT NULL
799  				 , p_job_class	     IN VARCHAR2 DEFAULT NULL
800  				 , p_logging_level   IN VARCHAR2 DEFAULT NULL
801  				 , p_store_output    IN VARCHAR2 DEFAULT NULL
802  				 , p_schema	     IN VARCHAR2 DEFAULT SYS_CONTEXT('USERENV', 'CURRENT_SCHEMA')
803  				 , p_description     IN VARCHAR2 DEFAULT NULL
804  				 , p_expected_result IN NUMBER	 DEFAULT otap_constants.OTAP_NUM_TEST_PASSED
805  				 )
806  	 RETURN VARCHAR2
807    IS
808  	 l_message VARCHAR2(4000 CHAR);
809    BEGIN
810  	 otap_api.validate_otap(session_record);
811  	 l_message := otap_api.has_scheduler_job( p_job_name
812  						, session_record
813  						, p_job_style
814  						, p_job_type
815  						, p_job_action
816  						, p_schedule_type
817  						, p_repeat_interval
818  						, p_job_class
819  						, p_logging_level
820  						, p_store_output
821  						, p_schema
822  						, p_description
823  						, p_expected_result
824  						)
825  	 ;
826  	 RETURN l_message;
827    EXCEPTION
828  	 WHEN OTHERS THEN
829  	   IF SQLCODE != -20099
830  	   THEN
831  	     otap_log.log(SQLERRM, 'otap_test.has_scheduler_job', 'l_message := otap_api.has_scheduler_job( p_job_name, ...');
832  	   END IF;
833  	   RAISE;
834    END has_scheduler_job;
835  
836    FUNCTION has_user( p_username		  IN VARCHAR2
837  			, p_account_status	  IN VARCHAR2 DEFAULT NULL
838  			, p_default_tablespace	  IN VARCHAR2 DEFAULT NULL
839  			, p_temporary_tablespace  IN VARCHAR2 DEFAULT NULL
840  			, p_local_temp_tablespace IN VARCHAR2 DEFAULT NULL
841  			, p_profile		  IN VARCHAR2 DEFAULT NULL
842  			, p_password_versions	  IN VARCHAR2 DEFAULT NULL
843  			, p_authentication_type   IN VARCHAR2 DEFAULT NULL
844  			, p_proxy_only_connect	  IN VARCHAR2 DEFAULT NULL
845  			, p_protected		  IN VARCHAR2 DEFAULT NULL
846  			, p_read_only		  IN VARCHAR2 DEFAULT NULL
847  			, p_description 	  IN VARCHAR2 DEFAULT NULL
848  			, p_expected_result	  IN NUMBER   DEFAULT otap_constants.OTAP_NUM_TEST_PASSED
849  			)
850  	 RETURN VARCHAR2
851    IS
852  	 l_message VARCHAR2(4000 CHAR);
853    BEGIN
854  	 otap_api.validate_otap(session_record);
855  	 l_message := otap_api.has_user( p_username
856  				       , session_record
857  				       , p_account_status
858  				       , p_default_tablespace
859  				       , p_temporary_tablespace
860  				       , p_local_temp_tablespace
861  				       , p_profile
862  				       , p_password_versions
863  				       , p_authentication_type
864  				       , p_proxy_only_connect
865  				       , p_protected
866  				       , p_read_only
867  				       , p_description
868  				       , p_expected_result
869  				       )
870  	 ;
871  	 RETURN l_message;
872    EXCEPTION
873  	 WHEN OTHERS THEN
874  	   IF SQLCODE != -20099
875  	   THEN
876  	     otap_log.log(SQLERRM, 'otap_test.has_user', 'l_message := otap_api.has_user( p_username, ...');
877  	   END IF;
878  	   RAISE;
879    END has_user;
880  
881    FUNCTION ok( p_boolean	      IN BOOLEAN
882  		  , p_description     IN VARCHAR2 DEFAULT NULL
883  		  , p_expected_result IN NUMBER   DEFAULT otap_constants.OTAP_NUM_TEST_PASSED
884  		  , p_schema	      IN VARCHAR2 DEFAULT SYS_CONTEXT('USERENV', 'CURRENT_SCHEMA')
885  		  )
886  	 RETURN VARCHAR2
887    IS
888  	 l_message VARCHAR2(4000 CHAR);
889    BEGIN
890  	 otap_api.validate_otap(session_record);
891  	 l_message := otap_api.ok( p_boolean
892  				 , session_record
893  				 , p_description
894  				 , p_expected_result
895  				 , p_schema
896  				 )
897  	 ;
898  	 RETURN l_message;
899    EXCEPTION
900  	 WHEN OTHERS THEN
901  	   IF SQLCODE != -20099
902  	   THEN
903  	     otap_log.log(SQLERRM, 'otap_test.ok', 'l_message := otap_api.ok( p_boolean, ...');
904  	   END IF;
905  	   RAISE;
906    END ok;
907  
908    FUNCTION is_eq( p_have		 IN VARCHAR2
909  		     , p_want		 IN VARCHAR2
910  		     , p_description	 IN VARCHAR2 DEFAULT NULL
911  		     , p_expected_result IN NUMBER   DEFAULT otap_constants.OTAP_NUM_TEST_PASSED
912  		     , p_schema 	 IN VARCHAR2 DEFAULT SYS_CONTEXT('USERENV', 'CURRENT_SCHEMA')
913  		     )
914  	 RETURN VARCHAR2
915    IS
916  	 l_message VARCHAR2(4000 CHAR);
917    BEGIN
918  	 otap_api.validate_otap(session_record);
919  	 l_message := otap_api.is_eq( p_have
920  				    , p_want
921  				    , session_record
922  				    , p_description
923  				    , p_expected_result
924  				    , p_schema
925  				    )
926  	 ;
927  	 RETURN l_message;
928    EXCEPTION
929  	 WHEN OTHERS THEN
930  	   IF SQLCODE != -20099
931  	   THEN
932  	     otap_log.log(SQLERRM, 'otap_test.is_eq', '(VARCHAR2) l_message := otap_api.is_eq( p_have, ...');
933  	   END IF;
934  	   RAISE;
935    END is_eq;
936  
937    FUNCTION is_eq( p_have		 IN NUMBER
938  		     , p_want		 IN NUMBER
939  		     , p_description	 IN VARCHAR2 DEFAULT NULL
940  		     , p_expected_result IN NUMBER   DEFAULT otap_constants.OTAP_NUM_TEST_PASSED
941  		     , p_schema 	 IN VARCHAR2 DEFAULT SYS_CONTEXT('USERENV', 'CURRENT_SCHEMA')
942  		     )
943  	 RETURN VARCHAR2
944    IS
945  	 l_message VARCHAR2(4000 CHAR);
946    BEGIN
947  	 otap_api.validate_otap(session_record);
948  	 l_message := otap_api.is_eq( p_have
949  				    , p_want
950  				    , session_record
951  				    , p_description
952  				    , p_expected_result
953  				    , p_schema
954  				    )
955  	 ;
956  	 RETURN l_message;
957    EXCEPTION
958  	 WHEN OTHERS THEN
959  	   IF SQLCODE != -20099
960  	   THEN
961  	     otap_log.log(SQLERRM, 'otap_test.is_eq', '(NUMBER) l_message := otap_api.is_eq( p_have, ...');
962  	   END IF;
963  	   RAISE;
964    END is_eq;
965  
966    FUNCTION is_eq( p_have		 IN DATE
967  		     , p_want		 IN DATE
968  		     , p_description	 IN VARCHAR2 DEFAULT NULL
969  		     , p_expected_result IN NUMBER   DEFAULT otap_constants.OTAP_NUM_TEST_PASSED
970  		     , p_schema 	 IN VARCHAR2 DEFAULT SYS_CONTEXT('USERENV', 'CURRENT_SCHEMA')
971  		     )
972  	 RETURN VARCHAR2
973    IS
974  	 l_message VARCHAR2(4000 CHAR);
975    BEGIN
976  	 otap_api.validate_otap(session_record);
977  	 l_message := otap_api.is_eq( p_have
978  				    , p_want
979  				    , session_record
980  				    , p_description
981  				    , p_expected_result
982  				    , p_schema
983  				    )
984  	 ;
985  	 RETURN l_message;
986    EXCEPTION
987  	 WHEN OTHERS THEN
988  	   IF SQLCODE != -20099
989  	   THEN
990  	     otap_log.log(SQLERRM, 'otap_test.is_eq', '(DATE) l_message := otap_api.is_eq( p_have, ...');
991  	   END IF;
992  	   RAISE;
993    END is_eq;
994  
995    FUNCTION match_regex( p_have	       IN VARCHAR2
996  			   , p_regex	       IN VARCHAR2
997  			   , p_description     IN VARCHAR2 DEFAULT NULL
998  			   , p_param	       IN VARCHAR2 DEFAULT NULL
999  			   , p_expected_result IN NUMBER   DEFAULT otap_constants.OTAP_NUM_TEST_PASSED
1000  			    , p_schema		IN VARCHAR2 DEFAULT SYS_CONTEXT('USERENV', 'CURRENT_SCHEMA')
1001  			    )
1002  	  RETURN VARCHAR2
1003  	IS
1004  	  l_message VARCHAR2(4000 CHAR);
1005  	BEGIN
1006  	  otap_api.validate_otap(session_record);
1007  	  l_message := otap_api.match_regex( p_have
1008  					   , p_regex
1009  					   , session_record
1010  					   , p_description
1011  					   , p_param
1012  					   , p_expected_result
1013  					   , p_schema
1014  					   )
1015  	  ;
1016  	  RETURN l_message;
1017  	EXCEPTION
1018  	  WHEN OTHERS THEN
1019  	    IF SQLCODE != -20099
1020  	    THEN
1021  	      otap_log.log(SQLERRM, 'otap_test.match_regex', 'l_message := otap_api.match_regex( p_have, ...');
1022  	    END IF;
1023  	    RAISE;
1024  	END match_regex;
1025  
1026  	FUNCTION alike( p_have		  IN VARCHAR2
1027  		      , p_like		  IN VARCHAR2
1028  		      , p_case_sensitive  IN NUMBER   DEFAULT otap_constants.OTAP_NUM_FALSE
1029  		      , p_description	  IN VARCHAR2 DEFAULT NULL
1030  		      , p_expected_result IN NUMBER   DEFAULT otap_constants.OTAP_NUM_TEST_PASSED
1031  		      , p_schema	  IN VARCHAR2 DEFAULT SYS_CONTEXT('USERENV', 'CURRENT_SCHEMA')
1032  		      )
1033  	  RETURN VARCHAR2
1034  	IS
1035  	  l_message VARCHAR2(4000 CHAR);
1036  	BEGIN
1037  	  otap_api.validate_otap(session_record);
1038  	  l_message := otap_api.alike( p_have
1039  				     , p_like
1040  				     , session_record
1041  				     , p_case_sensitive
1042  				     , p_description
1043  				     , p_expected_result
1044  				     , p_schema
1045  				     )
1046  	  ;
1047  	  RETURN l_message;
1048  	EXCEPTION
1049  	  WHEN OTHERS THEN
1050  	    IF SQLCODE != -20099
1051  	    THEN
1052  	      otap_log.log(SQLERRM, 'otap_test.alike', 'l_message := otap_api.alike( p_have, ...');
1053  	    END IF;
1054  	    RAISE;
1055  	END alike;
1056  
1057  	FUNCTION throws_ok( p_statement       IN VARCHAR2
1058  			  , p_sqlerrm	      IN VARCHAR2
1059  			  , p_header_def      IN VARCHAR2 DEFAULT NULL
1060  			  , p_description     IN VARCHAR2 DEFAULT NULL
1061  			  , p_expected_result IN NUMBER   DEFAULT otap_constants.OTAP_NUM_TEST_PASSED
1062  			  , p_schema	      IN VARCHAR2 DEFAULT SYS_CONTEXT('USERENV', 'CURRENT_SCHEMA')
1063  			  )
1064  	  RETURN VARCHAR2
1065  	IS
1066  	  l_message VARCHAR2(4000 CHAR);
1067  	BEGIN
1068  	  otap_api.validate_otap(session_record);
1069  	  l_message := otap_api.throws_ok( p_statement
1070  					 , p_sqlerrm
1071  					 , session_record
1072  					 , p_header_def
1073  					 , p_description
1074  					 , p_expected_result
1075  					 , p_schema
1076  					 )
1077  	  ;
1078  	  RETURN l_message;
1079  	EXCEPTION
1080  	  WHEN OTHERS THEN
1081  	    IF SQLCODE != -20099
1082  	    THEN
1083  	      otap_log.log(SQLERRM, 'otap_test.throws_ok', 'l_message := otap_api.throws_ok( p_statement, ...');
1084  	    END IF;
1085  	    RAISE;
1086  	END throws_ok;
1087  
1088  	FUNCTION throws_ok( p_statement       IN VARCHAR2
1089  			  , p_sqlcode	      IN NUMBER
1090  			  , p_header_def      IN VARCHAR2 DEFAULT NULL
1091  			  , p_description     IN VARCHAR2 DEFAULT NULL
1092  			  , p_expected_result IN NUMBER   DEFAULT otap_constants.OTAP_NUM_TEST_PASSED
1093  			  , p_schema	      IN VARCHAR2 DEFAULT SYS_CONTEXT('USERENV', 'CURRENT_SCHEMA')
1094  			  )
1095  	  RETURN VARCHAR2
1096  	IS
1097  	  l_message VARCHAR2(4000 CHAR);
1098  	BEGIN
1099  	  otap_api.validate_otap(session_record);
1100  	  l_message := otap_api.throws_ok( p_statement
1101  					 , p_sqlcode
1102  					 , session_record
1103  					 , p_header_def
1104  					 , p_description
1105  					 , p_expected_result
1106  					 , p_schema
1107  					 )
1108  	  ;
1109  	  RETURN l_message;
1110  	EXCEPTION
1111  	  WHEN OTHERS THEN
1112  	    IF SQLCODE != -20099
1113  	    THEN
1114  	      otap_log.log(SQLERRM, 'otap_test.throws_ok', 'l_message := otap_api.throws_ok( p_statement, ...');
1115  	    END IF;
1116  	    RAISE;
1117  	END throws_ok;
1118  
1119  	FUNCTION throws_matches( p_statement	   IN VARCHAR2
1120  			       , p_regex_sqlerrm   IN VARCHAR2
1121  			       , p_param	   IN VARCHAR2 DEFAULT NULL
1122  			       , p_header_def	   IN VARCHAR2 DEFAULT NULL
1123  			       , p_description	   IN VARCHAR2 DEFAULT NULL
1124  			       , p_expected_result IN NUMBER   DEFAULT otap_constants.OTAP_NUM_TEST_PASSED
1125  			       , p_schema	   IN VARCHAR2 DEFAULT SYS_CONTEXT('USERENV', 'CURRENT_SCHEMA')
1126  			       )
1127  	  RETURN VARCHAR2
1128  	IS
1129  	  l_message VARCHAR2(4000 CHAR);
1130  	BEGIN
1131  	  otap_api.validate_otap(session_record);
1132  	  l_message := otap_api.throws_matches( p_statement
1133  					      , p_regex_sqlerrm
1134  					      , session_record
1135  					      , p_param
1136  					      , p_header_def
1137  					      , p_description
1138  					      , p_expected_result
1139  					      , p_schema
1140  					      )
1141  	  ;
1142  	  RETURN l_message;
1143  	EXCEPTION
1144  	  WHEN OTHERS THEN
1145  	    IF SQLCODE != -20099
1146  	    THEN
1147  	      otap_log.log(SQLERRM, 'otap_test.throws_matches', 'l_message := otap_api.throws_matches( p_statement, ...');
1148  	    END IF;
1149  	    RAISE;
1150  	END throws_matches;
1151  
1152  	FUNCTION throws_like( p_statement	IN VARCHAR2
1153  			    , p_like_sqlerrm	IN VARCHAR2
1154  			    , p_case_sensitive	IN NUMBER   DEFAULT otap_constants.OTAP_NUM_FALSE
1155  			    , p_header_def	IN VARCHAR2 DEFAULT NULL
1156  			    , p_description	IN VARCHAR2 DEFAULT NULL
1157  			    , p_expected_result IN NUMBER   DEFAULT otap_constants.OTAP_NUM_TEST_PASSED
1158  			    , p_schema		IN VARCHAR2 DEFAULT SYS_CONTEXT('USERENV', 'CURRENT_SCHEMA')
1159  			    )
1160  	  RETURN VARCHAR2
1161  	IS
1162  	  l_message VARCHAR2(4000 CHAR);
1163  	BEGIN
1164  	  otap_api.validate_otap(session_record);
1165  	  l_message := otap_api.throws_like( p_statement
1166  					   , p_like_sqlerrm
1167  					   , session_record
1168  					   , p_case_sensitive
1169  					   , p_header_def
1170  					   , p_description
1171  					   , p_expected_result
1172  					   , p_schema
1173  					   )
1174  	  ;
1175  	  RETURN l_message;
1176  	EXCEPTION
1177  	  WHEN OTHERS THEN
1178  	    IF SQLCODE != -20099
1179  	    THEN
1180  	      otap_log.log(SQLERRM, 'otap_test.throws_like', 'l_message := otap_api.throws_like( p_statement, ...');
1181  	    END IF;
1182  	    RAISE;
1183  	END throws_like;
1184  
1185  	FUNCTION test_error( p_description IN VARCHAR2
1186  			   , p_errors	   IN VARCHAR2
1187  			   , p_schema	   IN VARCHAR2 DEFAULT NULL
1188  			   )
1189  	  RETURN VARCHAR2
1190  	IS
1191  	  l_message VARCHAR2(4000 CHAR);
1192  	BEGIN
1193  	  otap_api.validate_otap(session_record);
1194  	  l_message := otap_api.test_error( p_description
1195  					  , p_errors
1196  					  , session_record
1197  					  , p_schema
1198  					  )
1199  	  ;
1200  	  RETURN l_message;
1201  	EXCEPTION
1202  	  WHEN OTHERS THEN
1203  	    IF SQLCODE != -20099
1204  	    THEN
1205  	      otap_log.log(SQLERRM, 'otap_test.test_error', 'l_message := otap_api.test_error( p_description, ...');
1206  	    END IF;
1207  	    RAISE;
1208  	END test_error;
1209  
1210  	FUNCTION test_error_check( p_have	 IN NUMBER
1211  				 , p_want	 IN NUMBER
1212  				 , p_description IN VARCHAR2
1213  				 , p_schema	 IN VARCHAR2 DEFAULT NULL
1214  				 )
1215  	  RETURN VARCHAR2
1216  	IS
1217  	  l_message VARCHAR2(4000 CHAR);
1218  	BEGIN
1219  	  otap_api.validate_otap(session_record);
1220  	  l_message := otap_api.test_error_check( p_have
1221  						, p_want
1222  						, p_description
1223  						, session_record
1224  						, p_schema
1225  						)
1226  	  ;
1227  	  RETURN l_message;
1228  	EXCEPTION
1229  	  WHEN OTHERS THEN
1230  	    IF SQLCODE != -20099
1231  	    THEN
1232  	      otap_log.log(SQLERRM, 'otap_test.test_error_check', 'l_message := otap_api.test_error_check( p_have, ...');
1233  	    END IF;
1234  	    RAISE;
1235  	END test_error_check;
1236  
1237  	-- generate functions
1238  	PROCEDURE generate_set_type(p_gen_type IN VARCHAR2)
1239  	IS
1240  	BEGIN
1241  	  otap_generate.set_gen_type(p_gen_type);
1242  	END generate_set_type;
1243  
1244  	FUNCTION generate_type
1245  	  RETURN VARCHAR2
1246  	IS
1247  	  l_return VARCHAR2(1);
1248  	BEGIN
1249  	  l_return := otap_generate.get_gen_type;
1250  	  RETURN l_return;
1251  	END generate_type;
1252  
1253  	FUNCTION generate_schema_tests( p_like_schema	IN VARCHAR2 DEFAULT SYS_CONTEXT('USERENV', 'CURRENT_SCHEMA')
1254  				      , p_required_user IN VARCHAR2 DEFAULT NULL
1255  				      , p_title_prefix	IN VARCHAR2 DEFAULT NULL
1256  				      , p_show_header	IN INTEGER  DEFAULT otap_constants.OTAP_NUM_TRUE
1257  				      , p_excl_sysgen	IN INTEGER  DEFAULT otap_constants.OTAP_NUM_TRUE
1258  				      )
1259  	  RETURN otap_view_result_tbl PIPELINED
1260  	IS
1261  	  CURSOR cur_tests( cp_like   IN VARCHAR2
1262  			  , cp_users  IN VARCHAR2
1263  			  , cp_prefix IN VARCHAR2
1264  			  , cp_show   IN NUMBER
1265  			  , cp_excl   IN NUMBER
1266  			  )
1267  	  IS
1268  	    SELECT result_text
1269  	      FROM TABLE(otap_generate.schema_tests(cp_like, cp_users, cp_prefix, cp_show, cp_excl))
1270  	  ;
1271  	BEGIN
1272  	  FOR rec IN cur_tests(p_like_schema, p_required_user, p_title_prefix, p_show_header, p_excl_sysgen)
1273  	  LOOP
1274  	    PIPE ROW (otap_view_result_rec(rec.result_text, NULL));
1275  	  END LOOP;
1276  	  RETURN;
1277  	EXCEPTION
1278  	  WHEN NO_DATA_NEEDED THEN
1279  	    RAISE;
1280  	END generate_schema_tests;
1281  
1282  	FUNCTION generate_table_tests( p_like_table    IN VARCHAR2 DEFAULT '%'
1283  				     , p_schema        IN VARCHAR2 DEFAULT SYS_CONTEXT('USERENV', 'CURRENT_SCHEMA')
1284  				     , p_title_prefix  IN VARCHAR2 DEFAULT NULL
1285  				     , p_show_header   IN INTEGER  DEFAULT otap_constants.OTAP_NUM_TRUE
1286  				     , p_excl_sysgen   IN INTEGER  DEFAULT otap_constants.OTAP_NUM_TRUE
1287  				     )
1288  	  RETURN otap_view_result_tbl PIPELINED
1289  	IS
1290  	  CURSOR cur_tests( cp_like   IN VARCHAR2
1291  			  , cp_schema IN VARCHAR2
1292  			  , cp_prefix IN VARCHAR2
1293  			  , cp_show   IN NUMBER
1294  			  , cp_excl   IN NUMBER
1295  			  )
1296  	  IS
1297  	    SELECT result_text
1298  	      FROM TABLE(otap_generate.table_tests(cp_like, cp_schema, cp_prefix, cp_show, cp_excl))
1299  	  ;
1300  	BEGIN
1301  	  FOR rec IN cur_tests(p_like_table, p_schema, p_title_prefix, p_show_header, p_excl_sysgen)
1302  	  LOOP
1303  	    PIPE ROW (otap_view_result_rec(rec.result_text, NULL));
1304  	  END LOOP;
1305  	  RETURN;
1306  	EXCEPTION
1307  	  WHEN NO_DATA_NEEDED THEN
1308  	    RAISE;
1309  	END generate_table_tests;
1310  
1311  	FUNCTION generate_column_tests( p_table 	IN VARCHAR2
1312  				      , p_like_column	IN VARCHAR2 DEFAULT '%'
1313  				      , p_schema	IN VARCHAR2 DEFAULT SYS_CONTEXT('USERENV', 'CURRENT_SCHEMA')
1314  				      , p_title_prefix	IN VARCHAR2 DEFAULT NULL
1315  				      , p_show_header	IN INTEGER  DEFAULT otap_constants.OTAP_NUM_TRUE
1316  				      , p_excl_sysgen	IN INTEGER  DEFAULT otap_constants.OTAP_NUM_TRUE
1317  				      )
1318  	  RETURN otap_view_result_tbl PIPELINED
1319  	IS
1320  	  CURSOR cur_tests( cp_table  IN VARCHAR2
1321  			  , cp_like   IN VARCHAR2
1322  			  , cp_schema IN VARCHAR2
1323  			  , cp_prefix IN VARCHAR2
1324  			  , cp_show   IN NUMBER
1325  			  , cp_excl   IN NUMBER
1326  			  )
1327  	  IS
1328  	    SELECT result_text
1329  	      FROM TABLE(otap_generate.column_tests(cp_table, cp_like, cp_schema, cp_prefix, cp_show, cp_excl))
1330  	  ;
1331  	BEGIN
1332  	  FOR rec IN cur_tests(p_table, p_like_column, p_schema, p_title_prefix, p_show_header, p_excl_sysgen)
1333  	  LOOP
1334  	    PIPE ROW (otap_view_result_rec(rec.result_text, NULL));
1335  	  END LOOP;
1336  	  RETURN;
1337  	EXCEPTION
1338  	  WHEN NO_DATA_NEEDED THEN
1339  	    RAISE;
1340  	END generate_column_tests;
1341  
1342  	FUNCTION generate_trigger_tests( p_like_trigger  IN VARCHAR2 DEFAULT '%'
1343  				       , p_schema	 IN VARCHAR2 DEFAULT SYS_CONTEXT('USERENV', 'CURRENT_SCHEMA')
1344  				       , p_title_prefix  IN VARCHAR2 DEFAULT NULL
1345  				       , p_show_header	 IN INTEGER  DEFAULT otap_constants.OTAP_NUM_TRUE
1346  				       , p_excl_sysgen	 IN INTEGER  DEFAULT otap_constants.OTAP_NUM_TRUE
1347  				       )
1348  	  RETURN otap_view_result_tbl PIPELINED
1349  	IS
1350  	  CURSOR cur_tests( cp_like   IN VARCHAR2
1351  			  , cp_schema IN VARCHAR2
1352  			  , cp_prefix IN VARCHAR2
1353  			  , cp_show   IN NUMBER
1354  			  , cp_excl   IN NUMBER
1355  			  )
1356  	  IS
1357  	    SELECT result_text
1358  	      FROM TABLE(otap_generate.trigger_tests(cp_like, cp_schema, cp_prefix, cp_show, cp_excl))
1359  	  ;
1360  	BEGIN
1361  	  FOR rec IN cur_tests(p_like_trigger, p_schema, p_title_prefix, p_show_header, p_excl_sysgen)
1362  	  LOOP
1363  	    PIPE ROW (otap_view_result_rec(rec.result_text, NULL));
1364  	  END LOOP;
1365  	  RETURN;
1366  	EXCEPTION
1367  	  WHEN NO_DATA_NEEDED THEN
1368  	    RAISE;
1369  	END generate_trigger_tests;
1370  
1371  	FUNCTION generate_package_tests( p_like_package  IN VARCHAR2 DEFAULT '%'
1372  				       , p_schema	 IN VARCHAR2 DEFAULT SYS_CONTEXT('USERENV', 'CURRENT_SCHEMA')
1373  				       , p_title_prefix  IN VARCHAR2 DEFAULT NULL
1374  				       , p_show_header	 IN INTEGER  DEFAULT otap_constants.OTAP_NUM_TRUE
1375  				       , p_excl_sysgen	 IN INTEGER  DEFAULT otap_constants.OTAP_NUM_TRUE
1376  				       )
1377  	  RETURN otap_view_result_tbl PIPELINED
1378  	IS
1379  	  CURSOR cur_tests( cp_like   IN VARCHAR2
1380  			  , cp_schema IN VARCHAR2
1381  			  , cp_prefix IN VARCHAR2
1382  			  , cp_show   IN NUMBER
1383  			  , cp_excl   IN NUMBER
1384  			  )
1385  	  IS
1386  	    SELECT result_text
1387  	      FROM TABLE(otap_generate.package_tests(cp_like, cp_schema, cp_prefix, cp_show, cp_excl))
1388  	  ;
1389  	BEGIN
1390  	  FOR rec IN cur_tests(p_like_package, p_schema, p_title_prefix, p_show_header, p_excl_sysgen)
1391  	  LOOP
1392  	    PIPE ROW (otap_view_result_rec(rec.result_text, NULL));
1393  	  END LOOP;
1394  	  RETURN;
1395  	EXCEPTION
1396  	  WHEN NO_DATA_NEEDED THEN
1397  	    RAISE;
1398  	END generate_package_tests;
1399  
1400  	FUNCTION generate_procedure_tests( p_like_procedure IN VARCHAR2 DEFAULT '%'
1401  					 , p_package_name   IN VARCHAR	DEFAULT NULL
1402  					 , p_schema	    IN VARCHAR2 DEFAULT SYS_CONTEXT('USERENV', 'CURRENT_SCHEMA')
1403  					 , p_title_prefix   IN VARCHAR2 DEFAULT NULL
1404  					 , p_show_header    IN INTEGER	DEFAULT otap_constants.OTAP_NUM_TRUE
1405  					 , p_excl_sysgen    IN INTEGER	DEFAULT otap_constants.OTAP_NUM_TRUE
1406  					 )
1407  	  RETURN otap_view_result_tbl PIPELINED
1408  	IS
1409  	  CURSOR cur_tests( cp_like	IN VARCHAR2
1410  			  , cp_package	IN VARCHAR2
1411  			  , cp_schema	IN VARCHAR2
1412  			  , cp_prefix	IN VARCHAR2
1413  			  , cp_show	IN NUMBER
1414  			  , cp_excl	IN NUMBER
1415  			  )
1416  	  IS
1417  	    SELECT result_text
1418  	      FROM TABLE(otap_generate.procedure_tests(cp_like, cp_package, cp_schema, cp_prefix, cp_show, cp_excl))
1419  	  ;
1420  	BEGIN
1421  	  FOR rec IN cur_tests(p_like_procedure, p_package_name, p_schema, p_title_prefix, p_show_header, p_excl_sysgen)
1422  	  LOOP
1423  	    PIPE ROW (otap_view_result_rec(rec.result_text, NULL));
1424  	  END LOOP;
1425  	  RETURN;
1426  	EXCEPTION
1427  	  WHEN NO_DATA_NEEDED THEN
1428  	    RAISE;
1429  	END generate_procedure_tests;
1430  
1431  	FUNCTION generate_view_tests( p_like_view     IN VARCHAR2 DEFAULT '%'
1432  				    , p_schema	      IN VARCHAR2 DEFAULT SYS_CONTEXT('USERENV', 'CURRENT_SCHEMA')
1433  				    , p_title_prefix  IN VARCHAR2 DEFAULT NULL
1434  				    , p_show_header   IN INTEGER  DEFAULT otap_constants.OTAP_NUM_TRUE
1435  				    , p_excl_sysgen   IN INTEGER  DEFAULT otap_constants.OTAP_NUM_TRUE
1436  				    )
1437  	  RETURN otap_view_result_tbl PIPELINED
1438  	IS
1439  	  CURSOR cur_tests( cp_like	IN VARCHAR2
1440  			  , cp_schema	IN VARCHAR2
1441  			  , cp_prefix	IN VARCHAR2
1442  			  , cp_show	IN NUMBER
1443  			  , cp_excl	IN NUMBER
1444  			  )
1445  	  IS
1446  	    SELECT result_text
1447  	      FROM TABLE(otap_generate.view_tests(cp_like, cp_schema, cp_prefix, cp_show, cp_excl))
1448  	  ;
1449  	BEGIN
1450  	  FOR rec IN cur_tests(p_like_view, p_schema, p_title_prefix, p_show_header, p_excl_sysgen)
1451  	  LOOP
1452  	    PIPE ROW (otap_view_result_rec(rec.result_text, NULL));
1453  	  END LOOP;
1454  	  RETURN;
1455  	EXCEPTION
1456  	  WHEN NO_DATA_NEEDED THEN
1457  	    RAISE;
1458  	END generate_view_tests;
1459  
1460  	FUNCTION generate_schema_user_test( p_schema	    IN VARCHAR2 DEFAULT NULL
1461  					  , p_title_prefix  IN VARCHAR2 DEFAULT NULL
1462  					  , p_show_header   IN INTEGER	DEFAULT otap_constants.OTAP_NUM_TRUE
1463  					  )
1464  	  RETURN otap_view_result_tbl PIPELINED
1465  	IS
1466  	  CURSOR cur_tests( cp_schema	IN VARCHAR2
1467  			  , cp_prefix	IN VARCHAR2
1468  			  , cp_show	IN NUMBER
1469  			  )
1470  	  IS
1471  	    SELECT result_text
1472  	      FROM TABLE(otap_generate.schema_user_test(cp_schema, cp_prefix, cp_show))
1473  	  ;
1474  	BEGIN
1475  	  FOR rec IN cur_tests(p_schema, p_title_prefix, p_show_header)
1476  	  LOOP
1477  	    PIPE ROW (otap_view_result_rec(rec.result_text, NULL));
1478  	  END LOOP;
1479  	  RETURN;
1480  	EXCEPTION
1481  	  WHEN NO_DATA_NEEDED THEN
1482  	    RAISE;
1483  	END generate_schema_user_test;
1484  
1485  	FUNCTION generate_related_user_tests( p_user_list     IN VARCHAR2 DEFAULT NULL
1486  					    , p_title_prefix  IN VARCHAR2 DEFAULT NULL
1487  					    , p_show_header   IN INTEGER  DEFAULT otap_constants.OTAP_NUM_TRUE
1488  					    )
1489  	  RETURN otap_view_result_tbl PIPELINED
1490  	IS
1491  	  CURSOR cur_tests( cp_user_list IN VARCHAR2
1492  			  , cp_prefix	 IN VARCHAR2
1493  			  , cp_show	 IN NUMBER
1494  			  )
1495  	  IS
1496  	    SELECT result_text
1497  	      FROM TABLE(otap_generate.related_user_tests(cp_user_list, cp_prefix, cp_show))
1498  	  ;
1499  	BEGIN
1500  	  FOR rec IN cur_tests(p_user_list, p_title_prefix, p_show_header)
1501  	  LOOP
1502  	    PIPE ROW (otap_view_result_rec(rec.result_text, NULL));
1503  	  END LOOP;
1504  	  RETURN;
1505  	EXCEPTION
1506  	  WHEN NO_DATA_NEEDED THEN
1507  	    RAISE;
1508  	END generate_related_user_tests;
1509  
1510  	FUNCTION generate_constraint_tests( p_table	       IN VARCHAR2
1511  					  , p_like_constraints IN VARCHAR2 DEFAULT '%'
1512  					  , p_schema	       IN VARCHAR2 DEFAULT SYS_CONTEXT('USERENV', 'CURRENT_SCHEMA')
1513  					  , p_title_prefix     IN VARCHAR2 DEFAULT NULL
1514  					  , p_show_header      IN INTEGER  DEFAULT otap_constants.OTAP_NUM_TRUE
1515  					  , p_excl_sysgen      IN INTEGER  DEFAULT otap_constants.OTAP_NUM_TRUE
1516  					  )
1517  	  RETURN otap_view_result_tbl PIPELINED
1518  	IS
1519  	  CURSOR cur_tests( cp_table   IN VARCHAR2
1520  			  , cp_like    IN VARCHAR2
1521  			  , cp_schema  IN VARCHAR2
1522  			  , cp_prefix  IN VARCHAR2
1523  			  , cp_show    IN NUMBER
1524  			  , cp_excl    IN NUMBER
1525  			  )
1526  	  IS
1527  	    SELECT result_text
1528  	      FROM TABLE(otap_generate.constraint_tests(cp_table, cp_like, cp_schema, cp_prefix, cp_show, cp_excl))
1529  	  ;
1530  	BEGIN
1531  	  FOR rec IN cur_tests(p_table, p_like_constraints, p_schema, p_title_prefix, p_show_header, p_excl_sysgen)
1532  	  LOOP
1533  	    PIPE ROW (otap_view_result_rec(rec.result_text, NULL));
1534  	  END LOOP;
1535  	  RETURN;
1536  	EXCEPTION
1537  	  WHEN NO_DATA_NEEDED THEN
1538  	    RAISE;
1539  	END generate_constraint_tests;
1540  
1541  	FUNCTION generate_index_tests( p_table	       IN VARCHAR2
1542  				     , p_like_index    IN VARCHAR2 DEFAULT '%'
1543  				     , p_schema        IN VARCHAR2 DEFAULT SYS_CONTEXT('USERENV', 'CURRENT_SCHEMA')
1544  				     , p_title_prefix  IN VARCHAR2 DEFAULT NULL
1545  				     , p_show_header   IN INTEGER  DEFAULT otap_constants.OTAP_NUM_TRUE
1546  				     , p_excl_sysgen   IN INTEGER  DEFAULT otap_constants.OTAP_NUM_TRUE
1547  				     )
1548  	  RETURN otap_view_result_tbl PIPELINED
1549  	IS
1550  	  CURSOR cur_tests( cp_table   IN VARCHAR2
1551  			  , cp_like    IN VARCHAR2
1552  			  , cp_schema  IN VARCHAR2
1553  			  , cp_prefix  IN VARCHAR2
1554  			  , cp_show    IN NUMBER
1555  			  , cp_excl    IN NUMBER
1556  			  )
1557  	  IS
1558  	    SELECT result_text
1559  	      FROM TABLE(otap_generate.index_tests(cp_table, cp_like, cp_schema, cp_prefix, cp_show, cp_excl))
1560  	  ;
1561  	BEGIN
1562  	  FOR rec IN cur_tests(p_table, p_like_index, p_schema, p_title_prefix, p_show_header, p_excl_sysgen)
1563  	  LOOP
1564  	    PIPE ROW (otap_view_result_rec(rec.result_text, NULL));
1565  	  END LOOP;
1566  	  RETURN;
1567  	EXCEPTION
1568  	  WHEN NO_DATA_NEEDED THEN
1569  	    RAISE;
1570  	END generate_index_tests;
1571  
1572  	FUNCTION generate_type_tests( p_like_type     IN VARCHAR2 DEFAULT '%'
1573  				    , p_schema	      IN VARCHAR2 DEFAULT SYS_CONTEXT('USERENV', 'CURRENT_SCHEMA')
1574  				    , p_title_prefix  IN VARCHAR2 DEFAULT NULL
1575  				    , p_show_header   IN INTEGER  DEFAULT otap_constants.OTAP_NUM_TRUE
1576  				    , p_excl_sysgen   IN INTEGER  DEFAULT otap_constants.OTAP_NUM_TRUE
1577  				    )
1578  	  RETURN otap_view_result_tbl PIPELINED
1579  	IS
1580  	  CURSOR cur_tests( cp_like    IN VARCHAR2
1581  			  , cp_schema  IN VARCHAR2
1582  			  , cp_prefix  IN VARCHAR2
1583  			  , cp_show    IN NUMBER
1584  			  , cp_excl    IN NUMBER
1585  			  )
1586  	  IS
1587  	    SELECT result_text
1588  	      FROM TABLE(otap_generate.type_tests(cp_like, cp_schema, cp_prefix, cp_show, cp_excl))
1589  	  ;
1590  	BEGIN
1591  	  FOR rec IN cur_tests(p_like_type, p_schema, p_title_prefix, p_show_header, p_excl_sysgen)
1592  	  LOOP
1593  	    PIPE ROW (otap_view_result_rec(rec.result_text, NULL));
1594  	  END LOOP;
1595  	  RETURN;
1596  	EXCEPTION
1597  	  WHEN NO_DATA_NEEDED THEN
1598  	    RAISE;
1599  	END generate_type_tests;
1600  
1601  	FUNCTION generate_sequence_tests( p_like_sequence IN VARCHAR2 DEFAULT '%'
1602  					, p_schema	  IN VARCHAR2 DEFAULT SYS_CONTEXT('USERENV', 'CURRENT_SCHEMA')
1603  					, p_title_prefix  IN VARCHAR2 DEFAULT NULL
1604  					, p_show_header   IN INTEGER  DEFAULT otap_constants.OTAP_NUM_TRUE
1605  					, p_excl_sysgen   IN INTEGER  DEFAULT otap_constants.OTAP_NUM_TRUE
1606  					)
1607  	  RETURN otap_view_result_tbl PIPELINED
1608  	IS
1609  	  CURSOR cur_tests( cp_like    IN VARCHAR2
1610  			  , cp_schema  IN VARCHAR2
1611  			  , cp_prefix  IN VARCHAR2
1612  			  , cp_show    IN NUMBER
1613  			  , cp_excl    IN NUMBER
1614  			  )
1615  	  IS
1616  	    SELECT result_text
1617  	      FROM TABLE(otap_generate.sequence_tests(cp_like, cp_schema, cp_prefix, cp_show, cp_excl))
1618  	  ;
1619  	BEGIN
1620  	  FOR rec IN cur_tests(p_like_sequence, p_schema, p_title_prefix, p_show_header, p_excl_sysgen)
1621  	  LOOP
1622  	    PIPE ROW (otap_view_result_rec(rec.result_text, NULL));
1623  	  END LOOP;
1624  	  RETURN;
1625  	EXCEPTION
1626  	  WHEN NO_DATA_NEEDED THEN
1627  	    RAISE;
1628  	END generate_sequence_tests;
1629  
1630  	FUNCTION generate_scheduler_job_tests( p_like_job      IN VARCHAR2 DEFAULT '%'
1631  					     , p_schema        IN VARCHAR2 DEFAULT SYS_CONTEXT('USERENV', 'CURRENT_SCHEMA')
1632  					     , p_title_prefix  IN VARCHAR2 DEFAULT NULL
1633  					     , p_show_header   IN INTEGER  DEFAULT otap_constants.OTAP_NUM_TRUE
1634  					     , p_excl_sysgen   IN INTEGER  DEFAULT otap_constants.OTAP_NUM_TRUE
1635  					     )
1636  	  RETURN otap_view_result_tbl PIPELINED
1637  	IS
1638  	  CURSOR cur_tests( cp_like    IN VARCHAR2
1639  			  , cp_schema  IN VARCHAR2
1640  			  , cp_prefix  IN VARCHAR2
1641  			  , cp_show    IN NUMBER
1642  			  , cp_excl    IN NUMBER
1643  			  )
1644  	  IS
1645  	    SELECT result_text
1646  	      FROM TABLE(otap_generate.sched_job_tests(cp_like, cp_schema, cp_prefix, cp_show, cp_excl))
1647  	  ;
1648  	BEGIN
1649  	  FOR rec IN cur_tests(p_like_job, p_schema, p_title_prefix, p_show_header, p_excl_sysgen)
1650  	  LOOP
1651  	    PIPE ROW (otap_view_result_rec(rec.result_text, NULL));
1652  	  END LOOP;
1653  	  RETURN;
1654  	EXCEPTION
1655  	  WHEN NO_DATA_NEEDED THEN
1656  	    RAISE;
1657  	END generate_scheduler_job_tests;
1658  
1659  END;
1660  /

Package body created.

SQL> -- update trigger
SQL> @@../otap_ddl/triggers/otap_translate_trg.sql
SQL> -- (C) 2024 Michael Lindenau licensed via https://www.gnu.org/licenses/agpl-3.0.txt
SQL> -- and https://toent.ch/licenses/AI_DISCLOSURE_LICENSE_V1
SQL> -- Not allowed to be used as AI training material without explicite permission.
SQL> -- OTAP_TRANSLATE trigger
SQL> CREATE OR REPLACE TRIGGER otap_translate_ins_trg
  2    BEFORE INSERT ON otap_translate
  3    FOR EACH ROW
  4  BEGIN
  5    :NEW.created	   := SYSDATE;
  6    :NEW.created_by	   := SYS_CONTEXT('USERENV', 'SESSION_USER');
  7    :NEW.created_by_os  := SYS_CONTEXT('USERENV', 'OS_USER');
  8    :NEW.language_id    := otap_string.reduce(UPPER(NVL(:NEW.language_id, otap_constants.OTAP_INTERNAL_NA)), 3);
  9  
 10    -- check if the label is defined and translatable, deny if not, ignore if not in otap_config
 11    otap_util.validate_translatable(:NEW.otap_identifier);
 12    -- check length constraints on config values
 13    otap_util.validate_translation(:NEW.otap_identifier, :NEW.label_text);
 14  END;
 15  /

Trigger created.

SQL> 
SQL> CREATE OR REPLACE TRIGGER otap_translate_upd_trg
  2    BEFORE UPDATE ON otap_translate
  3    FOR EACH ROW
  4  BEGIN
  5    :NEW.created	   := :OLD.created;
  6    :NEW.created_by	   := :OLD.created_by;
  7    :NEW.created_by_os  := :OLD.created_by_os;
  8    :NEW.updated	   := SYSDATE;
  9    :NEW.updated_by	   := SYS_CONTEXT('USERENV', 'SESSION_USER');
 10    :NEW.updated_by_os  := SYS_CONTEXT('USERENV', 'OS_USER');
 11    :NEW.language_id    := otap_string.reduce(UPPER(NVL(:NEW.language_id, otap_constants.OTAP_INTERNAL_NA)), 3);
 12    otap_util.validate_translatable(:NEW.otap_identifier);
 13    otap_util.validate_translation(:NEW.otap_identifier, :NEW.label_text);
 14  END;
 15  /

Trigger created.

SQL> -- update procedures
SQL> @@../otap_ddl/procedures/run_tests.sql
SQL> -- (C) 2024 Michael Lindenau licensed via https://www.gnu.org/licenses/agpl-3.0.txt
SQL> -- and https://toent.ch/licenses/AI_DISCLOSURE_LICENSE_V1
SQL> -- Not allowed to be used as AI training material without explicite permission.
SQL> 
SQL> -- read setup configuration as written by DBA setup, path relative to setup caller
SQL> @@../setup/otap_setup_def.sql
SQL> -- generated by DBA setup, do not edit this file manually
SQL> -- (C) 2024 Michael Lindenau licensed via https://www.gnu.org/licenses/agpl-3.0.txt and https://toent.ch/licenses/AI_DISCLOSURE_LICENSE_V1
SQL> -- Not allowed to be used as AI training material without explicite permission.
SQL> 
SQL> DEFINE OTAP_USER="OTAP"
SQL> DEFINE OTAP_TABLESPACE="OTAP_TABLESPACE"
SQL> DEFINE OTAP_ROLE="OTAP_USER"
SQL> DEFINE ROLE_CREATOR="SYS"
SQL> 
SQL> /** PROCEDURE run_tests
SQL> * Runs test procedures and package procedures identified by the defined prefix of the current otap session record in the
SQL> * schema given by the current otap session record.
SQL> *
SQL> * Recommended usage:
SQL> * - Run otap.otap_test.init_test to set your preferences
SQL> * - Store the session id
SQL> * - Run otap.run_tests with the user and schema desired
SQL> * - Run otap.otap_test.finish_test_with_exit_code
SQL> * - Access the test result with the stored session id and do actions depending on the exit code
SQL> * Do not run init or finish within the test procedures. Also not forbidden, managing different session ids could get difficult.
SQL> *
SQL> * The following rules are applied:
SQL> * - test procedures must start with the defined prefix
SQL> * - the only allowed delimiter is underscore _
SQL> * - test procedures must NOT have any parameter, not even with default values
SQL> * - only valid test procedures are considered
SQL> * - test packages are identified by matching package procedures, if include packages is configured in the otap session record
SQL> * - the executor must have the necessary rights on the objects to test
SQL> * - if name precedence is set (default), the names of the procedures must match the naming rule
SQL> *
SQL> * Naming rules for test procedures:
SQL> * - general
SQL> *	 - name starts with the defined prefix with added _ and another name part, pattern is <prefix>_<name>, e.g. TEST_MYTEST
SQL> * - name precedence is set
SQL> *	 - pattern is <prefix>_<optional sort number>_<set name>_<group name>_<test name>, e.g. TEST_001_SET_GROUP_MYTEST
SQL> *	   or <prefix>_<set name>_<group name>_<test name>, e.g. TEST_SET_GROUP_MYTEST
SQL> *	   - optional sort number: only digits 0-9 allowed to be considered as optional sort number, otherwise interpreted as test set
SQL> *
SQL> * If name parts could not be identified, the current settings from the otap session record will be used. Everything after the
SQL> * fourth underscore _ is considered as test name. The procedure will set the names identified by procedure names using otap_test.
SQL> * As this can be overwritten by test procedures, no guarantee is given, that names match the expectation. The optional sort number
SQL> * can be used for ordering the test procedures, used order is procedure name ASC
SQL> *
SQL> * @param p_like The like expression for procedures and packages to execute. The like expression is applied after the prefix,
SQL> * e.g. using defaults results to pattern TEST\_%, where TEST is the prefix and escape char is \.
SQL> *
SQL> * @exception -20099 unhandled otap exception, procedure call exceptions will result in test errors.
SQL> */
SQL> 
SQL> create or replace PROCEDURE run_tests(p_like IN VARCHAR2 DEFAULT '%')
  2  IS
  3    l_script  VARCHAR2(1024 CHAR) := 'run_tests';
  4    l_schema  VARCHAR2(128 CHAR);
  5    l_like	 VARCHAR2(256 CHAR);
  6    l_set	 VARCHAR2(256 CHAR);
  7    l_group	 VARCHAR2(256 CHAR);
  8    l_name	 VARCHAR2(256 CHAR);
  9    l_header  VARCHAR2(10 CHAR);
 10    l_footer  VARCHAR2(10 CHAR);
 11    l_block	 VARCHAR2(4000 CHAR);
 12    l_chunk	 VARCHAR2(256 CHAR);
 13    l_return  VARCHAR2(4000 CHAR);
 14    l_chunks  NUMBER;
 15    l_start	 NUMBER;
 16    l_end	 NUMBER;
 17    l_pos	 NUMBER;
 18    l_len	 NUMBER;
 19    -- build call name (package prefix if needed and include_packages)
 20    CURSOR cur_tests_to_run( cp_schema IN VARCHAR2
 21  			      , cp_like   IN VARCHAR2
 22  			      )
 23    IS
 24  	   WITH base AS
 25  	      (SELECT dbo.owner
 26  		    , dbo.object_name
 27  		    , dbo.object_type
 28  		    , dbo.status
 29  		    , NVL(dbp.procedure_name, dbp.object_name) AS procedure_name
 30  		 FROM dba_objects dbo
 31  		 LEFT OUTER JOIN dba_procedures dbp
 32  		   ON dbp.owner        = dbo.owner
 33  		  AND dbp.object_name  = dbo.object_name
 34  		  AND dbp.object_type  = dbo.object_type
 35  		  AND dbp.is_procedure = 'YES'
 36  		WHERE dbo.owner 		= cp_schema
 37  		  AND dbo.status		= 'VALID'
 38  		  AND dbo.object_type	       IN ('PROCEDURE', 'PACKAGE')
 39  	      )
 40  	 SELECT base.owner
 41  	      , base.object_name
 42  	      , base.object_type
 43  	      , base.status
 44  	      , base.procedure_name
 45  	      , REGEXP_COUNT(base.procedure_name, '[_].') AS chunks
 46  	      , CASE
 47  		  WHEN base.object_type = 'PACKAGE'
 48  		  THEN base.owner || '.' || base.object_name || '.' || base.procedure_name
 49  		  ELSE base.owner || '.' || base.procedure_name
 50  		END AS qualified_name
 51  	   FROM base
 52  		-- ensure no parameter specified
 53  	  WHERE NOT EXISTS (SELECT 1
 54  			      FROM dba_arguments ar
 55  			     WHERE ar.position	  > 0
 56  			       AND ar.owner	  = base.owner
 57  			       AND ar.object_name = base.procedure_name
 58  			   )
 59  	    AND UPPER(base.procedure_name) LIKE cp_like ESCAPE '\'
 60  	  ORDER BY base.procedure_name ASC
 61    ;
 62  BEGIN
 63    l_schema := otap_test.get_schema;
 64    l_like	:= otap_test.get_prefix || '\' || otap_constants.OTAP_INTERNAL_DELIMITER || NVL(p_like, '%');
 65    -- build header and footer for statement block
 66    l_header := 'BEGIN' || otap_constants.OTAP_INTERNAL_LF;
 67    l_footer := otap_constants.OTAP_INTERNAL_LF || 'END;';
 68    -- loop over records found
 69    FOR rec IN cur_tests_to_run(l_schema, l_like)
 70    LOOP
 71  	 -- extract names
 72  	 IF otap_test.name_precedence
 73  	 THEN
 74  	   -- get first element, add one to start after delimiter
 75  	   l_start := INSTR(rec.procedure_name, otap_constants.OTAP_INTERNAL_DELIMITER) + 1;
 76  	   l_pos   := 1;
 77  	   -- only process max. 4 chunks
 78  	   l_chunks := LEAST(4, rec.chunks);
 79  	   FOR i IN 1..l_chunks
 80  	   LOOP
 81  	     --DBMS_OUTPUT.PUT_LINE('--------Loop Start--------');
 82  	     IF i = l_chunks
 83  	     THEN
 84  	       -- end reached
 85  	       l_end := 256;
 86  	     ELSE
 87  	       l_end := INSTR(rec.procedure_name, otap_constants.OTAP_INTERNAL_DELIMITER, l_start);
 88  	       l_len := l_end - l_start;
 89  	     END IF;
 90  	     -- get current chunk
 91  	     l_chunk := NVL(SUBSTR(rec.procedure_name, l_start, l_len), 'Undefined');
 92  	     --DBMS_OUTPUT.PUT_LINE('Chunk: ' || l_chunk);
 93  	     --DBMS_OUTPUT.PUT_LINE('Start POS: ' || l_start);
 94  	     --DBMS_OUTPUT.PUT_LINE('End POS: ' || l_end);
 95  	     --DBMS_OUTPUT.PUT_LINE('Length: ' || l_len);
 96  	     --DBMS_OUTPUT.PUT_LINE('Relative POS: ' || l_pos);
 97  	     --DBMS_OUTPUT.PUT_LINE('Iteration: ' || i);
 98  	     --DBMS_OUTPUT.PUT_LINE('Max Iteration: ' || l_chunks);
 99  	     IF i = 1 AND REGEXP_INSTR(l_chunk, '[^0123456789]') = 0
100  	     THEN
101  	       -- ignore optional order number, relative position stays 1
102  	       l_start := l_end + 1;
103  	     ELSE
104  	       -- process chunk
105  	       IF l_pos = 1
106  	       THEN
107  		 --DBMS_OUTPUT.PUT_LINE('Would execute set test set: ' || l_chunk);
108  		 l_return := otap_test.set_test_set(l_chunk);
109  	       ELSIF l_pos = 2
110  	       THEN
111  		 --DBMS_OUTPUT.PUT_LINE('Would execute set test group: ' || l_chunk);
112  		 l_return := otap_test.set_test_group(l_chunk);
113  	       ELSE
114  		 --DBMS_OUTPUT.PUT_LINE('Would execute set test name: ' || l_chunk);
115  		 l_return := otap_test.set_test_name(l_chunk);
116  	       END IF;
117  	       l_pos   := l_pos + 1;
118  	       l_start := l_end + 1;
119  	     END IF;
120  	     --DBMS_OUTPUT.PUT_LINE('--------Loop End--------');
121  	   END LOOP;
122  	 END IF;
123  	 -- decide if to consider, ignore otherwise
124  	 IF (	rec.object_type = 'PROCEDURE'
125  	     OR (    rec.object_type = 'PACKAGE'
126  		 AND otap_test.include_packages
127  		)
128  	    )
129  	 THEN
130  	   l_block := l_header || rec.qualified_name || ';' || l_footer;
131  	   -- do extra block for exception handling
132  	   BEGIN
133  	     --DBMS_OUTPUT.PUT_LINE('Would execute: ' || l_block);
134  	     EXECUTE IMMEDIATE l_block;
135  	   EXCEPTION
136  	     WHEN OTHERS THEN
137  	       l_return := otap_test.test_error('Procedure ' || rec.qualified_name || ' failed', SQLERRM);
138  	   END;
139  	 END IF;
140    END LOOP;
141  EXCEPTION
142    WHEN OTHERS THEN
143  	 IF SQLCODE != -20099
144  	 THEN
145  	   otap_log.log(SQLERRM, l_script, 'Unhandled exception ' || l_script || ' call');
146  	 END IF;
147  	 RAISE;
148  END run_tests;
149  /

Procedure created.

SQL> GRANT EXECUTE ON run_tests TO &OTAP_ROLE;
old   1: GRANT EXECUTE ON run_tests TO &OTAP_ROLE
new   1: GRANT EXECUTE ON run_tests TO OTAP_USER

Grant succeeded.

SQL> -- insert new config values after supported by packages, if they do not exist yet
SQL> INSERT INTO otap_config
  2    (config_name, config_value, config_type, config_max_length, config_description)
  3    SELECT 'DEFAULT_LANGUAGE' AS config_name
  4  	    , 'N/A' AS config_value
  5  	    , 'CHAR' AS config_type
  6  	    , 3 AS config_max_length
  7  	    , 'Defines the default language to use for entries in the translation table. Will always be handled upper case internally.' AS config_description
  8  	 FROM dual
  9  	WHERE (SELECT COUNT(*) FROM otap_config WHERE config_name = 'DEFAULT_LANGUAGE') = 0
 10  ;

0 rows created.

SQL> INSERT INTO otap_config
  2    (config_name, config_value, config_type, config_max_length, translatable, config_description)
  3    SELECT 'TEXT_SUMMARY_HEADER' AS config_name
  4  	    , 'Overall	 Runtime	     Execution time	 Details' AS config_value
  5  	    , 'CHAR' AS config_type
  6  	    , 256 AS config_max_length
  7  	    , 1 AS translatable
  8  	    , 'Used in templates as summary header, depending on formatting and size of summary success and error. If the strings are longer than 7 chars the header line must be adjusted. Limited to 256, recommended shorter than 80 chars.' AS config_description
  9  	 FROM dual
 10  	WHERE (SELECT COUNT(*) FROM otap_config WHERE config_name = 'TEXT_SUMMARY_HEADER') = 0
 11  ;

0 rows created.

SQL> INSERT INTO otap_config
  2    (config_name, config_value, config_type, config_max_length, translatable, config_description)
  3    SELECT 'TEXT_TEST_SETUP_SET' AS config_name
  4  	    , 'Test setup' AS config_value
  5  	    , 'CHAR' AS config_type
  6  	    , 256 AS config_max_length
  7  	    , 1 AS translatable
  8  	    , 'Used in templates as fixed set name for the special task of testing the test setup. Limited to 256 chars, recommended shorter than 80 chars.' AS config_description
  9  	 FROM dual
 10  	WHERE (SELECT COUNT(*) FROM otap_config WHERE config_name = 'TEXT_TEST_SETUP_SET') = 0
 11  ;

0 rows created.

SQL> INSERT INTO otap_config
  2    (config_name, config_value, config_type, config_max_length, translatable, config_description)
  3    SELECT 'TEXT_TEST_SETUP_GROUP' AS config_name
  4  	    , 'Session test setup' AS config_value
  5  	    , 'CHAR' AS config_type
  6  	    , 256 AS config_max_length
  7  	    , 1 AS translatable
  8  	    , 'Used in templates as fixed group name for testing the test setup. Limited to 256 chars, recommended shorter than 80 chars.' AS config_description
  9  	 FROM dual
 10  	WHERE (SELECT COUNT(*) FROM otap_config WHERE config_name = 'TEXT_TEST_SETUP_GROUP') = 0
 11  ;

0 rows created.

SQL> INSERT INTO otap_config
  2    (config_name, config_value, config_type, config_max_length, translatable, config_description)
  3    SELECT 'TEXT_TEST_SETUP_NAME' AS config_name
  4  	    , 'Session test setup verification' AS config_value
  5  	    , 'CHAR' AS config_type
  6  	    , 256 AS config_max_length
  7  	    , 1 AS translatable
  8  	    , 'Used in templates as fixed test name for testing the test setup like counts or test_error functions. Limited to 256 chars, recommended shorter than 80 chars.' AS config_description
  9  	 FROM dual
 10  	WHERE (SELECT COUNT(*) FROM otap_config WHERE config_name = 'TEXT_TEST_SETUP_NAME') = 0
 11  ;

0 rows created.

SQL> -- delete unused config values after package update
SQL> DELETE FROM otap_config WHERE config_name IN ('TEXT_SUMMARY_SUCCESS', 'TEXT_SUMMARY_ERROR', 'TEXT_TEST_COUNT_HEADER', 'TEXT_TEST_COUNT_NAME');

0 rows deleted.

SQL> COMMIT;

Commit complete.

SQL> -- recompile invalidated objects by package recreates
SQL> EXEC DBMS_UTILITY.COMPILE_SCHEMA(SYS_CONTEXT('USERENV', 'CURRENT_SCHEMA'), FALSE);

PL/SQL procedure successfully completed.

SQL> -- ==============INSTALL end==============
SQL> @@util/log_silent.sql
SQL> -- (C) 2024 Michael Lindenau licensed via https://www.gnu.org/licenses/agpl-3.0.txt
SQL> -- and https://toent.ch/licenses/AI_DISCLOSURE_LICENSE_V1
SQL> -- Not allowed to be used as AI training material without explicite permission.
SQL> SET ECHO OFF
SUCCESS - no errors found during otap update
                     otap - Oracle Test Automation Protocol
                                  v1.0.0-beta.1
(C) 2024 Michael Lindenau licensed via https://www.gnu.org/licenses/agpl-3.0.txt
and https://toent.ch/licenses/AI_DISCLOSURE_LICENSE_V1

